week_start,city,product,brand,price_low,price_high,status
2025-07-08,Caloocan City,DIESEL,CALTEX,56.3,56.3,reported
2025-07-08,Caloocan City,DIESEL,FLYING,50.9,52.4,reported
2025-07-08,Caloocan City,DIESEL,INDEPENDENT,49.0,53.65,reported
2025-07-08,Caloocan City,DIESEL,PETRON,52.99,54.5,reported
2025-07-08,Caloocan City,DIESEL,SEAOIL,50.6,57.05,reported
2025-07-08,Caloocan City,DIESEL,SHELL,56.39,59.54,reported
2025-07-08,Caloocan City,DIESEL,UNIOIL,57.35,57.35,reported
2025-07-08,Caloocan City,DIESEL PLUS,PETRON,57.5,57.5,reported
2025-07-08,Caloocan City,DIESEL PLUS,SHELL,63.1,67.19,reported
2025-07-08,Caloocan City,KEROSENE,PETRON,70.99,72.57,reported
2025-07-08,Caloocan City,RON 91,CALTEX,57.15,57.15,reported
2025-07-08,Caloocan City,RON 91,FLYING,50.46,52.3,reported
2025-07-08,Caloocan City,RON 91,INDEPENDENT,49.0,53.9,reported
2025-07-08,Caloocan City,RON 91,PETRON,51.65,56.75,reported
2025-07-08,Caloocan City,RON 91,SEAOIL,50.45,58.8,reported
2025-07-08,Caloocan City,RON 91,SHELL,55.79,59.14,reported
2025-07-08,Caloocan City,RON 91,UNIOIL,57.88,57.88,reported
2025-07-08,Caloocan City,RON 95,CALTEX,60.35,60.35,reported
2025-07-08,Caloocan City,RON 95,FLYING,50.95,53.3,reported
2025-07-08,Caloocan City,RON 95,INDEPENDENT,49.5,55.4,reported
2025-07-08,Caloocan City,RON 95,PETRON,53.05,55.9,reported
2025-07-08,Caloocan City,RON 95,SHELL,62.4,65.15,reported
2025-07-08,Caloocan City,RON 95,UNIOIL,59.5,59.5,reported
2025-07-08,Caloocan City,RON 97,SEAOIL,51.45,60.7,reported
2025-07-08,Caloocan City,RON 97,SHELL,68.15,70.25,reported
2025-07-08,Makati City,DIESEL,CALTEX,55.7,59.59,reported
2025-07-08,Makati City,DIESEL,INDEPENDENT,54.0,54.0,reported
2025-07-08,Makati City,DIESEL,PETRON,55.2,55.65,reported
2025-07-08,Makati City,DIESEL,PHOENIX,55.2,55.2,reported
2025-07-08,Makati City,DIESEL,SHELL,57.84,58.15,reported
2025-07-08,Makati City,DIESEL,UNIOIL,54.1,55.7,reported
2025-07-08,Makati City,DIESEL PLUS,CALTEX,59.9,66.22,reported
2025-07-08,Makati City,DIESEL PLUS,PETRON,58.2,58.65,reported
2025-07-08,Makati City,DIESEL PLUS,SHELL,66.13,67.66,reported
2025-07-08,Makati City,KEROSENE,PETRON,71.86,71.86,reported
2025-07-08,Makati City,RON 100,PETRON,66.37,68.25,reported
2025-07-08,Makati City,RON 91,CALTEX,57.36,60.89,reported
2025-07-08,Makati City,RON 91,FLYING,,,no_report
2025-07-08,Makati City,RON 91,INDEPENDENT,56.1,56.1,reported
2025-07-08,Makati City,RON 91,PETRON,55.81,56.91,reported
2025-07-08,Makati City,RON 91,PHOENIX,56.9,56.9,reported
2025-07-08,Makati City,RON 91,SHELL,58.4,59.05,reported
2025-07-08,Makati City,RON 91,TOTAL,,,no_report
2025-07-08,Makati City,RON 91,UNIOIL,54.9,57.9,reported
2025-07-08,Makati City,RON 95,CALTEX,58.86,67.08,reported
2025-07-08,Makati City,RON 95,INDEPENDENT,57.1,57.1,reported
2025-07-08,Makati City,RON 95,PETRON,57.3,58.4,reported
2025-07-08,Makati City,RON 95,PHOENIX,58.4,58.4,reported
2025-07-08,Makati City,RON 95,SHELL,64.98,67.23,reported
2025-07-08,Makati City,RON 95,UNIOIL,57.4,60.4,reported
2025-07-08,Makati City,RON 97,PHOENIX,72.23,72.23,reported
2025-07-08,Makati City,RON 97,SHELL,68.08,70.49,reported
2025-07-08,Makati City,RON 97,UNIOIL,68.87,68.87,reported
2025-07-08,Manila City,DIESEL,CALTEX,56.55,57.99,reported
2025-07-08,Manila City,DIESEL,FLYING,52.03,54.65,reported
2025-07-08,Manila City,DIESEL,INDEPENDENT,51.2,52.9,reported
2025-07-08,Manila City,DIESEL,PETRON,53.8,57.25,reported
2025-07-08,Manila City,DIESEL,SEAOIL,53.1,56.34,reported
2025-07-08,Manila City,DIESEL,SHELL,57.61,58.44,reported
2025-07-08,Manila City,DIESEL,TOTAL,53.1,62.25,reported
2025-07-08,Manila City,DIESEL,UNIOIL,55.15,55.15,reported
2025-07-08,Manila City,DIESEL PLUS,INDEPENDENT,54.9,54.9,reported
2025-07-08,Manila City,DIESEL PLUS,PETRON,56.8,59.85,reported
2025-07-08,Manila City,DIESEL PLUS,SHELL,65.16,67.54,reported
2025-07-08,Manila City,DIESEL PLUS,TOTAL,55.1,55.1,reported
2025-07-08,Manila City,KEROSENE,INDEPENDENT,70.4,70.4,reported
2025-07-08,Manila City,KEROSENE,PETRON,71.76,72.0,reported
2025-07-08,Manila City,RON 100,PETRON,65.53,67.02,reported
2025-07-08,Manila City,RON 91,CALTEX,56.75,59.35,reported
2025-07-08,Manila City,RON 91,FLYING,51.6,56.0,reported
2025-07-08,Manila City,RON 91,INDEPENDENT,51.9,54.0,reported
2025-07-08,Manila City,RON 91,PETRON,53.65,58.01,reported
2025-07-08,Manila City,RON 91,SEAOIL,52.5,53.65,reported
2025-07-08,Manila City,RON 91,SHELL,56.3,59.79,reported
2025-07-08,Manila City,RON 91,TOTAL,56.5,64.85,reported
2025-07-08,Manila City,RON 91,UNIOIL,56.77,56.77,reported
2025-07-08,Manila City,RON 95,CALTEX,62.26,64.99,reported
2025-07-08,Manila City,RON 95,FLYING,54.65,57.5,reported
2025-07-08,Manila City,RON 95,INDEPENDENT,53.4,55.0,reported
2025-07-08,Manila City,RON 95,PETRON,55.2,59.51,reported
2025-07-08,Manila City,RON 95,SHELL,61.81,66.09,reported
2025-07-08,Manila City,RON 95,TOTAL,54.85,66.35,reported
2025-07-08,Manila City,RON 95,UNIOIL,60.87,60.87,reported
2025-07-08,Manila City,RON 97,SEAOIL,53.5,55.2,reported
2025-07-08,Manila City,RON 97,SHELL,65.81,72.45,reported
2025-07-08,Muntinlupa City,DIESEL,CALTEX,58.09,59.86,reported
2025-07-08,Muntinlupa City,DIESEL,FLYING,52.2,52.2,reported
2025-07-08,Muntinlupa City,DIESEL,PETRON,53.2,59.25,reported
2025-07-08,Muntinlupa City,DIESEL,PHOENIX,55.4,56.4,reported
2025-07-08,Muntinlupa City,DIESEL,SEAOIL,55.95,55.95,reported
2025-07-08,Muntinlupa City,DIESEL,SHELL,57.94,61.24,reported
2025-07-08,Muntinlupa City,DIESEL,TOTAL,59.25,59.25,reported
2025-07-08,Muntinlupa City,DIESEL,UNIOIL,57.15,58.9,reported
2025-07-08,Muntinlupa City,DIESEL PLUS,PETRON,56.2,62.25,reported
2025-07-08,Muntinlupa City,DIESEL PLUS,SHELL,65.54,66.05,reported
2025-07-08,Muntinlupa City,DIESEL PLUS,TOTAL,62.25,62.25,reported
2025-07-08,Muntinlupa City,KEROSENE,CALTEX,72.24,72.24,reported
2025-07-08,Muntinlupa City,RON 100,PETRON,65.25,65.25,reported
2025-07-08,Muntinlupa City,RON 91,CALTEX,59.2,60.81,reported
2025-07-08,Muntinlupa City,RON 91,FLYING,53.2,53.2,reported
2025-07-08,Muntinlupa City,RON 91,PETRON,54.2,58.4,reported
2025-07-08,Muntinlupa City,RON 91,PHOENIX,54.35,56.75,reported
2025-07-08,Muntinlupa City,RON 91,PTT,,,no_report
2025-07-08,Muntinlupa City,RON 91,SEAOIL,57.0,61.9,reported
2025-07-08,Muntinlupa City,RON 91,SHELL,58.99,60.94,reported
2025-07-08,Muntinlupa City,RON 91,TOTAL,58.9,58.9,reported
2025-07-08,Muntinlupa City,RON 91,UNIOIL,58.35,58.35,reported
2025-07-08,Muntinlupa City,RON 95,CALTEX,64.61,64.71,reported
2025-07-08,Muntinlupa City,RON 95,FLYING,54.85,54.85,reported
2025-07-08,Muntinlupa City,RON 95,PETRON,55.85,59.9,reported
2025-07-08,Muntinlupa City,RON 95,PHOENIX,55.25,58.1,reported
2025-07-08,Muntinlupa City,RON 95,SHELL,64.45,67.22,reported
2025-07-08,Muntinlupa City,RON 95,TOTAL,59.9,59.9,reported
2025-07-08,Muntinlupa City,RON 95,UNIOIL,59.35,61.1,reported
2025-07-08,Muntinlupa City,RON 97,SEAOIL,58.1,62.32,reported
2025-07-08,Muntinlupa City,RON 97,SHELL,68.18,70.22,reported
2025-07-08,Parañaque City,DIESEL,CALTEX,58.04,58.34,reported
2025-07-08,Parañaque City,DIESEL,FLYING,53.85,54.9,reported
2025-07-08,Parañaque City,DIESEL,INDEPENDENT,55.65,56.4,reported
2025-07-08,Parañaque City,DIESEL,PETRON,53.6,56.55,reported
2025-07-08,Parañaque City,DIESEL,SEAOIL,53.86,55.3,reported
2025-07-08,Parañaque City,DIESEL,SHELL,57.4,61.94,reported
2025-07-08,Parañaque City,DIESEL,TOTAL,59.15,64.8,reported
2025-07-08,Parañaque City,DIESEL,UNIOIL,57.15,57.45,reported
2025-07-08,Parañaque City,DIESEL PLUS,CALTEX,60.34,60.54,reported
2025-07-08,Parañaque City,DIESEL PLUS,PETRON,56.6,59.56,reported
2025-07-08,Parañaque City,DIESEL PLUS,SHELL,65.39,69.9,reported
2025-07-08,Parañaque City,DIESEL PLUS,TOTAL,67.4,67.4,reported
2025-07-08,Parañaque City,KEROSENE,INDEPENDENT,72.0,72.0,reported
2025-07-08,Parañaque City,RON 100,PETRON,64.99,66.36,reported
2025-07-08,Parañaque City,RON 91,CALTEX,58.7,58.83,reported
2025-07-08,Parañaque City,RON 91,FLYING,53.9,54.45,reported
2025-07-08,Parañaque City,RON 91,INDEPENDENT,55.15,55.75,reported
2025-07-08,Parañaque City,RON 91,PETRON,53.91,55.0,reported
2025-07-08,Parañaque City,RON 91,PTT,,,no_report
2025-07-08,Parañaque City,RON 91,SEAOIL,54.05,56.65,reported
2025-07-08,Parañaque City,RON 91,SHELL,57.85,59.95,reported
2025-07-08,Parañaque City,RON 91,TOTAL,59.5,64.25,reported
2025-07-08,Parañaque City,RON 91,UNIOIL,57.56,57.65,reported
2025-07-08,Parañaque City,RON 95,CALTEX,62.0,63.45,reported
2025-07-08,Parañaque City,RON 95,FLYING,54.4,55.25,reported
2025-07-08,Parañaque City,RON 95,INDEPENDENT,56.55,57.25,reported
2025-07-08,Parañaque City,RON 95,PETRON,55.4,56.49,reported
2025-07-08,Parañaque City,RON 95,SHELL,62.65,65.8,reported
2025-07-08,Parañaque City,RON 95,TOTAL,61.0,65.75,reported
2025-07-08,Parañaque City,RON 95,UNIOIL,59.0,59.15,reported
2025-07-08,Parañaque City,RON 97,SEAOIL,54.95,57.65,reported
2025-07-08,Parañaque City,RON 97,SHELL,66.85,69.05,reported
2025-07-08,Parañaque City,RON 97,UNIOIL,68.15,68.15,reported
2025-07-08,Pasay City,DIESEL,CALTEX,58.04,59.84,reported
2025-07-08,Pasay City,DIESEL,INDEPENDENT,50.99,55.6,reported
2025-07-08,Pasay City,DIESEL,PETRON,54.65,57.15,reported
2025-07-08,Pasay City,DIESEL,PTT,54.85,57.15,reported
2025-07-08,Pasay City,DIESEL,SHELL,57.05,58.5,reported
2025-07-08,Pasay City,DIESEL,TOTAL,58.85,59.15,reported
2025-07-08,Pasay City,DIESEL PLUS,CALTEX,60.54,60.54,reported
2025-07-08,Pasay City,DIESEL PLUS,PETRON,59.9,60.15,reported
2025-07-08,Pasay City,DIESEL PLUS,PTT,58.15,58.15,reported
2025-07-08,Pasay City,DIESEL PLUS,SHELL,64.95,67.35,reported
2025-07-08,Pasay City,DIESEL PLUS,TOTAL,62.15,63.74,reported
2025-07-08,Pasay City,KEROSENE,CALTEX,83.0,83.0,reported
2025-07-08,Pasay City,RON 100,PETRON,68.59,68.59,reported
2025-07-08,Pasay City,RON 91,CALTEX,58.83,61.14,reported
2025-07-08,Pasay City,RON 91,FLYING,,,no_report
2025-07-08,Pasay City,RON 91,INDEPENDENT,52.99,55.4,reported
2025-07-08,Pasay City,RON 91,PETRON,55.65,57.84,reported
2025-07-08,Pasay City,RON 91,PTT,55.85,57.5,reported
2025-07-08,Pasay City,RON 91,SEAOIL,,,no_report
2025-07-08,Pasay City,RON 91,SHELL,57.84,59.1,reported
2025-07-08,Pasay City,RON 91,TOTAL,58.9,59.5,reported
2025-07-08,Pasay City,RON 95,CALTEX,63.45,66.26,reported
2025-07-08,Pasay City,RON 95,INDEPENDENT,53.8,56.5,reported
2025-07-08,Pasay City,RON 95,PETRON,57.15,59.34,reported
2025-07-08,Pasay City,RON 95,PTT,57.35,59.0,reported
2025-07-08,Pasay City,RON 95,SHELL,64.33,65.81,reported
2025-07-08,Pasay City,RON 95,TOTAL,61.0,64.21,reported
2025-07-08,Pasay City,RON 97,SHELL,68.1,68.29,reported
2025-07-08,Pasig City,DIESEL,CALTEX,57.89,59.89,reported
2025-07-08,Pasig City,DIESEL,FLYING,52.28,52.95,reported
2025-07-08,Pasig City,DIESEL,INDEPENDENT,52.28,54.29,reported
2025-07-08,Pasig City,DIESEL,PETRON,53.4,58.0,reported
2025-07-08,Pasig City,DIESEL,PHOENIX,52.28,57.35,reported
2025-07-08,Pasig City,DIESEL,SEAOIL,52.95,55.45,reported
2025-07-08,Pasig City,DIESEL,SHELL,56.49,59.39,reported
2025-07-08,Pasig City,DIESEL,TOTAL,56.6,56.6,reported
2025-07-08,Pasig City,DIESEL,UNIOIL,54.4,54.5,reported
2025-07-08,Pasig City,DIESEL PLUS,PETRON,56.4,58.99,reported
2025-07-08,Pasig City,DIESEL PLUS,SHELL,65.44,67.78,reported
2025-07-08,Pasig City,KEROSENE,PETRON,72.08,72.08,reported
2025-07-08,Pasig City,RON 100,PETRON,63.48,70.72,reported
2025-07-08,Pasig City,RON 91,CALTEX,57.5,59.84,reported
2025-07-08,Pasig City,RON 91,FLYING,52.4,53.85,reported
2025-07-08,Pasig City,RON 91,INDEPENDENT,51.45,53.4,reported
2025-07-08,Pasig City,RON 91,PETRON,51.55,58.9,reported
2025-07-08,Pasig City,RON 91,PHOENIX,51.55,58.05,reported
2025-07-08,Pasig City,RON 91,SEAOIL,53.4,54.45,reported
2025-07-08,Pasig City,RON 91,SHELL,55.94,60.04,reported
2025-07-08,Pasig City,RON 91,TOTAL,56.1,56.1,reported
2025-07-08,Pasig City,RON 91,UNIOIL,52.9,53.4,reported
2025-07-08,Pasig City,RON 95,CALTEX,60.99,66.03,reported
2025-07-08,Pasig City,RON 95,FLYING,52.85,54.3,reported
2025-07-08,Pasig City,RON 95,INDEPENDENT,52.85,54.4,reported
2025-07-08,Pasig City,RON 95,PETRON,53.06,60.4,reported
2025-07-08,Pasig City,RON 95,PHOENIX,52.85,59.55,reported
2025-07-08,Pasig City,RON 95,SHELL,62.94,67.34,reported
2025-07-08,Pasig City,RON 95,UNIOIL,54.9,55.4,reported
2025-07-08,Pasig City,RON 97,SEAOIL,54.4,55.95,reported
2025-07-08,Pasig City,RON 97,SHELL,66.7,70.49,reported
2025-07-08,Pasig City,RON 97,UNIOIL,66.67,71.5,reported
2025-07-08,Quezon City,DIESEL,CALTEX,58.4,59.35,reported
2025-07-08,Quezon City,DIESEL,FLYING,50.27,54.93,reported
2025-07-08,Quezon City,DIESEL,INDEPENDENT,49.4,50.6,reported
2025-07-08,Quezon City,DIESEL,PETRON,53.2,55.79,reported
2025-07-08,Quezon City,DIESEL,PHOENIX,50.5,59.59,reported
2025-07-08,Quezon City,DIESEL,SEAOIL,51.73,54.35,reported
2025-07-08,Quezon City,DIESEL,SHELL,57.99,58.99,reported
2025-07-08,Quezon City,DIESEL,UNIOIL,55.8,56.45,reported
2025-07-08,Quezon City,DIESEL PLUS,CALTEX,60.4,60.4,reported
2025-07-08,Quezon City,DIESEL PLUS,PETRON,56.2,58.8,reported
2025-07-08,Quezon City,DIESEL PLUS,SHELL,64.17,67.44,reported
2025-07-08,Quezon City,KEROSENE,PETRON,72.19,74.51,reported
2025-07-08,Quezon City,RON 100,PETRON,62.55,65.55,reported
2025-07-08,Quezon City,RON 91,CALTEX,59.66,62.45,reported
2025-07-08,Quezon City,RON 91,FLYING,49.82,53.29,reported
2025-07-08,Quezon City,RON 91,INDEPENDENT,49.05,50.95,reported
2025-07-08,Quezon City,RON 91,PETRON,51.95,57.04,reported
2025-07-08,Quezon City,RON 91,PHOENIX,51.4,59.85,reported
2025-07-08,Quezon City,RON 91,SEAOIL,52.4,54.4,reported
2025-07-08,Quezon City,RON 91,SHELL,57.19,57.94,reported
2025-07-08,Quezon City,RON 91,UNIOIL,54.4,55.3,reported
2025-07-08,Quezon City,RON 95,CALTEX,62.94,67.55,reported
2025-07-08,Quezon City,RON 95,FLYING,50.44,54.35,reported
2025-07-08,Quezon City,RON 95,INDEPENDENT,49.94,51.95,reported
2025-07-08,Quezon City,RON 95,PETRON,53.15,55.7,reported
2025-07-08,Quezon City,RON 95,PHOENIX,52.9,63.65,reported
2025-07-08,Quezon City,RON 95,SHELL,62.19,67.19,reported
2025-07-08,Quezon City,RON 95,UNIOIL,56.4,57.35,reported
2025-07-08,Quezon City,RON 97,INDEPENDENT,52.95,52.95,reported
2025-07-08,Quezon City,RON 97,SEAOIL,53.55,55.4,reported
2025-07-08,Quezon City,RON 97,SHELL,66.23,71.86,reported
2025-07-08,Quezon City,RON 97,UNIOIL,69.1,69.1,reported
2025-07-08,Taguig Cty,DIESEL,CALTEX,51.6,59.94,reported
2025-07-08,Taguig Cty,DIESEL,FLYING,51.6,53.2,reported
2025-07-08,Taguig Cty,DIESEL,INDEPENDENT,53.2,57.89,reported
2025-07-08,Taguig Cty,DIESEL,PETRON,57.0,57.4,reported
2025-07-08,Taguig Cty,DIESEL,SEAOIL,53.2,53.2,reported
2025-07-08,Taguig Cty,DIESEL,SHELL,58.04,59.94,reported
2025-07-08,Taguig Cty,DIESEL PLUS,CALTEX,67.6,67.6,reported
2025-07-08,Taguig Cty,DIESEL PLUS,PETRON,60.0,60.41,reported
2025-07-08,Taguig Cty,DIESEL PLUS,SHELL,65.53,67.6,reported
2025-07-08,Taguig Cty,KEROSENE,CALTEX,78.7,86.59,reported
2025-07-08,Taguig Cty,RON 100,PETRON,69.76,70.43,reported
2025-07-08,Taguig Cty,RON 91,CALTEX,52.9,62.1,reported
2025-07-08,Taguig Cty,RON 91,FLYING,52.4,55.9,reported
2025-07-08,Taguig Cty,RON 91,INDEPENDENT,55.9,58.19,reported
2025-07-08,Taguig Cty,RON 91,PETRON,57.45,58.6,reported
2025-07-08,Taguig Cty,RON 91,PHOENIX,,,no_report
2025-07-08,Taguig Cty,RON 91,SEAOIL,55.9,55.9,reported
2025-07-08,Taguig Cty,RON 91,SHELL,58.29,62.2,reported
2025-07-08,Taguig Cty,RON 91,TOTAL,,,no_report
2025-07-08,Taguig Cty,RON 91,UNIOIL,,,no_report
2025-07-08,Taguig Cty,RON 95,CALTEX,54.3,65.92,reported
2025-07-08,Taguig Cty,RON 95,FLYING,53.8,57.0,reported
2025-07-08,Taguig Cty,RON 95,INDEPENDENT,57.0,58.94,reported
2025-07-08,Taguig Cty,RON 95,PETRON,58.96,60.1,reported
2025-07-08,Taguig Cty,RON 95,SHELL,64.48,67.55,reported
2025-07-08,Taguig Cty,RON 97,SEAOIL,56.8,56.8,reported
2025-07-08,Taguig Cty,RON 97,SHELL,67.48,71.7,reported
2025-07-15,Caloocan City,DIESEL,CALTEX,57.21,57.21,reported
2025-07-15,Caloocan City,DIESEL,FLYING,51.83,53.39,reported
2025-07-15,Caloocan City,DIESEL,INDEPENDENT,49.0,55.05,reported
2025-07-15,Caloocan City,DIESEL,PETRON,54.39,55.9,reported
2025-07-15,Caloocan City,DIESEL,SEAOIL,52.0,55.4,reported
2025-07-15,Caloocan City,DIESEL,SHELL,55.84,57.79,reported
2025-07-15,Caloocan City,DIESEL,UNIOIL,55.84,55.84,reported
2025-07-15,Caloocan City,DIESEL PLUS,PETRON,58.9,58.9,reported
2025-07-15,Caloocan City,DIESEL PLUS,SHELL,64.5,68.28,reported
2025-07-15,Caloocan City,KEROSENE,PETRON,71.79,73.37,reported
2025-07-15,Caloocan City,RON 91,CALTEX,57.27,57.27,reported
2025-07-15,Caloocan City,RON 91,FLYING,51.05,51.85,reported
2025-07-15,Caloocan City,RON 91,INDEPENDENT,49.0,54.6,reported
2025-07-15,Caloocan City,RON 91,PETRON,52.35,55.95,reported
2025-07-15,Caloocan City,RON 91,SEAOIL,51.15,55.95,reported
2025-07-15,Caloocan City,RON 91,SHELL,54.79,56.49,reported
2025-07-15,Caloocan City,RON 91,UNIOIL,56.38,56.38,reported
2025-07-15,Caloocan City,RON 95,CALTEX,60.95,60.95,reported
2025-07-15,Caloocan City,RON 95,FLYING,51.45,53.14,reported
2025-07-15,Caloocan City,RON 95,INDEPENDENT,49.5,55.5,reported
2025-07-15,Caloocan City,RON 95,PETRON,53.75,57.45,reported
2025-07-15,Caloocan City,RON 95,SHELL,63.1,65.85,reported
2025-07-15,Caloocan City,RON 95,UNIOIL,59.5,59.5,reported
2025-07-15,Caloocan City,RON 97,SEAOIL,52.15,57.45,reported
2025-07-15,Caloocan City,RON 97,SHELL,68.64,68.85,reported
2025-07-15,Makati City,DIESEL,CALTEX,57.05,59.04,reported
2025-07-15,Makati City,DIESEL,INDEPENDENT,54.0,54.0,reported
2025-07-15,Makati City,DIESEL,PETRON,54.5,56.75,reported
2025-07-15,Makati City,DIESEL,PHOENIX,56.6,56.6,reported
2025-07-15,Makati City,DIESEL,SHELL,57.19,59.55,reported
2025-07-15,Makati City,DIESEL,UNIOIL,55.5,57.1,reported
2025-07-15,Makati City,DIESEL PLUS,CALTEX,60.6,65.58,reported
2025-07-15,Makati City,DIESEL PLUS,PETRON,57.5,59.75,reported
2025-07-15,Makati City,DIESEL PLUS,SHELL,67.53,68.44,reported
2025-07-15,Makati City,KEROSENE,PETRON,72.66,72.66,reported
2025-07-15,Makati City,RON 100,PETRON,65.68,68.95,reported
2025-07-15,Makati City,RON 91,CALTEX,57.55,59.65,reported
2025-07-15,Makati City,RON 91,FLYING,,,no_report
2025-07-15,Makati City,RON 91,INDEPENDENT,56.1,56.1,reported
2025-07-15,Makati City,RON 91,PETRON,54.09,57.61,reported
2025-07-15,Makati City,RON 91,PHOENIX,57.6,57.6,reported
2025-07-15,Makati City,RON 91,SHELL,57.6,59.75,reported
2025-07-15,Makati City,RON 91,TOTAL,,,no_report
2025-07-15,Makati City,RON 91,UNIOIL,55.6,58.6,reported
2025-07-15,Makati City,RON 95,CALTEX,59.05,67.83,reported
2025-07-15,Makati City,RON 95,INDEPENDENT,57.1,57.1,reported
2025-07-15,Makati City,RON 95,PETRON,55.6,59.1,reported
2025-07-15,Makati City,RON 95,PHOENIX,59.1,59.1,reported
2025-07-15,Makati City,RON 95,SHELL,65.68,67.84,reported
2025-07-15,Makati City,RON 95,UNIOIL,58.1,61.1,reported
2025-07-15,Makati City,RON 97,PHOENIX,69.28,69.28,reported
2025-07-15,Makati City,RON 97,SHELL,68.68,70.84,reported
2025-07-15,Makati City,RON 97,UNIOIL,69.57,72.0,reported
2025-07-15,Manila City,DIESEL,CALTEX,57.75,58.81,reported
2025-07-15,Manila City,DIESEL,FLYING,53.22,53.6,reported
2025-07-15,Manila City,DIESEL,INDEPENDENT,52.4,53.12,reported
2025-07-15,Manila City,DIESEL,PETRON,55.0,57.65,reported
2025-07-15,Manila City,DIESEL,SEAOIL,53.6,57.74,reported
2025-07-15,Manila City,DIESEL,SHELL,59.0,59.84,reported
2025-07-15,Manila City,DIESEL,TOTAL,54.0,63.65,reported
2025-07-15,Manila City,DIESEL,UNIOIL,55.25,55.25,reported
2025-07-15,Manila City,DIESEL PLUS,INDEPENDENT,54.9,54.9,reported
2025-07-15,Manila City,DIESEL PLUS,PETRON,58.0,60.65,reported
2025-07-15,Manila City,DIESEL PLUS,SHELL,66.56,68.88,reported
2025-07-15,Manila City,DIESEL PLUS,TOTAL,56.0,56.0,reported
2025-07-15,Manila City,KEROSENE,INDEPENDENT,70.4,70.4,reported
2025-07-15,Manila City,KEROSENE,PETRON,72.56,72.8,reported
2025-07-15,Manila City,RON 100,PETRON,66.23,67.72,reported
2025-07-15,Manila City,RON 91,CALTEX,57.35,58.25,reported
2025-07-15,Manila City,RON 91,FLYING,52.4,53.41,reported
2025-07-15,Manila City,RON 91,INDEPENDENT,52.5,54.0,reported
2025-07-15,Manila City,RON 91,PETRON,54.2,56.15,reported
2025-07-15,Manila City,RON 91,SEAOIL,53.0,54.35,reported
2025-07-15,Manila City,RON 91,SHELL,57.0,60.49,reported
2025-07-15,Manila City,RON 91,TOTAL,52.8,65.55,reported
2025-07-15,Manila City,RON 91,UNIOIL,57.47,57.47,reported
2025-07-15,Manila City,RON 95,CALTEX,61.8,62.61,reported
2025-07-15,Manila City,RON 95,FLYING,54.0,54.2,reported
2025-07-15,Manila City,RON 95,INDEPENDENT,53.5,55.0,reported
2025-07-15,Manila City,RON 95,PETRON,55.7,57.65,reported
2025-07-15,Manila City,RON 95,SHELL,62.51,66.79,reported
2025-07-15,Manila City,RON 95,TOTAL,54.15,66.75,reported
2025-07-15,Manila City,RON 95,UNIOIL,61.57,61.57,reported
2025-07-15,Manila City,RON 97,SEAOIL,54.2,55.9,reported
2025-07-15,Manila City,RON 97,SHELL,66.0,73.15,reported
2025-07-15,Muntinlupa City,DIESEL,CALTEX,58.33,59.04,reported
2025-07-15,Muntinlupa City,DIESEL,FLYING,53.5,53.5,reported
2025-07-15,Muntinlupa City,DIESEL,PETRON,54.6,60.65,reported
2025-07-15,Muntinlupa City,DIESEL,PHOENIX,54.25,56.8,reported
2025-07-15,Muntinlupa City,DIESEL,SEAOIL,57.35,57.35,reported
2025-07-15,Muntinlupa City,DIESEL,SHELL,59.06,62.36,reported
2025-07-15,Muntinlupa City,DIESEL,TOTAL,60.65,60.65,reported
2025-07-15,Muntinlupa City,DIESEL,UNIOIL,58.55,60.3,reported
2025-07-15,Muntinlupa City,DIESEL PLUS,PETRON,57.6,63.65,reported
2025-07-15,Muntinlupa City,DIESEL PLUS,SHELL,66.94,70.36,reported
2025-07-15,Muntinlupa City,DIESEL PLUS,TOTAL,63.65,63.65,reported
2025-07-15,Muntinlupa City,KEROSENE,CALTEX,72.94,72.94,reported
2025-07-15,Muntinlupa City,RON 100,PETRON,65.95,65.95,reported
2025-07-15,Muntinlupa City,RON 91,CALTEX,59.15,59.51,reported
2025-07-15,Muntinlupa City,RON 91,FLYING,54.2,54.2,reported
2025-07-15,Muntinlupa City,RON 91,PETRON,54.9,59.1,reported
2025-07-15,Muntinlupa City,RON 91,PHOENIX,53.6,57.45,reported
2025-07-15,Muntinlupa City,RON 91,PTT,,,no_report
2025-07-15,Muntinlupa City,RON 91,SEAOIL,57.7,62.2,reported
2025-07-15,Muntinlupa City,RON 91,SHELL,59.69,61.64,reported
2025-07-15,Muntinlupa City,RON 91,TOTAL,59.6,59.6,reported
2025-07-15,Muntinlupa City,RON 91,UNIOIL,59.05,59.05,reported
2025-07-15,Muntinlupa City,RON 95,CALTEX,63.16,65.41,reported
2025-07-15,Muntinlupa City,RON 95,FLYING,55.95,55.95,reported
2025-07-15,Muntinlupa City,RON 95,PETRON,56.55,60.6,reported
2025-07-15,Muntinlupa City,RON 95,PHOENIX,54.1,58.8,reported
2025-07-15,Muntinlupa City,RON 95,SHELL,65.15,67.92,reported
2025-07-15,Muntinlupa City,RON 95,TOTAL,60.6,60.6,reported
2025-07-15,Muntinlupa City,RON 95,UNIOIL,60.05,61.8,reported
2025-07-15,Muntinlupa City,RON 97,SEAOIL,58.8,63.02,reported
2025-07-15,Muntinlupa City,RON 97,SHELL,68.88,70.92,reported
2025-07-15,Parañaque City,DIESEL,CALTEX,59.64,59.89,reported
2025-07-15,Parañaque City,DIESEL,FLYING,54.3,55.25,reported
2025-07-15,Parañaque City,DIESEL,INDEPENDENT,55.05,55.25,reported
2025-07-15,Parañaque City,DIESEL,PETRON,55.0,57.95,reported
2025-07-15,Parañaque City,DIESEL,SEAOIL,54.75,55.1,reported
2025-07-15,Parañaque City,DIESEL,SHELL,58.8,60.2,reported
2025-07-15,Parañaque City,DIESEL,TOTAL,57.55,64.8,reported
2025-07-15,Parañaque City,DIESEL,UNIOIL,54.75,58.55,reported
2025-07-15,Parañaque City,DIESEL PLUS,CALTEX,61.64,61.89,reported
2025-07-15,Parañaque City,DIESEL PLUS,PETRON,58.0,60.96,reported
2025-07-15,Parañaque City,DIESEL PLUS,SHELL,66.79,69.75,reported
2025-07-15,Parañaque City,DIESEL PLUS,TOTAL,67.4,67.4,reported
2025-07-15,Parañaque City,KEROSENE,INDEPENDENT,72.8,72.8,reported
2025-07-15,Parañaque City,RON 100,PETRON,65.69,67.06,reported
2025-07-15,Parañaque City,RON 91,CALTEX,59.45,59.5,reported
2025-07-15,Parañaque City,RON 91,FLYING,54.6,55.0,reported
2025-07-15,Parañaque City,RON 91,INDEPENDENT,54.4,54.45,reported
2025-07-15,Parañaque City,RON 91,PETRON,54.61,55.7,reported
2025-07-15,Parañaque City,RON 91,PTT,,,no_report
2025-07-15,Parañaque City,RON 91,SEAOIL,53.9,54.7,reported
2025-07-15,Parañaque City,RON 91,SHELL,58.24,60.3,reported
2025-07-15,Parañaque City,RON 91,TOTAL,57.2,64.25,reported
2025-07-15,Parañaque City,RON 91,UNIOIL,55.7,58.2,reported
2025-07-15,Parañaque City,RON 95,CALTEX,62.75,62.8,reported
2025-07-15,Parañaque City,RON 95,FLYING,55.1,56.0,reported
2025-07-15,Parañaque City,RON 95,INDEPENDENT,55.4,55.95,reported
2025-07-15,Parañaque City,RON 95,PETRON,56.1,57.19,reported
2025-07-15,Parañaque City,RON 95,SHELL,63.35,66.5,reported
2025-07-15,Parañaque City,RON 95,TOTAL,58.7,65.75,reported
2025-07-15,Parañaque City,RON 95,UNIOIL,57.3,59.7,reported
2025-07-15,Parañaque City,RON 97,SEAOIL,54.4,56.0,reported
2025-07-15,Parañaque City,RON 97,SHELL,67.55,69.65,reported
2025-07-15,Parañaque City,RON 97,UNIOIL,68.85,68.85,reported
2025-07-15,Pasay City,DIESEL,CALTEX,59.49,59.64,reported
2025-07-15,Pasay City,DIESEL,INDEPENDENT,51.99,53.2,reported
2025-07-15,Pasay City,DIESEL,PETRON,54.0,58.55,reported
2025-07-15,Pasay City,DIESEL,PTT,58.05,58.55,reported
2025-07-15,Pasay City,DIESEL,SHELL,58.04,59.9,reported
2025-07-15,Pasay City,DIESEL,TOTAL,56.09,60.55,reported
2025-07-15,Pasay City,DIESEL PLUS,CALTEX,62.14,62.14,reported
2025-07-15,Pasay City,DIESEL PLUS,PETRON,61.3,61.55,reported
2025-07-15,Pasay City,DIESEL PLUS,PTT,59.55,59.55,reported
2025-07-15,Pasay City,DIESEL PLUS,SHELL,66.35,68.75,reported
2025-07-15,Pasay City,DIESEL PLUS,TOTAL,63.55,64.09,reported
2025-07-15,Pasay City,KEROSENE,CALTEX,83.0,83.0,reported
2025-07-15,Pasay City,RON 100,PETRON,69.29,69.29,reported
2025-07-15,Pasay City,RON 91,CALTEX,59.49,59.58,reported
2025-07-15,Pasay City,RON 91,FLYING,,,no_report
2025-07-15,Pasay City,RON 91,INDEPENDENT,51.6,54.1,reported
2025-07-15,Pasay City,RON 91,PETRON,53.2,58.54,reported
2025-07-15,Pasay City,RON 91,PTT,56.55,58.2,reported
2025-07-15,Pasay City,RON 91,SEAOIL,,,no_report
2025-07-15,Pasay City,RON 91,SHELL,58.34,59.8,reported
2025-07-15,Pasay City,RON 91,TOTAL,58.64,60.2,reported
2025-07-15,Pasay City,RON 95,CALTEX,64.2,66.01,reported
2025-07-15,Pasay City,RON 95,INDEPENDENT,52.16,54.8,reported
2025-07-15,Pasay City,RON 95,PETRON,54.7,60.04,reported
2025-07-15,Pasay City,RON 95,PTT,56.25,59.7,reported
2025-07-15,Pasay City,RON 95,SHELL,65.03,66.51,reported
2025-07-15,Pasay City,RON 95,TOTAL,61.7,64.26,reported
2025-07-15,Pasay City,RON 97,SHELL,68.03,68.8,reported
2025-07-15,Pasig City,DIESEL,CALTEX,58.34,60.69,reported
2025-07-15,Pasig City,DIESEL,FLYING,53.68,54.35,reported
2025-07-15,Pasig City,DIESEL,INDEPENDENT,52.95,54.29,reported
2025-07-15,Pasig City,DIESEL,PETRON,54.8,59.4,reported
2025-07-15,Pasig City,DIESEL,PHOENIX,53.68,58.75,reported
2025-07-15,Pasig City,DIESEL,SEAOIL,53.52,54.85,reported
2025-07-15,Pasig City,DIESEL,SHELL,57.89,60.79,reported
2025-07-15,Pasig City,DIESEL,TOTAL,58.0,58.0,reported
2025-07-15,Pasig City,DIESEL,UNIOIL,55.8,55.9,reported
2025-07-15,Pasig City,DIESEL PLUS,PETRON,57.8,60.39,reported
2025-07-15,Pasig City,DIESEL PLUS,SHELL,66.84,69.18,reported
2025-07-15,Pasig City,KEROSENE,PETRON,72.88,72.88,reported
2025-07-15,Pasig City,RON 100,PETRON,64.18,71.42,reported
2025-07-15,Pasig City,RON 91,CALTEX,57.4,60.34,reported
2025-07-15,Pasig City,RON 91,FLYING,53.1,53.8,reported
2025-07-15,Pasig City,RON 91,INDEPENDENT,52.15,53.4,reported
2025-07-15,Pasig City,RON 91,PETRON,52.25,59.6,reported
2025-07-15,Pasig City,RON 91,PHOENIX,52.25,58.75,reported
2025-07-15,Pasig City,RON 91,SEAOIL,52.6,53.6,reported
2025-07-15,Pasig City,RON 91,SHELL,56.64,60.74,reported
2025-07-15,Pasig City,RON 91,TOTAL,56.8,56.8,reported
2025-07-15,Pasig City,RON 91,UNIOIL,53.6,54.1,reported
2025-07-15,Pasig City,RON 95,CALTEX,61.49,66.53,reported
2025-07-15,Pasig City,RON 95,FLYING,53.25,55.3,reported
2025-07-15,Pasig City,RON 95,INDEPENDENT,53.2,54.4,reported
2025-07-15,Pasig City,RON 95,PETRON,53.76,61.1,reported
2025-07-15,Pasig City,RON 95,PHOENIX,52.85,60.25,reported
2025-07-15,Pasig City,RON 95,SHELL,63.64,68.04,reported
2025-07-15,Pasig City,RON 95,UNIOIL,55.6,56.1,reported
2025-07-15,Pasig City,RON 97,SEAOIL,54.6,56.1,reported
2025-07-15,Pasig City,RON 97,SHELL,67.4,71.19,reported
2025-07-15,Pasig City,RON 97,UNIOIL,67.37,72.2,reported
2025-07-15,Quezon City,DIESEL,CALTEX,59.8,60.75,reported
2025-07-15,Quezon City,DIESEL,FLYING,51.2,56.33,reported
2025-07-15,Quezon City,DIESEL,INDEPENDENT,49.4,52.0,reported
2025-07-15,Quezon City,DIESEL,PETRON,54.6,57.19,reported
2025-07-15,Quezon City,DIESEL,PHOENIX,51.9,60.04,reported
2025-07-15,Quezon City,DIESEL,SEAOIL,53.13,54.9,reported
2025-07-15,Quezon City,DIESEL,SHELL,58.09,59.45,reported
2025-07-15,Quezon City,DIESEL,UNIOIL,55.2,55.6,reported
2025-07-15,Quezon City,DIESEL PLUS,CALTEX,61.8,61.8,reported
2025-07-15,Quezon City,DIESEL PLUS,PETRON,57.6,60.2,reported
2025-07-15,Quezon City,DIESEL PLUS,SHELL,65.57,67.44,reported
2025-07-15,Quezon City,KEROSENE,PETRON,72.99,74.41,reported
2025-07-15,Quezon City,RON 100,PETRON,63.24,65.55,reported
2025-07-15,Quezon City,RON 91,CALTEX,60.36,63.15,reported
2025-07-15,Quezon City,RON 91,FLYING,49.75,54.0,reported
2025-07-15,Quezon City,RON 91,INDEPENDENT,49.65,51.65,reported
2025-07-15,Quezon City,RON 91,PETRON,52.64,54.9,reported
2025-07-15,Quezon City,RON 91,PHOENIX,52.1,60.55,reported
2025-07-15,Quezon City,RON 91,SEAOIL,53.1,55.1,reported
2025-07-15,Quezon City,RON 91,SHELL,56.48,58.05,reported
2025-07-15,Quezon City,RON 91,UNIOIL,53.1,55.65,reported
2025-07-15,Quezon City,RON 95,CALTEX,63.64,68.25,reported
2025-07-15,Quezon City,RON 95,FLYING,50.64,55.05,reported
2025-07-15,Quezon City,RON 95,INDEPENDENT,50.64,52.65,reported
2025-07-15,Quezon City,RON 95,PETRON,53.84,56.4,reported
2025-07-15,Quezon City,RON 95,PHOENIX,53.6,63.85,reported
2025-07-15,Quezon City,RON 95,SHELL,62.67,67.13,reported
2025-07-15,Quezon City,RON 95,UNIOIL,54.45,57.65,reported
2025-07-15,Quezon City,RON 97,INDEPENDENT,53.65,53.65,reported
2025-07-15,Quezon City,RON 97,SEAOIL,54.54,56.1,reported
2025-07-15,Quezon City,RON 97,SHELL,65.68,70.46,reported
2025-07-15,Quezon City,RON 97,UNIOIL,69.8,69.8,reported
2025-07-15,Taguig Cty,DIESEL,CALTEX,54.5,60.11,reported
2025-07-15,Taguig Cty,DIESEL,FLYING,53.0,54.6,reported
2025-07-15,Taguig Cty,DIESEL,INDEPENDENT,54.6,59.29,reported
2025-07-15,Taguig Cty,DIESEL,PETRON,55.0,58.65,reported
2025-07-15,Taguig Cty,DIESEL,SEAOIL,54.6,54.6,reported
2025-07-15,Taguig Cty,DIESEL,SHELL,57.5,60.64,reported
2025-07-15,Taguig Cty,DIESEL PLUS,CALTEX,69.0,69.0,reported
2025-07-15,Taguig Cty,DIESEL PLUS,PETRON,58.0,61.4,reported
2025-07-15,Taguig Cty,DIESEL PLUS,SHELL,66.93,69.0,reported
2025-07-15,Taguig Cty,KEROSENE,CALTEX,79.5,86.59,reported
2025-07-15,Taguig Cty,RON 100,PETRON,70.46,71.13,reported
2025-07-15,Taguig Cty,RON 91,CALTEX,53.0,61.84,reported
2025-07-15,Taguig Cty,RON 91,FLYING,53.1,56.6,reported
2025-07-15,Taguig Cty,RON 91,INDEPENDENT,56.6,58.89,reported
2025-07-15,Taguig Cty,RON 91,PETRON,54.1,59.3,reported
2025-07-15,Taguig Cty,RON 91,PHOENIX,,,no_report
2025-07-15,Taguig Cty,RON 91,SEAOIL,55.25,55.25,reported
2025-07-15,Taguig Cty,RON 91,SHELL,57.1,62.9,reported
2025-07-15,Taguig Cty,RON 91,TOTAL,,,no_report
2025-07-15,Taguig Cty,RON 91,UNIOIL,,,no_report
2025-07-15,Taguig Cty,RON 95,CALTEX,53.1,66.62,reported
2025-07-15,Taguig Cty,RON 95,FLYING,54.5,57.7,reported
2025-07-15,Taguig Cty,RON 95,INDEPENDENT,57.7,59.64,reported
2025-07-15,Taguig Cty,RON 95,PETRON,55.6,60.8,reported
2025-07-15,Taguig Cty,RON 95,SHELL,65.18,68.25,reported
2025-07-15,Taguig Cty,RON 97,SEAOIL,56.75,56.75,reported
2025-07-15,Taguig Cty,RON 97,SHELL,68.18,71.9,reported
2025-07-22,Caloocan City,DIESEL,CALTEX,58.54,58.54,reported
2025-07-22,Caloocan City,DIESEL,FLYING,52.43,53.1,reported
2025-07-22,Caloocan City,DIESEL,INDEPENDENT,49.0,56.19,reported
2025-07-22,Caloocan City,DIESEL,PETRON,54.8,57.0,reported
2025-07-22,Caloocan City,DIESEL,SEAOIL,53.1,56.95,reported
2025-07-22,Caloocan City,DIESEL,SHELL,56.54,57.65,reported
2025-07-22,Caloocan City,DIESEL,UNIOIL,55.84,55.84,reported
2025-07-22,Caloocan City,DIESEL PLUS,PETRON,60.0,60.0,reported
2025-07-22,Caloocan City,DIESEL PLUS,SHELL,65.5,69.28,reported
2025-07-22,Caloocan City,KEROSENE,PETRON,72.49,74.07,reported
2025-07-22,Caloocan City,RON 91,CALTEX,56.78,56.78,reported
2025-07-22,Caloocan City,RON 91,FLYING,50.15,52.4,reported
2025-07-22,Caloocan City,RON 91,INDEPENDENT,49.0,55.0,reported
2025-07-22,Caloocan City,RON 91,PETRON,52.75,56.35,reported
2025-07-22,Caloocan City,RON 91,SEAOIL,52.05,56.35,reported
2025-07-22,Caloocan City,RON 91,SHELL,55.19,56.89,reported
2025-07-22,Caloocan City,RON 91,UNIOIL,56.38,56.38,reported
2025-07-22,Caloocan City,RON 95,CALTEX,61.98,61.98,reported
2025-07-22,Caloocan City,RON 95,FLYING,50.5,53.4,reported
2025-07-22,Caloocan City,RON 95,INDEPENDENT,49.5,56.0,reported
2025-07-22,Caloocan City,RON 95,PETRON,54.15,57.85,reported
2025-07-22,Caloocan City,RON 95,SHELL,63.5,66.15,reported
2025-07-22,Caloocan City,RON 97,SEAOIL,53.05,57.85,reported
2025-07-22,Caloocan City,RON 97,SHELL,69.04,69.15,reported
2025-07-22,Makati City,DIESEL,CALTEX,57.5,59.58,reported
2025-07-22,Makati City,DIESEL,INDEPENDENT,54.0,54.0,reported
2025-07-22,Makati City,DIESEL,PETRON,55.25,55.6,reported
2025-07-22,Makati City,DIESEL,PHOENIX,56.45,56.45,reported
2025-07-22,Makati City,DIESEL,SHELL,58.09,60.06,reported
2025-07-22,Makati City,DIESEL,UNIOIL,56.6,56.95,reported
2025-07-22,Makati City,DIESEL PLUS,CALTEX,60.5,66.68,reported
2025-07-22,Makati City,DIESEL PLUS,PETRON,58.25,58.6,reported
2025-07-22,Makati City,DIESEL PLUS,SHELL,67.8,69.53,reported
2025-07-22,Makati City,KEROSENE,PETRON,73.36,73.36,reported
2025-07-22,Makati City,RON 100,PETRON,66.03,66.43,reported
2025-07-22,Makati City,RON 91,CALTEX,55.65,59.67,reported
2025-07-22,Makati City,RON 91,FLYING,,,no_report
2025-07-22,Makati City,RON 91,INDEPENDENT,56.1,56.1,reported
2025-07-22,Makati City,RON 91,PETRON,54.49,55.6,reported
2025-07-22,Makati City,RON 91,PHOENIX,55.5,55.5,reported
2025-07-22,Makati City,RON 91,SHELL,56.99,60.15,reported
2025-07-22,Makati City,RON 91,TOTAL,,,no_report
2025-07-22,Makati City,RON 91,UNIOIL,56.0,56.5,reported
2025-07-22,Makati City,RON 95,CALTEX,57.16,67.75,reported
2025-07-22,Makati City,RON 95,INDEPENDENT,57.1,57.1,reported
2025-07-22,Makati City,RON 95,PETRON,56.0,57.09,reported
2025-07-22,Makati City,RON 95,PHOENIX,57.0,57.0,reported
2025-07-22,Makati City,RON 95,SHELL,65.3,68.24,reported
2025-07-22,Makati City,RON 95,UNIOIL,58.5,59.0,reported
2025-07-22,Makati City,RON 97,PHOENIX,69.68,69.68,reported
2025-07-22,Makati City,RON 97,SHELL,69.08,71.24,reported
2025-07-22,Makati City,RON 97,UNIOIL,69.97,72.4,reported
2025-07-22,Manila City,DIESEL,CALTEX,59.25,59.99,reported
2025-07-22,Manila City,DIESEL,FLYING,52.82,54.5,reported
2025-07-22,Manila City,DIESEL,INDEPENDENT,52.7,54.3,reported
2025-07-22,Manila City,DIESEL,PETRON,56.1,57.1,reported
2025-07-22,Manila City,DIESEL,SEAOIL,53.1,57.1,reported
2025-07-22,Manila City,DIESEL,SHELL,58.29,60.9,reported
2025-07-22,Manila City,DIESEL,TOTAL,55.4,64.75,reported
2025-07-22,Manila City,DIESEL,UNIOIL,56.35,56.35,reported
2025-07-22,Manila City,DIESEL PLUS,INDEPENDENT,56.3,56.3,reported
2025-07-22,Manila City,DIESEL PLUS,PETRON,59.0,60.1,reported
2025-07-22,Manila City,DIESEL PLUS,SHELL,67.66,69.98,reported
2025-07-22,Manila City,DIESEL PLUS,TOTAL,67.4,67.4,reported
2025-07-22,Manila City,KEROSENE,INDEPENDENT,71.2,71.2,reported
2025-07-22,Manila City,KEROSENE,PETRON,73.26,73.52,reported
2025-07-22,Manila City,RON 100,PETRON,65.09,68.12,reported
2025-07-22,Manila City,RON 91,CALTEX,57.4,57.99,reported
2025-07-22,Manila City,RON 91,FLYING,52.0,52.8,reported
2025-07-22,Manila City,RON 91,INDEPENDENT,52.6,54.7,reported
2025-07-22,Manila City,RON 91,PETRON,54.2,56.55,reported
2025-07-22,Manila City,RON 91,SEAOIL,52.3,54.75,reported
2025-07-22,Manila City,RON 91,SHELL,57.4,59.59,reported
2025-07-22,Manila City,RON 91,TOTAL,53.5,65.95,reported
2025-07-22,Manila City,RON 91,UNIOIL,57.97,57.97,reported
2025-07-22,Manila City,RON 95,CALTEX,61.3,61.6,reported
2025-07-22,Manila City,RON 95,FLYING,53.2,54.6,reported
2025-07-22,Manila City,RON 95,INDEPENDENT,53.9,55.7,reported
2025-07-22,Manila City,RON 95,PETRON,55.7,58.05,reported
2025-07-22,Manila City,RON 95,SHELL,62.91,67.19,reported
2025-07-22,Manila City,RON 95,TOTAL,54.85,57.15,reported
2025-07-22,Manila City,RON 95,UNIOIL,61.97,61.97,reported
2025-07-22,Manila City,RON 97,SEAOIL,53.69,56.3,reported
2025-07-22,Manila City,RON 97,SHELL,66.4,73.55,reported
2025-07-22,Muntinlupa City,DIESEL,CALTEX,58.73,59.73,reported
2025-07-22,Muntinlupa City,DIESEL,FLYING,54.6,54.6,reported
2025-07-22,Muntinlupa City,DIESEL,PETRON,55.7,61.75,reported
2025-07-22,Muntinlupa City,DIESEL,PHOENIX,54.25,57.9,reported
2025-07-22,Muntinlupa City,DIESEL,SEAOIL,56.78,58.45,reported
2025-07-22,Muntinlupa City,DIESEL,SHELL,57.69,63.46,reported
2025-07-22,Muntinlupa City,DIESEL,TOTAL,61.75,61.75,reported
2025-07-22,Muntinlupa City,DIESEL,UNIOIL,57.8,61.4,reported
2025-07-22,Muntinlupa City,DIESEL PLUS,PETRON,58.7,64.75,reported
2025-07-22,Muntinlupa City,DIESEL PLUS,SHELL,67.5,71.73,reported
2025-07-22,Muntinlupa City,DIESEL PLUS,TOTAL,64.75,64.75,reported
2025-07-22,Muntinlupa City,KEROSENE,CALTEX,73.64,73.64,reported
2025-07-22,Muntinlupa City,RON 100,PETRON,66.35,66.35,reported
2025-07-22,Muntinlupa City,RON 91,CALTEX,59.35,59.81,reported
2025-07-22,Muntinlupa City,RON 91,FLYING,54.6,54.6,reported
2025-07-22,Muntinlupa City,RON 91,PETRON,55.3,59.5,reported
2025-07-22,Muntinlupa City,RON 91,PHOENIX,53.6,57.85,reported
2025-07-22,Muntinlupa City,RON 91,PTT,,,no_report
2025-07-22,Muntinlupa City,RON 91,SEAOIL,55.3,62.6,reported
2025-07-22,Muntinlupa City,RON 91,SHELL,60.0,62.04,reported
2025-07-22,Muntinlupa City,RON 91,TOTAL,60.0,60.0,reported
2025-07-22,Muntinlupa City,RON 91,UNIOIL,56.5,56.5,reported
2025-07-22,Muntinlupa City,RON 95,CALTEX,63.16,63.46,reported
2025-07-22,Muntinlupa City,RON 95,FLYING,56.35,56.35,reported
2025-07-22,Muntinlupa City,RON 95,PETRON,56.95,61.0,reported
2025-07-22,Muntinlupa City,RON 95,PHOENIX,54.1,59.2,reported
2025-07-22,Muntinlupa City,RON 95,SHELL,65.55,68.32,reported
2025-07-22,Muntinlupa City,RON 95,TOTAL,61.0,61.0,reported
2025-07-22,Muntinlupa City,RON 95,UNIOIL,58.0,62.2,reported
2025-07-22,Muntinlupa City,RON 97,SEAOIL,57.45,63.42,reported
2025-07-22,Muntinlupa City,RON 97,SHELL,69.28,71.32,reported
2025-07-22,Parañaque City,DIESEL,CALTEX,58.55,60.84,reported
2025-07-22,Parañaque City,DIESEL,FLYING,54.7,54.75,reported
2025-07-22,Parañaque City,DIESEL,INDEPENDENT,55.7,56.35,reported
2025-07-22,Parañaque City,DIESEL,PETRON,56.1,57.05,reported
2025-07-22,Parañaque City,DIESEL,SEAOIL,55.38,55.85,reported
2025-07-22,Parañaque City,DIESEL,SHELL,59.9,62.36,reported
2025-07-22,Parañaque City,DIESEL,TOTAL,58.65,64.8,reported
2025-07-22,Parañaque City,DIESEL,UNIOIL,56.5,57.2,reported
2025-07-22,Parañaque City,DIESEL PLUS,CALTEX,60.65,62.84,reported
2025-07-22,Parañaque City,DIESEL PLUS,PETRON,59.1,60.04,reported
2025-07-22,Parañaque City,DIESEL PLUS,SHELL,67.89,70.75,reported
2025-07-22,Parañaque City,DIESEL PLUS,TOTAL,67.4,67.4,reported
2025-07-22,Parañaque City,KEROSENE,INDEPENDENT,73.5,73.5,reported
2025-07-22,Parañaque City,RON 100,PETRON,64.45,66.58,reported
2025-07-22,Parañaque City,RON 91,CALTEX,58.1,59.43,reported
2025-07-22,Parañaque City,RON 91,FLYING,54.15,54.24,reported
2025-07-22,Parañaque City,RON 91,INDEPENDENT,54.6,54.8,reported
2025-07-22,Parañaque City,RON 91,PETRON,53.55,55.1,reported
2025-07-22,Parañaque City,RON 91,PTT,,,no_report
2025-07-22,Parañaque City,RON 91,SEAOIL,54.3,55.1,reported
2025-07-22,Parañaque City,RON 91,SHELL,58.64,60.7,reported
2025-07-22,Parañaque City,RON 91,TOTAL,57.6,64.25,reported
2025-07-22,Parañaque City,RON 91,UNIOIL,56.05,56.1,reported
2025-07-22,Parañaque City,RON 95,CALTEX,60.7,63.0,reported
2025-07-22,Parañaque City,RON 95,FLYING,54.9,55.65,reported
2025-07-22,Parañaque City,RON 95,INDEPENDENT,55.8,56.1,reported
2025-07-22,Parañaque City,RON 95,PETRON,55.05,56.7,reported
2025-07-22,Parañaque City,RON 95,SHELL,63.75,66.9,reported
2025-07-22,Parañaque City,RON 95,TOTAL,59.1,65.75,reported
2025-07-22,Parañaque City,RON 95,UNIOIL,57.55,57.7,reported
2025-07-22,Parañaque City,RON 97,SEAOIL,54.8,56.1,reported
2025-07-22,Parañaque City,RON 97,SHELL,67.64,70.03,reported
2025-07-22,Parañaque City,RON 97,UNIOIL,64.7,64.7,reported
2025-07-22,Pasay City,DIESEL,CALTEX,60.18,60.59,reported
2025-07-22,Pasay City,DIESEL,INDEPENDENT,53.1,53.8,reported
2025-07-22,Pasay City,DIESEL,PETRON,55.1,56.5,reported
2025-07-22,Pasay City,DIESEL,PTT,55.3,56.5,reported
2025-07-22,Pasay City,DIESEL,SHELL,58.09,60.79,reported
2025-07-22,Pasay City,DIESEL,TOTAL,59.19,61.65,reported
2025-07-22,Pasay City,DIESEL PLUS,CALTEX,62.68,62.68,reported
2025-07-22,Pasay City,DIESEL PLUS,PETRON,59.5,59.5,reported
2025-07-22,Pasay City,DIESEL PLUS,PTT,57.5,57.5,reported
2025-07-22,Pasay City,DIESEL PLUS,SHELL,67.45,69.85,reported
2025-07-22,Pasay City,DIESEL PLUS,TOTAL,64.65,65.19,reported
2025-07-22,Pasay City,KEROSENE,CALTEX,83.5,83.5,reported
2025-07-22,Pasay City,KEROSENE,PETRON,74.21,74.21,reported
2025-07-22,Pasay City,RON 100,PETRON,66.38,69.69,reported
2025-07-22,Pasay City,RON 91,CALTEX,59.43,59.89,reported
2025-07-22,Pasay City,RON 91,FLYING,,,no_report
2025-07-22,Pasay City,RON 91,INDEPENDENT,53.29,54.09,reported
2025-07-22,Pasay City,RON 91,PETRON,53.6,56.05,reported
2025-07-22,Pasay City,RON 91,PTT,56.05,63.8,reported
2025-07-22,Pasay City,RON 91,SEAOIL,,,no_report
2025-07-22,Pasay City,RON 91,SHELL,58.74,60.2,reported
2025-07-22,Pasay City,RON 91,TOTAL,59.04,60.6,reported
2025-07-22,Pasay City,RON 95,CALTEX,63.0,66.41,reported
2025-07-22,Pasay City,RON 95,INDEPENDENT,54.4,55.2,reported
2025-07-22,Pasay City,RON 95,PETRON,55.1,57.55,reported
2025-07-22,Pasay City,RON 95,PTT,55.3,57.55,reported
2025-07-22,Pasay City,RON 95,SHELL,65.43,66.91,reported
2025-07-22,Pasay City,RON 95,TOTAL,62.1,64.66,reported
2025-07-22,Pasay City,RON 97,SHELL,68.43,69.2,reported
2025-07-22,Pasig City,DIESEL,CALTEX,59.44,61.79,reported
2025-07-22,Pasig City,DIESEL,FLYING,54.05,54.78,reported
2025-07-22,Pasig City,DIESEL,INDEPENDENT,53.95,54.73,reported
2025-07-22,Pasig City,DIESEL,PETRON,55.85,57.2,reported
2025-07-22,Pasig City,DIESEL,PHOENIX,54.05,59.1,reported
2025-07-22,Pasig City,DIESEL,SEAOIL,53.95,55.95,reported
2025-07-22,Pasig City,DIESEL,SHELL,58.99,61.44,reported
2025-07-22,Pasig City,DIESEL,TOTAL,59.1,59.1,reported
2025-07-22,Pasig City,DIESEL,UNIOIL,56.9,57.0,reported
2025-07-22,Pasig City,DIESEL PLUS,PETRON,56.84,60.2,reported
2025-07-22,Pasig City,DIESEL PLUS,SHELL,58.9,70.28,reported
2025-07-22,Pasig City,KEROSENE,PETRON,72.88,72.88,reported
2025-07-22,Pasig City,RON 100,PETRON,64.58,67.22,reported
2025-07-22,Pasig City,RON 91,CALTEX,57.8,60.74,reported
2025-07-22,Pasig City,RON 91,FLYING,52.95,53.8,reported
2025-07-22,Pasig City,RON 91,INDEPENDENT,52.55,53.6,reported
2025-07-22,Pasig City,RON 91,PETRON,52.65,55.65,reported
2025-07-22,Pasig City,RON 91,PHOENIX,52.65,57.2,reported
2025-07-22,Pasig City,RON 91,SEAOIL,52.79,53.1,reported
2025-07-22,Pasig City,RON 91,SHELL,56.99,61.14,reported
2025-07-22,Pasig City,RON 91,TOTAL,57.2,57.2,reported
2025-07-22,Pasig City,RON 91,UNIOIL,54.0,54.5,reported
2025-07-22,Pasig City,RON 95,CALTEX,61.89,66.93,reported
2025-07-22,Pasig City,RON 95,FLYING,53.6,54.8,reported
2025-07-22,Pasig City,RON 95,INDEPENDENT,53.6,54.5,reported
2025-07-22,Pasig City,RON 95,PETRON,54.16,57.15,reported
2025-07-22,Pasig City,RON 95,PHOENIX,53.95,59.95,reported
2025-07-22,Pasig City,RON 95,SHELL,64.04,68.44,reported
2025-07-22,Pasig City,RON 95,UNIOIL,56.0,56.5,reported
2025-07-22,Pasig City,RON 97,SEAOIL,54.0,55.0,reported
2025-07-22,Pasig City,RON 97,SHELL,67.8,71.69,reported
2025-07-22,Pasig City,RON 97,UNIOIL,67.77,72.6,reported
2025-07-22,Quezon City,DIESEL,CALTEX,60.72,61.85,reported
2025-07-22,Quezon City,DIESEL,FLYING,51.8,53.6,reported
2025-07-22,Quezon City,DIESEL,INDEPENDENT,50.43,52.0,reported
2025-07-22,Quezon City,DIESEL,PETRON,55.3,55.8,reported
2025-07-22,Quezon City,DIESEL,PHOENIX,51.9,61.4,reported
2025-07-22,Quezon City,DIESEL,SEAOIL,51.6,55.0,reported
2025-07-22,Quezon City,DIESEL,SHELL,58.39,60.55,reported
2025-07-22,Quezon City,DIESEL,UNIOIL,56.3,56.7,reported
2025-07-22,Quezon City,DIESEL PLUS,CALTEX,62.39,62.39,reported
2025-07-22,Quezon City,DIESEL PLUS,PETRON,58.3,58.8,reported
2025-07-22,Quezon City,DIESEL PLUS,SHELL,66.67,68.54,reported
2025-07-22,Quezon City,KEROSENE,PETRON,73.69,75.11,reported
2025-07-22,Quezon City,RON 100,PETRON,63.64,65.08,reported
2025-07-22,Quezon City,RON 91,CALTEX,59.37,63.55,reported
2025-07-22,Quezon City,RON 91,FLYING,49.45,52.4,reported
2025-07-22,Quezon City,RON 91,INDEPENDENT,49.45,51.65,reported
2025-07-22,Quezon City,RON 91,PETRON,52.9,53.5,reported
2025-07-22,Quezon City,RON 91,PHOENIX,52.1,60.75,reported
2025-07-22,Quezon City,RON 91,SEAOIL,52.4,54.3,reported
2025-07-22,Quezon City,RON 91,SHELL,56.88,58.45,reported
2025-07-22,Quezon City,RON 91,UNIOIL,53.5,56.05,reported
2025-07-22,Quezon City,RON 95,CALTEX,62.7,68.65,reported
2025-07-22,Quezon City,RON 95,FLYING,50.34,53.4,reported
2025-07-22,Quezon City,RON 95,INDEPENDENT,50.34,52.65,reported
2025-07-22,Quezon City,RON 95,PETRON,54.24,55.0,reported
2025-07-22,Quezon City,RON 95,PHOENIX,53.6,64.05,reported
2025-07-22,Quezon City,RON 95,SHELL,63.07,67.53,reported
2025-07-22,Quezon City,RON 95,UNIOIL,54.85,58.05,reported
2025-07-22,Quezon City,RON 97,INDEPENDENT,53.65,53.65,reported
2025-07-22,Quezon City,RON 97,SEAOIL,53.4,55.3,reported
2025-07-22,Quezon City,RON 97,SHELL,66.07,70.86,reported
2025-07-22,Quezon City,RON 97,UNIOIL,70.2,70.2,reported
2025-07-22,Taguig Cty,DIESEL,CALTEX,54.15,61.21,reported
2025-07-22,Taguig Cty,DIESEL,FLYING,52.7,55.5,reported
2025-07-22,Taguig Cty,DIESEL,INDEPENDENT,54.5,60.18,reported
2025-07-22,Taguig Cty,DIESEL,PETRON,56.1,56.9,reported
2025-07-22,Taguig Cty,DIESEL,SEAOIL,55.5,55.5,reported
2025-07-22,Taguig Cty,DIESEL,SHELL,58.09,61.39,reported
2025-07-22,Taguig Cty,DIESEL PLUS,CALTEX,70.1,70.1,reported
2025-07-22,Taguig Cty,DIESEL PLUS,PETRON,57.1,59.9,reported
2025-07-22,Taguig Cty,DIESEL PLUS,SHELL,68.03,70.1,reported
2025-07-22,Taguig Cty,KEROSENE,CALTEX,80.0,87.09,reported
2025-07-22,Taguig Cty,RON 100,PETRON,65.23,68.54,reported
2025-07-22,Taguig Cty,RON 91,CALTEX,53.5,62.24,reported
2025-07-22,Taguig Cty,RON 91,FLYING,53.05,55.5,reported
2025-07-22,Taguig Cty,RON 91,INDEPENDENT,54.5,58.89,reported
2025-07-22,Taguig Cty,RON 91,PETRON,54.35,57.65,reported
2025-07-22,Taguig Cty,RON 91,PHOENIX,,,no_report
2025-07-22,Taguig Cty,RON 91,SEAOIL,55.5,55.5,reported
2025-07-22,Taguig Cty,RON 91,SHELL,56.99,62.24,reported
2025-07-22,Taguig Cty,RON 91,TOTAL,,,no_report
2025-07-22,Taguig Cty,RON 91,UNIOIL,,,no_report
2025-07-22,Taguig Cty,RON 95,CALTEX,54.5,67.02,reported
2025-07-22,Taguig Cty,RON 95,FLYING,54.35,57.05,reported
2025-07-22,Taguig Cty,RON 95,INDEPENDENT,57.05,60.04,reported
2025-07-22,Taguig Cty,RON 95,PETRON,55.85,59.15,reported
2025-07-22,Taguig Cty,RON 95,SHELL,65.58,68.65,reported
2025-07-22,Taguig Cty,RON 97,SEAOIL,57.05,57.05,reported
2025-07-22,Taguig Cty,RON 97,SHELL,65.58,72.3,reported
2025-07-29,Caloocan City,DIESEL,CALTEX,59.14,59.14,reported
2025-07-29,Caloocan City,DIESEL,FLYING,52.49,52.6,reported
2025-07-29,Caloocan City,DIESEL,INDEPENDENT,49.0,54.65,reported
2025-07-29,Caloocan City,DIESEL,PETRON,55.4,57.0,reported
2025-07-29,Caloocan City,DIESEL,SEAOIL,52.6,57.55,reported
2025-07-29,Caloocan City,DIESEL,SHELL,57.54,58.25,reported
2025-07-29,Caloocan City,DIESEL,UNIOIL,56.99,56.99,reported
2025-07-29,Caloocan City,DIESEL PLUS,PETRON,60.0,60.0,reported
2025-07-29,Caloocan City,DIESEL PLUS,SHELL,66.2,69.88,reported
2025-07-29,Caloocan City,KEROSENE,PETRON,72.89,74.47,reported
2025-07-29,Caloocan City,RON 91,CALTEX,56.29,56.29,reported
2025-07-29,Caloocan City,RON 91,FLYING,49.55,51.9,reported
2025-07-29,Caloocan City,RON 91,INDEPENDENT,49.0,53.9,reported
2025-07-29,Caloocan City,RON 91,PETRON,52.65,56.35,reported
2025-07-29,Caloocan City,RON 91,SEAOIL,51.0,56.2,reported
2025-07-29,Caloocan City,RON 91,SHELL,55.09,56.68,reported
2025-07-29,Caloocan City,RON 91,UNIOIL,55.99,55.99,reported
2025-07-29,Caloocan City,RON 95,CALTEX,61.9,61.9,reported
2025-07-29,Caloocan City,RON 95,FLYING,50.55,52.9,reported
2025-07-29,Caloocan City,RON 95,INDEPENDENT,49.5,54.9,reported
2025-07-29,Caloocan City,RON 95,PETRON,54.05,57.85,reported
2025-07-29,Caloocan City,RON 95,SHELL,63.4,66.05,reported
2025-07-29,Caloocan City,RON 95,UNIOIL,59.5,59.5,reported
2025-07-29,Caloocan City,RON 97,SEAOIL,52.0,57.75,reported
2025-07-29,Caloocan City,RON 97,SHELL,68.94,69.05,reported
2025-07-29,Makati City,DIESEL,CALTEX,57.65,60.18,reported
2025-07-29,Makati City,DIESEL,INDEPENDENT,54.0,54.0,reported
2025-07-29,Makati City,DIESEL,PETRON,55.6,57.05,reported
2025-07-29,Makati City,DIESEL,PHOENIX,57.05,57.05,reported
2025-07-29,Makati City,DIESEL,SHELL,58.69,59.69,reported
2025-07-29,Makati City,DIESEL,UNIOIL,57.2,57.55,reported
2025-07-29,Makati City,DIESEL PLUS,CALTEX,60.65,67.28,reported
2025-07-29,Makati City,DIESEL PLUS,PETRON,58.6,60.05,reported
2025-07-29,Makati City,DIESEL PLUS,SHELL,68.4,70.13,reported
2025-07-29,Makati City,KEROSENE,PETRON,73.56,73.56,reported
2025-07-29,Makati City,RON 100,PETRON,64.36,66.28,reported
2025-07-29,Makati City,RON 91,CALTEX,55.55,59.57,reported
2025-07-29,Makati City,RON 91,FLYING,,,no_report
2025-07-29,Makati City,RON 91,INDEPENDENT,56.1,56.1,reported
2025-07-29,Makati City,RON 91,PETRON,53.4,55.4,reported
2025-07-29,Makati City,RON 91,PHOENIX,55.4,55.4,reported
2025-07-29,Makati City,RON 91,SHELL,56.89,59.05,reported
2025-07-29,Makati City,RON 91,TOTAL,,,no_report
2025-07-29,Makati City,RON 91,UNIOIL,55.9,56.4,reported
2025-07-29,Makati City,RON 95,CALTEX,57.66,67.65,reported
2025-07-29,Makati City,RON 95,INDEPENDENT,57.1,57.1,reported
2025-07-29,Makati City,RON 95,PETRON,54.9,56.9,reported
2025-07-29,Makati City,RON 95,PHOENIX,56.9,56.9,reported
2025-07-29,Makati City,RON 95,SHELL,65.2,68.14,reported
2025-07-29,Makati City,RON 95,UNIOIL,58.4,58.9,reported
2025-07-29,Makati City,RON 97,PHOENIX,69.58,69.58,reported
2025-07-29,Makati City,RON 97,SHELL,68.4,71.14,reported
2025-07-29,Makati City,RON 97,UNIOIL,69.87,72.3,reported
2025-07-29,Manila City,DIESEL,CALTEX,59.4,60.69,reported
2025-07-29,Manila City,DIESEL,FLYING,52.82,54.5,reported
2025-07-29,Manila City,DIESEL,INDEPENDENT,53.19,54.3,reported
2025-07-29,Manila City,DIESEL,PETRON,56.6,57.7,reported
2025-07-29,Manila City,DIESEL,SEAOIL,54.0,57.7,reported
2025-07-29,Manila City,DIESEL,SHELL,58.89,61.39,reported
2025-07-29,Manila City,DIESEL,TOTAL,56.0,65.35,reported
2025-07-29,Manila City,DIESEL,UNIOIL,55.25,55.25,reported
2025-07-29,Manila City,DIESEL PLUS,INDEPENDENT,56.3,56.3,reported
2025-07-29,Manila City,DIESEL PLUS,PETRON,59.6,60.7,reported
2025-07-29,Manila City,DIESEL PLUS,SHELL,68.26,70.58,reported
2025-07-29,Manila City,DIESEL PLUS,TOTAL,68.0,68.0,reported
2025-07-29,Manila City,KEROSENE,INDEPENDENT,71.2,71.2,reported
2025-07-29,Manila City,KEROSENE,PETRON,73.26,73.9,reported
2025-07-29,Manila City,RON 100,PETRON,64.99,68.02,reported
2025-07-29,Manila City,RON 91,CALTEX,57.3,57.82,reported
2025-07-29,Manila City,RON 91,FLYING,52.0,52.8,reported
2025-07-29,Manila City,RON 91,INDEPENDENT,52.4,54.7,reported
2025-07-29,Manila City,RON 91,PETRON,54.1,56.45,reported
2025-07-29,Manila City,RON 91,SEAOIL,52.2,54.65,reported
2025-07-29,Manila City,RON 91,SHELL,56.3,59.49,reported
2025-07-29,Manila City,RON 91,TOTAL,53.4,65.85,reported
2025-07-29,Manila City,RON 91,UNIOIL,57.47,57.47,reported
2025-07-29,Manila City,RON 95,CALTEX,60.99,61.5,reported
2025-07-29,Manila City,RON 95,FLYING,53.2,54.6,reported
2025-07-29,Manila City,RON 95,INDEPENDENT,53.6,55.7,reported
2025-07-29,Manila City,RON 95,PETRON,55.6,57.95,reported
2025-07-29,Manila City,RON 95,SHELL,62.81,67.09,reported
2025-07-29,Manila City,RON 95,TOTAL,54.75,67.05,reported
2025-07-29,Manila City,RON 95,UNIOIL,61.57,61.57,reported
2025-07-29,Manila City,RON 97,SEAOIL,53.59,56.2,reported
2025-07-29,Manila City,RON 97,SHELL,66.3,73.45,reported
2025-07-29,Muntinlupa City,DIESEL,CALTEX,57.88,59.88,reported
2025-07-29,Muntinlupa City,DIESEL,FLYING,54.2,54.2,reported
2025-07-29,Muntinlupa City,DIESEL,PETRON,56.3,62.35,reported
2025-07-29,Muntinlupa City,DIESEL,PHOENIX,54.95,57.3,reported
2025-07-29,Muntinlupa City,DIESEL,SEAOIL,57.35,59.05,reported
2025-07-29,Muntinlupa City,DIESEL,SHELL,58.29,64.06,reported
2025-07-29,Muntinlupa City,DIESEL,TOTAL,62.35,62.35,reported
2025-07-29,Muntinlupa City,DIESEL,UNIOIL,58.4,58.4,reported
2025-07-29,Muntinlupa City,DIESEL PLUS,PETRON,59.3,65.35,reported
2025-07-29,Muntinlupa City,DIESEL PLUS,SHELL,67.28,72.33,reported
2025-07-29,Muntinlupa City,DIESEL PLUS,TOTAL,65.35,65.35,reported
2025-07-29,Muntinlupa City,KEROSENE,CALTEX,73.64,73.64,reported
2025-07-29,Muntinlupa City,RON 100,PETRON,66.25,66.25,reported
2025-07-29,Muntinlupa City,RON 91,CALTEX,59.25,59.71,reported
2025-07-29,Muntinlupa City,RON 91,FLYING,54.3,54.3,reported
2025-07-29,Muntinlupa City,RON 91,PETRON,55.2,59.4,reported
2025-07-29,Muntinlupa City,RON 91,PHOENIX,53.4,55.9,reported
2025-07-29,Muntinlupa City,RON 91,PTT,,,no_report
2025-07-29,Muntinlupa City,RON 91,SEAOIL,55.2,62.5,reported
2025-07-29,Muntinlupa City,RON 91,SHELL,58.7,61.94,reported
2025-07-29,Muntinlupa City,RON 91,TOTAL,59.9,59.9,reported
2025-07-29,Muntinlupa City,RON 91,UNIOIL,56.4,56.4,reported
2025-07-29,Muntinlupa City,RON 95,CALTEX,63.06,63.36,reported
2025-07-29,Muntinlupa City,RON 95,FLYING,56.0,56.0,reported
2025-07-29,Muntinlupa City,RON 95,PETRON,56.85,60.9,reported
2025-07-29,Muntinlupa City,RON 95,PHOENIX,53.9,57.4,reported
2025-07-29,Muntinlupa City,RON 95,SHELL,65.45,68.22,reported
2025-07-29,Muntinlupa City,RON 95,TOTAL,60.9,60.9,reported
2025-07-29,Muntinlupa City,RON 95,UNIOIL,57.9,57.9,reported
2025-07-29,Muntinlupa City,RON 97,SEAOIL,57.35,63.32,reported
2025-07-29,Muntinlupa City,RON 97,SHELL,69.18,71.22,reported
2025-07-29,Parañaque City,DIESEL,CALTEX,58.69,58.8,reported
2025-07-29,Parañaque City,DIESEL,FLYING,55.55,55.7,reported
2025-07-29,Parañaque City,DIESEL,INDEPENDENT,54.8,56.95,reported
2025-07-29,Parañaque City,DIESEL,PETRON,55.6,57.65,reported
2025-07-29,Parañaque City,DIESEL,SEAOIL,55.98,56.05,reported
2025-07-29,Parañaque City,DIESEL,SHELL,59.19,60.89,reported
2025-07-29,Parañaque City,DIESEL,TOTAL,59.25,64.8,reported
2025-07-29,Parañaque City,DIESEL,UNIOIL,57.1,57.8,reported
2025-07-29,Parañaque City,DIESEL PLUS,CALTEX,60.69,60.8,reported
2025-07-29,Parañaque City,DIESEL PLUS,PETRON,58.6,60.64,reported
2025-07-29,Parañaque City,DIESEL PLUS,SHELL,68.49,70.23,reported
2025-07-29,Parañaque City,DIESEL PLUS,TOTAL,67.4,67.4,reported
2025-07-29,Parañaque City,KEROSENE,INDEPENDENT,73.9,73.9,reported
2025-07-29,Parañaque City,RON 100,PETRON,64.35,65.99,reported
2025-07-29,Parañaque City,RON 91,CALTEX,57.35,58.0,reported
2025-07-29,Parañaque City,RON 91,FLYING,53.5,54.75,reported
2025-07-29,Parañaque City,RON 91,INDEPENDENT,53.0,54.7,reported
2025-07-29,Parañaque City,RON 91,PETRON,53.45,55.0,reported
2025-07-29,Parañaque City,RON 91,PTT,,,no_report
2025-07-29,Parañaque City,RON 91,SEAOIL,53.7,55.0,reported
2025-07-29,Parañaque City,RON 91,SHELL,57.44,59.45,reported
2025-07-29,Parañaque City,RON 91,TOTAL,57.5,64.25,reported
2025-07-29,Parañaque City,RON 91,UNIOIL,55.95,56.0,reported
2025-07-29,Parañaque City,RON 95,CALTEX,60.45,60.6,reported
2025-07-29,Parañaque City,RON 95,FLYING,54.5,55.55,reported
2025-07-29,Parañaque City,RON 95,INDEPENDENT,54.5,55.7,reported
2025-07-29,Parañaque City,RON 95,PETRON,54.95,56.6,reported
2025-07-29,Parañaque City,RON 95,SHELL,63.65,66.8,reported
2025-07-29,Parañaque City,RON 95,TOTAL,59.0,65.75,reported
2025-07-29,Parañaque City,RON 95,UNIOIL,57.45,57.5,reported
2025-07-29,Parañaque City,RON 97,SEAOIL,54.2,56.0,reported
2025-07-29,Parañaque City,RON 97,SHELL,67.54,69.95,reported
2025-07-29,Parañaque City,RON 97,UNIOIL,64.6,64.6,reported
2025-07-29,Pasay City,DIESEL,CALTEX,59.59,61.19,reported
2025-07-29,Pasay City,DIESEL,INDEPENDENT,52.99,53.79,reported
2025-07-29,Pasay City,DIESEL,PETRON,56.61,57.1,reported
2025-07-29,Pasay City,DIESEL,PTT,55.9,57.1,reported
2025-07-29,Pasay City,DIESEL,SHELL,58.69,61.39,reported
2025-07-29,Pasay City,DIESEL,TOTAL,59.19,62.25,reported
2025-07-29,Pasay City,DIESEL PLUS,CALTEX,62.09,62.09,reported
2025-07-29,Pasay City,DIESEL PLUS,PETRON,59.7,60.1,reported
2025-07-29,Pasay City,DIESEL PLUS,PTT,58.1,58.1,reported
2025-07-29,Pasay City,DIESEL PLUS,SHELL,68.05,70.45,reported
2025-07-29,Pasay City,DIESEL PLUS,TOTAL,65.19,65.25,reported
2025-07-29,Pasay City,KEROSENE,CALTEX,83.9,83.9,reported
2025-07-29,Pasay City,KEROSENE,PETRON,74.71,74.71,reported
2025-07-29,Pasay City,RON 100,PETRON,66.28,66.84,reported
2025-07-29,Pasay City,RON 91,CALTEX,59.33,59.79,reported
2025-07-29,Pasay City,RON 91,FLYING,,,no_report
2025-07-29,Pasay City,RON 91,INDEPENDENT,52.8,53.99,reported
2025-07-29,Pasay City,RON 91,PETRON,54.4,55.39,reported
2025-07-29,Pasay City,RON 91,PTT,53.7,55.95,reported
2025-07-29,Pasay City,RON 91,SEAOIL,,,no_report
2025-07-29,Pasay City,RON 91,SHELL,56.5,60.1,reported
2025-07-29,Pasay City,RON 91,TOTAL,58.94,60.7,reported
2025-07-29,Pasay City,RON 95,CALTEX,62.9,66.31,reported
2025-07-29,Pasay City,RON 95,INDEPENDENT,54.3,55.1,reported
2025-07-29,Pasay City,RON 95,PETRON,55.9,57.45,reported
2025-07-29,Pasay City,RON 95,PTT,55.2,57.45,reported
2025-07-29,Pasay City,RON 95,SHELL,65.33,66.81,reported
2025-07-29,Pasay City,RON 95,TOTAL,62.2,62.56,reported
2025-07-29,Pasay City,RON 97,SHELL,68.33,69.1,reported
2025-07-29,Pasig City,DIESEL,CALTEX,60.04,62.39,reported
2025-07-29,Pasig City,DIESEL,FLYING,53.3,54.65,reported
2025-07-29,Pasig City,DIESEL,INDEPENDENT,54.55,55.75,reported
2025-07-29,Pasig City,DIESEL,PETRON,56.45,57.8,reported
2025-07-29,Pasig City,DIESEL,PHOENIX,54.65,59.7,reported
2025-07-29,Pasig City,DIESEL,SEAOIL,54.55,56.55,reported
2025-07-29,Pasig City,DIESEL,SHELL,59.59,61.04,reported
2025-07-29,Pasig City,DIESEL,TOTAL,59.7,59.7,reported
2025-07-29,Pasig City,DIESEL,UNIOIL,57.5,57.6,reported
2025-07-29,Pasig City,DIESEL PLUS,PETRON,57.44,60.8,reported
2025-07-29,Pasig City,DIESEL PLUS,SHELL,68.54,70.88,reported
2025-07-29,Pasig City,KEROSENE,PETRON,73.98,73.98,reported
2025-07-29,Pasig City,RON 100,PETRON,64.48,67.12,reported
2025-07-29,Pasig City,RON 91,CALTEX,57.7,60.64,reported
2025-07-29,Pasig City,RON 91,FLYING,52.4,53.35,reported
2025-07-29,Pasig City,RON 91,INDEPENDENT,52.55,53.5,reported
2025-07-29,Pasig City,RON 91,PETRON,52.55,55.55,reported
2025-07-29,Pasig City,RON 91,PHOENIX,52.55,57.1,reported
2025-07-29,Pasig City,RON 91,SEAOIL,52.69,53.0,reported
2025-07-29,Pasig City,RON 91,SHELL,56.89,62.04,reported
2025-07-29,Pasig City,RON 91,TOTAL,57.1,57.1,reported
2025-07-29,Pasig City,RON 91,UNIOIL,53.9,54.4,reported
2025-07-29,Pasig City,RON 95,CALTEX,61.79,66.83,reported
2025-07-29,Pasig City,RON 95,FLYING,53.5,54.0,reported
2025-07-29,Pasig City,RON 95,INDEPENDENT,53.65,54.5,reported
2025-07-29,Pasig City,RON 95,PETRON,54.06,57.05,reported
2025-07-29,Pasig City,RON 95,PHOENIX,53.85,59.85,reported
2025-07-29,Pasig City,RON 95,SHELL,63.94,68.34,reported
2025-07-29,Pasig City,RON 95,UNIOIL,55.9,56.4,reported
2025-07-29,Pasig City,RON 97,SEAOIL,53.9,54.9,reported
2025-07-29,Pasig City,RON 97,SHELL,67.7,71.49,reported
2025-07-29,Pasig City,RON 97,UNIOIL,67.67,72.5,reported
2025-07-29,Quezon City,DIESEL,CALTEX,61.17,62.45,reported
2025-07-29,Quezon City,DIESEL,FLYING,51.15,54.2,reported
2025-07-29,Quezon City,DIESEL,INDEPENDENT,50.45,52.6,reported
2025-07-29,Quezon City,DIESEL,PETRON,55.7,56.4,reported
2025-07-29,Quezon City,DIESEL,PHOENIX,51.9,62.15,reported
2025-07-29,Quezon City,DIESEL,SEAOIL,52.2,55.23,reported
2025-07-29,Quezon City,DIESEL,SHELL,58.99,61.14,reported
2025-07-29,Quezon City,DIESEL,UNIOIL,56.7,56.9,reported
2025-07-29,Quezon City,DIESEL PLUS,CALTEX,62.84,62.84,reported
2025-07-29,Quezon City,DIESEL PLUS,PETRON,58.7,59.4,reported
2025-07-29,Quezon City,DIESEL PLUS,SHELL,67.27,69.14,reported
2025-07-29,Quezon City,KEROSENE,PETRON,73.69,75.51,reported
2025-07-29,Quezon City,RON 100,PETRON,63.12,64.98,reported
2025-07-29,Quezon City,RON 91,CALTEX,59.96,63.45,reported
2025-07-29,Quezon City,RON 91,FLYING,49.35,51.7,reported
2025-07-29,Quezon City,RON 91,INDEPENDENT,49.35,51.65,reported
2025-07-29,Quezon City,RON 91,PETRON,52.45,53.4,reported
2025-07-29,Quezon City,RON 91,PHOENIX,52.0,60.85,reported
2025-07-29,Quezon City,RON 91,SEAOIL,52.19,53.8,reported
2025-07-29,Quezon City,RON 91,SHELL,56.34,59.94,reported
2025-07-29,Quezon City,RON 91,UNIOIL,53.4,53.95,reported
2025-07-29,Quezon City,RON 95,CALTEX,62.7,68.55,reported
2025-07-29,Quezon City,RON 95,FLYING,50.24,52.79,reported
2025-07-29,Quezon City,RON 95,INDEPENDENT,50.24,52.65,reported
2025-07-29,Quezon City,RON 95,PETRON,53.65,54.9,reported
2025-07-29,Quezon City,RON 95,PHOENIX,53.5,64.15,reported
2025-07-29,Quezon City,RON 95,SHELL,62.97,64.93,reported
2025-07-29,Quezon City,RON 95,UNIOIL,54.75,55.65,reported
2025-07-29,Quezon City,RON 97,INDEPENDENT,53.65,53.65,reported
2025-07-29,Quezon City,RON 97,SEAOIL,53.3,54.8,reported
2025-07-29,Quezon City,RON 97,SHELL,65.97,67.54,reported
2025-07-29,Quezon City,RON 97,UNIOIL,65.1,65.1,reported
2025-07-29,Taguig Cty,DIESEL,CALTEX,54.8,61.81,reported
2025-07-29,Taguig Cty,DIESEL,FLYING,53.3,55.6,reported
2025-07-29,Taguig Cty,DIESEL,INDEPENDENT,55.6,59.29,reported
2025-07-29,Taguig Cty,DIESEL,PETRON,56.7,57.5,reported
2025-07-29,Taguig Cty,DIESEL,SEAOIL,56.1,56.1,reported
2025-07-29,Taguig Cty,DIESEL,SHELL,58.69,61.99,reported
2025-07-29,Taguig Cty,DIESEL PLUS,CALTEX,70.7,70.7,reported
2025-07-29,Taguig Cty,DIESEL PLUS,PETRON,57.7,60.5,reported
2025-07-29,Taguig Cty,DIESEL PLUS,SHELL,68.63,70.33,reported
2025-07-29,Taguig Cty,KEROSENE,CALTEX,80.4,87.49,reported
2025-07-29,Taguig Cty,RON 100,PETRON,65.13,68.44,reported
2025-07-29,Taguig Cty,RON 91,CALTEX,53.4,62.14,reported
2025-07-29,Taguig Cty,RON 91,FLYING,52.95,55.3,reported
2025-07-29,Taguig Cty,RON 91,INDEPENDENT,54.37,58.89,reported
2025-07-29,Taguig Cty,RON 91,PETRON,54.25,57.55,reported
2025-07-29,Taguig Cty,RON 91,PHOENIX,,,no_report
2025-07-29,Taguig Cty,RON 91,SEAOIL,55.4,55.4,reported
2025-07-29,Taguig Cty,RON 91,SHELL,56.89,61.54,reported
2025-07-29,Taguig Cty,RON 91,TOTAL,,,no_report
2025-07-29,Taguig Cty,RON 91,UNIOIL,,,no_report
2025-07-29,Taguig Cty,RON 95,CALTEX,54.7,66.92,reported
2025-07-29,Taguig Cty,RON 95,FLYING,54.25,56.8,reported
2025-07-29,Taguig Cty,RON 95,INDEPENDENT,55.88,59.39,reported
2025-07-29,Taguig Cty,RON 95,PETRON,55.75,59.05,reported
2025-07-29,Taguig Cty,RON 95,SHELL,65.48,68.55,reported
2025-07-29,Taguig Cty,RON 97,SEAOIL,56.95,56.95,reported
2025-07-29,Taguig Cty,RON 97,SHELL,68.48,72.2,reported
2025-08-05,Caloocan City,DIESEL,CALTEX,60.34,60.34,reported
2025-08-05,Caloocan City,DIESEL,FLYING,53.24,53.55,reported
2025-08-05,Caloocan City,DIESEL,INDEPENDENT,50.0,55.35,reported
2025-08-05,Caloocan City,DIESEL,PETRON,56.6,58.05,reported
2025-08-05,Caloocan City,DIESEL,SEAOIL,53.2,57.55,reported
2025-08-05,Caloocan City,DIESEL,SHELL,58.34,59.45,reported
2025-08-05,Caloocan City,DIESEL,UNIOIL,57.99,57.99,reported
2025-08-05,Caloocan City,DIESEL PLUS,PETRON,60.05,60.05,reported
2025-08-05,Caloocan City,DIESEL PLUS,SHELL,67.4,71.08,reported
2025-08-05,Caloocan City,KEROSENE,PETRON,72.49,75.47,reported
2025-08-05,Caloocan City,RON 91,CALTEX,58.19,58.19,reported
2025-08-05,Caloocan City,RON 91,FLYING,51.55,53.9,reported
2025-08-05,Caloocan City,RON 91,INDEPENDENT,50.0,54.8,reported
2025-08-05,Caloocan City,RON 91,PETRON,54.55,55.9,reported
2025-08-05,Caloocan City,RON 91,SEAOIL,52.91,56.2,reported
2025-08-05,Caloocan City,RON 91,SHELL,56.99,58.58,reported
2025-08-05,Caloocan City,RON 91,UNIOIL,56.95,56.95,reported
2025-08-05,Caloocan City,RON 95,CALTEX,63.9,63.9,reported
2025-08-05,Caloocan City,RON 95,FLYING,52.55,54.9,reported
2025-08-05,Caloocan City,RON 95,INDEPENDENT,51.0,56.3,reported
2025-08-05,Caloocan City,RON 95,PETRON,55.95,57.4,reported
2025-08-05,Caloocan City,RON 95,SHELL,65.3,67.95,reported
2025-08-05,Caloocan City,RON 95,UNIOIL,59.6,59.6,reported
2025-08-05,Caloocan City,RON 97,SEAOIL,53.9,57.75,reported
2025-08-05,Caloocan City,RON 97,SHELL,70.74,70.95,reported
2025-08-05,Makati City,DIESEL,CALTEX,57.73,60.41,reported
2025-08-05,Makati City,DIESEL,INDEPENDENT,55.0,55.0,reported
2025-08-05,Makati City,DIESEL,PETRON,56.8,58.25,reported
2025-08-05,Makati City,DIESEL,PHOENIX,58.25,58.25,reported
2025-08-05,Makati City,DIESEL,SHELL,59.29,60.29,reported
2025-08-05,Makati City,DIESEL,UNIOIL,57.8,58.75,reported
2025-08-05,Makati City,DIESEL PLUS,CALTEX,61.85,67.96,reported
2025-08-05,Makati City,DIESEL PLUS,PETRON,59.8,61.25,reported
2025-08-05,Makati City,DIESEL PLUS,SHELL,69.6,71.33,reported
2025-08-05,Makati City,KEROSENE,PETRON,74.56,74.56,reported
2025-08-05,Makati City,RON 100,PETRON,66.26,68.18,reported
2025-08-05,Makati City,RON 91,CALTEX,56.45,60.47,reported
2025-08-05,Makati City,RON 91,FLYING,,,no_report
2025-08-05,Makati City,RON 91,INDEPENDENT,56.3,56.3,reported
2025-08-05,Makati City,RON 91,PETRON,55.3,57.3,reported
2025-08-05,Makati City,RON 91,PHOENIX,57.3,57.3,reported
2025-08-05,Makati City,RON 91,SHELL,58.79,60.93,reported
2025-08-05,Makati City,RON 91,TOTAL,,,no_report
2025-08-05,Makati City,RON 91,UNIOIL,57.8,58.3,reported
2025-08-05,Makati City,RON 95,CALTEX,58.8,69.55,reported
2025-08-05,Makati City,RON 95,INDEPENDENT,57.3,57.3,reported
2025-08-05,Makati City,RON 95,PETRON,56.8,58.8,reported
2025-08-05,Makati City,RON 95,PHOENIX,58.8,58.8,reported
2025-08-05,Makati City,RON 95,SHELL,67.1,70.04,reported
2025-08-05,Makati City,RON 95,UNIOIL,60.3,60.8,reported
2025-08-05,Makati City,RON 97,PHOENIX,71.48,71.48,reported
2025-08-05,Makati City,RON 97,SHELL,70.3,73.04,reported
2025-08-05,Makati City,RON 97,UNIOIL,71.77,74.2,reported
2025-08-05,Manila City,DIESEL,CALTEX,60.29,60.6,reported
2025-08-05,Manila City,DIESEL,FLYING,54.39,55.2,reported
2025-08-05,Manila City,DIESEL,INDEPENDENT,52.99,54.9,reported
2025-08-05,Manila City,DIESEL,PETRON,56.1,58.9,reported
2025-08-05,Manila City,DIESEL,SEAOIL,55.2,58.1,reported
2025-08-05,Manila City,DIESEL,SHELL,60.08,62.59,reported
2025-08-05,Manila City,DIESEL,TOTAL,56.0,66.55,reported
2025-08-05,Manila City,DIESEL,UNIOIL,55.25,55.25,reported
2025-08-05,Manila City,DIESEL PLUS,INDEPENDENT,56.9,56.9,reported
2025-08-05,Manila City,DIESEL PLUS,PETRON,59.1,61.9,reported
2025-08-05,Manila City,DIESEL PLUS,SHELL,69.46,71.78,reported
2025-08-05,Manila City,DIESEL PLUS,TOTAL,58.0,58.0,reported
2025-08-05,Manila City,KEROSENE,INDEPENDENT,71.6,71.6,reported
2025-08-05,Manila City,KEROSENE,PETRON,73.26,74.5,reported
2025-08-05,Manila City,RON 100,PETRON,66.89,69.92,reported
2025-08-05,Manila City,RON 91,CALTEX,59.2,59.65,reported
2025-08-05,Manila City,RON 91,FLYING,54.2,54.59,reported
2025-08-05,Manila City,RON 91,INDEPENDENT,51.9,54.6,reported
2025-08-05,Manila City,RON 91,PETRON,55.2,58.35,reported
2025-08-05,Manila City,RON 91,SEAOIL,54.39,56.55,reported
2025-08-05,Manila City,RON 91,SHELL,57.69,60.39,reported
2025-08-05,Manila City,RON 91,TOTAL,53.4,65.85,reported
2025-08-05,Manila City,RON 91,UNIOIL,57.47,57.47,reported
2025-08-05,Manila City,RON 95,CALTEX,63.1,63.4,reported
2025-08-05,Manila City,RON 95,FLYING,55.4,56.03,reported
2025-08-05,Manila City,RON 95,INDEPENDENT,52.9,55.6,reported
2025-08-05,Manila City,RON 95,PETRON,56.7,59.85,reported
2025-08-05,Manila City,RON 95,SHELL,64.71,68.99,reported
2025-08-05,Manila City,RON 95,TOTAL,54.75,68.95,reported
2025-08-05,Manila City,RON 95,UNIOIL,61.57,61.57,reported
2025-08-05,Manila City,RON 97,SEAOIL,55.49,58.9,reported
2025-08-05,Manila City,RON 97,SHELL,68.2,71.99,reported
2025-08-05,Muntinlupa City,DIESEL,CALTEX,59.08,60.07,reported
2025-08-05,Muntinlupa City,DIESEL,FLYING,55.1,55.1,reported
2025-08-05,Muntinlupa City,DIESEL,PETRON,57.5,63.55,reported
2025-08-05,Muntinlupa City,DIESEL,PHOENIX,56.15,59.1,reported
2025-08-05,Muntinlupa City,DIESEL,SEAOIL,57.6,60.25,reported
2025-08-05,Muntinlupa City,DIESEL,SHELL,59.39,65.26,reported
2025-08-05,Muntinlupa City,DIESEL,TOTAL,62.35,62.35,reported
2025-08-05,Muntinlupa City,DIESEL,UNIOIL,59.55,59.6,reported
2025-08-05,Muntinlupa City,DIESEL PLUS,PETRON,60.5,66.55,reported
2025-08-05,Muntinlupa City,DIESEL PLUS,SHELL,68.48,73.53,reported
2025-08-05,Muntinlupa City,DIESEL PLUS,TOTAL,65.35,65.35,reported
2025-08-05,Muntinlupa City,KEROSENE,CALTEX,74.84,74.84,reported
2025-08-05,Muntinlupa City,RON 100,PETRON,68.15,68.15,reported
2025-08-05,Muntinlupa City,RON 91,CALTEX,61.15,61.61,reported
2025-08-05,Muntinlupa City,RON 91,FLYING,55.9,55.9,reported
2025-08-05,Muntinlupa City,RON 91,PETRON,57.1,61.3,reported
2025-08-05,Muntinlupa City,RON 91,PHOENIX,55.3,57.8,reported
2025-08-05,Muntinlupa City,RON 91,PTT,,,no_report
2025-08-05,Muntinlupa City,RON 91,SEAOIL,57.1,64.4,reported
2025-08-05,Muntinlupa City,RON 91,SHELL,60.54,63.84,reported
2025-08-05,Muntinlupa City,RON 91,TOTAL,59.9,59.9,reported
2025-08-05,Muntinlupa City,RON 91,UNIOIL,58.3,58.3,reported
2025-08-05,Muntinlupa City,RON 95,CALTEX,64.96,65.26,reported
2025-08-05,Muntinlupa City,RON 95,FLYING,57.7,57.7,reported
2025-08-05,Muntinlupa City,RON 95,PETRON,58.75,62.8,reported
2025-08-05,Muntinlupa City,RON 95,PHOENIX,55.8,59.3,reported
2025-08-05,Muntinlupa City,RON 95,SHELL,67.35,70.12,reported
2025-08-05,Muntinlupa City,RON 95,TOTAL,60.9,60.9,reported
2025-08-05,Muntinlupa City,RON 95,UNIOIL,59.75,59.8,reported
2025-08-05,Muntinlupa City,RON 97,SEAOIL,59.25,65.22,reported
2025-08-05,Muntinlupa City,RON 97,SHELL,71.08,73.12,reported
2025-08-05,Parañaque City,DIESEL,CALTEX,59.89,60.0,reported
2025-08-05,Parañaque City,DIESEL,FLYING,56.0,56.4,reported
2025-08-05,Parañaque City,DIESEL,INDEPENDENT,56.0,58.15,reported
2025-08-05,Parañaque City,DIESEL,PETRON,56.8,58.85,reported
2025-08-05,Parañaque City,DIESEL,SEAOIL,56.28,56.65,reported
2025-08-05,Parañaque City,DIESEL,SHELL,60.39,61.34,reported
2025-08-05,Parañaque City,DIESEL,TOTAL,60.45,64.8,reported
2025-08-05,Parañaque City,DIESEL,UNIOIL,58.3,59.0,reported
2025-08-05,Parañaque City,DIESEL PLUS,CALTEX,61.89,62.0,reported
2025-08-05,Parañaque City,DIESEL PLUS,PETRON,59.8,61.84,reported
2025-08-05,Parañaque City,DIESEL PLUS,SHELL,69.69,71.43,reported
2025-08-05,Parañaque City,DIESEL PLUS,TOTAL,67.4,67.4,reported
2025-08-05,Parañaque City,KEROSENE,INDEPENDENT,74.9,74.9,reported
2025-08-05,Parañaque City,RON 100,PETRON,66.24,67.89,reported
2025-08-05,Parañaque City,RON 91,CALTEX,59.25,59.9,reported
2025-08-05,Parañaque City,RON 91,FLYING,54.9,56.54,reported
2025-08-05,Parañaque City,RON 91,INDEPENDENT,54.9,56.1,reported
2025-08-05,Parañaque City,RON 91,PETRON,55.35,56.9,reported
2025-08-05,Parañaque City,RON 91,PTT,,,no_report
2025-08-05,Parañaque City,RON 91,SEAOIL,55.6,56.9,reported
2025-08-05,Parañaque City,RON 91,SHELL,58.79,61.34,reported
2025-08-05,Parañaque City,RON 91,TOTAL,59.4,64.25,reported
2025-08-05,Parañaque City,RON 91,UNIOIL,57.85,57.9,reported
2025-08-05,Parañaque City,RON 95,CALTEX,62.35,62.5,reported
2025-08-05,Parañaque City,RON 95,FLYING,56.4,57.2,reported
2025-08-05,Parañaque City,RON 95,INDEPENDENT,56.4,57.6,reported
2025-08-05,Parañaque City,RON 95,PETRON,56.85,58.5,reported
2025-08-05,Parañaque City,RON 95,SHELL,65.55,68.7,reported
2025-08-05,Parañaque City,RON 95,TOTAL,60.9,65.75,reported
2025-08-05,Parañaque City,RON 95,UNIOIL,59.35,59.5,reported
2025-08-05,Parañaque City,RON 97,SEAOIL,56.1,57.9,reported
2025-08-05,Parañaque City,RON 97,SHELL,69.44,71.85,reported
2025-08-05,Parañaque City,RON 97,UNIOIL,66.5,66.5,reported
2025-08-05,Pasay City,DIESEL,CALTEX,60.79,62.29,reported
2025-08-05,Pasay City,DIESEL,INDEPENDENT,52.99,55.0,reported
2025-08-05,Pasay City,DIESEL,PETRON,56.9,58.3,reported
2025-08-05,Pasay City,DIESEL,PTT,57.1,58.3,reported
2025-08-05,Pasay City,DIESEL,SHELL,59.39,62.59,reported
2025-08-05,Pasay City,DIESEL,TOTAL,60.39,63.45,reported
2025-08-05,Pasay City,DIESEL PLUS,CALTEX,63.29,63.29,reported
2025-08-05,Pasay City,DIESEL PLUS,PETRON,61.3,61.3,reported
2025-08-05,Pasay City,DIESEL PLUS,PTT,59.3,59.3,reported
2025-08-05,Pasay City,DIESEL PLUS,SHELL,69.25,71.65,reported
2025-08-05,Pasay City,DIESEL PLUS,TOTAL,66.39,66.45,reported
2025-08-05,Pasay City,KEROSENE,CALTEX,84.9,84.9,reported
2025-08-05,Pasay City,KEROSENE,PETRON,75.61,75.61,reported
2025-08-05,Pasay City,RON 100,PETRON,68.18,68.74,reported
2025-08-05,Pasay City,RON 91,CALTEX,60.79,61.23,reported
2025-08-05,Pasay City,RON 91,FLYING,,,no_report
2025-08-05,Pasay City,RON 91,INDEPENDENT,52.8,56.3,reported
2025-08-05,Pasay City,RON 91,PETRON,56.9,57.85,reported
2025-08-05,Pasay City,RON 91,PTT,55.6,57.85,reported
2025-08-05,Pasay City,RON 91,SEAOIL,,,no_report
2025-08-05,Pasay City,RON 91,SHELL,58.4,61.29,reported
2025-08-05,Pasay City,RON 91,TOTAL,60.84,62.6,reported
2025-08-05,Pasay City,RON 95,CALTEX,64.8,68.11,reported
2025-08-05,Pasay City,RON 95,INDEPENDENT,54.3,57.3,reported
2025-08-05,Pasay City,RON 95,PETRON,55.4,59.35,reported
2025-08-05,Pasay City,RON 95,PTT,57.1,59.35,reported
2025-08-05,Pasay City,RON 95,SHELL,67.23,68.71,reported
2025-08-05,Pasay City,RON 95,TOTAL,64.1,64.46,reported
2025-08-05,Pasay City,RON 97,SHELL,70.23,71.0,reported
2025-08-05,Pasig City,DIESEL,CALTEX,58.71,63.59,reported
2025-08-05,Pasig City,DIESEL,FLYING,53.9,55.15,reported
2025-08-05,Pasig City,DIESEL,INDEPENDENT,53.95,55.9,reported
2025-08-05,Pasig City,DIESEL,PETRON,55.86,59.0,reported
2025-08-05,Pasig City,DIESEL,PHOENIX,55.15,58.9,reported
2025-08-05,Pasig City,DIESEL,SEAOIL,54.98,57.75,reported
2025-08-05,Pasig City,DIESEL,SHELL,58.69,60.99,reported
2025-08-05,Pasig City,DIESEL,TOTAL,57.9,57.9,reported
2025-08-05,Pasig City,DIESEL,UNIOIL,57.7,58.7,reported
2025-08-05,Pasig City,DIESEL PLUS,PETRON,58.64,62.0,reported
2025-08-05,Pasig City,DIESEL PLUS,SHELL,69.74,72.08,reported
2025-08-05,Pasig City,KEROSENE,PETRON,74.9,74.9,reported
2025-08-05,Pasig City,RON 100,PETRON,66.38,69.02,reported
2025-08-05,Pasig City,RON 91,CALTEX,58.94,62.54,reported
2025-08-05,Pasig City,RON 91,FLYING,54.28,55.4,reported
2025-08-05,Pasig City,RON 91,INDEPENDENT,52.9,55.2,reported
2025-08-05,Pasig City,RON 91,PETRON,54.8,57.45,reported
2025-08-05,Pasig City,RON 91,PHOENIX,54.45,58.4,reported
2025-08-05,Pasig City,RON 91,SEAOIL,53.9,54.9,reported
2025-08-05,Pasig City,RON 91,SHELL,58.24,60.44,reported
2025-08-05,Pasig City,RON 91,TOTAL,56.0,56.0,reported
2025-08-05,Pasig City,RON 91,UNIOIL,55.8,56.4,reported
2025-08-05,Pasig City,RON 95,CALTEX,62.47,68.73,reported
2025-08-05,Pasig City,RON 95,FLYING,55.4,55.9,reported
2025-08-05,Pasig City,RON 95,INDEPENDENT,54.4,55.84,reported
2025-08-05,Pasig City,RON 95,PETRON,55.96,58.95,reported
2025-08-05,Pasig City,RON 95,PHOENIX,55.75,61.75,reported
2025-08-05,Pasig City,RON 95,SHELL,65.84,70.24,reported
2025-08-05,Pasig City,RON 95,UNIOIL,57.9,58.3,reported
2025-08-05,Pasig City,RON 97,SEAOIL,55.8,56.8,reported
2025-08-05,Pasig City,RON 97,SHELL,69.6,73.39,reported
2025-08-05,Pasig City,RON 97,UNIOIL,69.57,74.4,reported
2025-08-05,Quezon City,DIESEL,CALTEX,61.52,63.65,reported
2025-08-05,Quezon City,DIESEL,FLYING,52.35,56.0,reported
2025-08-05,Quezon City,DIESEL,INDEPENDENT,50.55,52.6,reported
2025-08-05,Quezon City,DIESEL,PETRON,56.89,57.5,reported
2025-08-05,Quezon City,DIESEL,PHOENIX,53.7,63.85,reported
2025-08-05,Quezon City,DIESEL,SEAOIL,53.18,55.98,reported
2025-08-05,Quezon City,DIESEL,SHELL,59.59,61.39,reported
2025-08-05,Quezon City,DIESEL,UNIOIL,56.7,58.1,reported
2025-08-05,Quezon City,DIESEL PLUS,CALTEX,63.19,63.19,reported
2025-08-05,Quezon City,DIESEL PLUS,PETRON,59.89,60.6,reported
2025-08-05,Quezon City,DIESEL PLUS,SHELL,68.47,70.34,reported
2025-08-05,Quezon City,KEROSENE,PETRON,75.09,76.51,reported
2025-08-05,Quezon City,RON 100,PETRON,65.44,66.88,reported
2025-08-05,Quezon City,RON 91,CALTEX,60.77,65.35,reported
2025-08-05,Quezon City,RON 91,FLYING,51.25,53.85,reported
2025-08-05,Quezon City,RON 91,INDEPENDENT,49.35,51.55,reported
2025-08-05,Quezon City,RON 91,PETRON,54.7,55.3,reported
2025-08-05,Quezon City,RON 91,PHOENIX,53.55,62.75,reported
2025-08-05,Quezon City,RON 91,SEAOIL,54.09,55.7,reported
2025-08-05,Quezon City,RON 91,SHELL,57.79,58.84,reported
2025-08-05,Quezon City,RON 91,UNIOIL,53.95,55.7,reported
2025-08-05,Quezon City,RON 95,CALTEX,64.5,70.45,reported
2025-08-05,Quezon City,RON 95,FLYING,52.14,55.04,reported
2025-08-05,Quezon City,RON 95,INDEPENDENT,50.24,52.55,reported
2025-08-05,Quezon City,RON 95,PETRON,56.04,56.8,reported
2025-08-05,Quezon City,RON 95,PHOENIX,55.15,66.05,reported
2025-08-05,Quezon City,RON 95,SHELL,64.87,66.83,reported
2025-08-05,Quezon City,RON 95,UNIOIL,55.65,58.0,reported
2025-08-05,Quezon City,RON 97,INDEPENDENT,53.55,53.55,reported
2025-08-05,Quezon City,RON 97,SEAOIL,55.2,56.7,reported
2025-08-05,Quezon City,RON 97,SHELL,67.87,69.44,reported
2025-08-05,Quezon City,RON 97,UNIOIL,65.1,65.1,reported
2025-08-05,Taguig Cty,DIESEL,CALTEX,55.35,62.71,reported
2025-08-05,Taguig Cty,DIESEL,FLYING,55.35,56.8,reported
2025-08-05,Taguig Cty,DIESEL,INDEPENDENT,56.8,59.29,reported
2025-08-05,Taguig Cty,DIESEL,PETRON,57.9,58.7,reported
2025-08-05,Taguig Cty,DIESEL,SEAOIL,57.1,57.1,reported
2025-08-05,Taguig Cty,DIESEL,SHELL,59.29,61.19,reported
2025-08-05,Taguig Cty,DIESEL PLUS,CALTEX,69.8,69.8,reported
2025-08-05,Taguig Cty,DIESEL PLUS,PETRON,58.9,61.7,reported
2025-08-05,Taguig Cty,DIESEL PLUS,SHELL,69.83,71.53,reported
2025-08-05,Taguig Cty,KEROSENE,CALTEX,81.4,88.49,reported
2025-08-05,Taguig Cty,RON 100,PETRON,67.03,70.34,reported
2025-08-05,Taguig Cty,RON 91,CALTEX,55.4,63.43,reported
2025-08-05,Taguig Cty,RON 91,FLYING,55.4,57.2,reported
2025-08-05,Taguig Cty,RON 91,INDEPENDENT,56.27,58.89,reported
2025-08-05,Taguig Cty,RON 91,PETRON,56.15,59.45,reported
2025-08-05,Taguig Cty,RON 91,PHOENIX,,,no_report
2025-08-05,Taguig Cty,RON 91,SEAOIL,57.2,57.2,reported
2025-08-05,Taguig Cty,RON 91,SHELL,58.79,62.89,reported
2025-08-05,Taguig Cty,RON 91,TOTAL,,,no_report
2025-08-05,Taguig Cty,RON 91,UNIOIL,,,no_report
2025-08-05,Taguig Cty,RON 95,CALTEX,56.7,67.43,reported
2025-08-05,Taguig Cty,RON 95,FLYING,56.4,58.7,reported
2025-08-05,Taguig Cty,RON 95,INDEPENDENT,57.78,59.39,reported
2025-08-05,Taguig Cty,RON 95,PETRON,57.65,60.95,reported
2025-08-05,Taguig Cty,RON 95,SHELL,67.38,70.45,reported
2025-08-05,Taguig Cty,RON 97,SEAOIL,58.7,58.7,reported
2025-08-05,Taguig Cty,RON 97,SHELL,70.38,74.1,reported
2025-08-12,Caloocan City,DIESEL,CALTEX,58.84,58.84,reported
2025-08-12,Caloocan City,DIESEL,FLYING,51.33,51.4,reported
2025-08-12,Caloocan City,DIESEL,INDEPENDENT,49.0,53.85,reported
2025-08-12,Caloocan City,DIESEL,PETRON,53.2,55.79,reported
2025-08-12,Caloocan City,DIESEL,SEAOIL,51.7,56.65,reported
2025-08-12,Caloocan City,DIESEL,SHELL,56.84,57.95,reported
2025-08-12,Caloocan City,DIESEL,UNIOIL,55.99,55.99,reported
2025-08-12,Caloocan City,DIESEL PLUS,PETRON,58.55,58.55,reported
2025-08-12,Caloocan City,DIESEL PLUS,SHELL,65.9,69.58,reported
2025-08-12,Caloocan City,KEROSENE,PETRON,71.19,74.17,reported
2025-08-12,Caloocan City,RON 91,CALTEX,57.79,57.79,reported
2025-08-12,Caloocan City,RON 91,FLYING,50.27,51.6,reported
2025-08-12,Caloocan City,RON 91,INDEPENDENT,50.0,54.4,reported
2025-08-12,Caloocan City,RON 91,PETRON,52.4,55.55,reported
2025-08-12,Caloocan City,RON 91,SEAOIL,52.5,57.75,reported
2025-08-12,Caloocan City,RON 91,SHELL,56.59,57.29,reported
2025-08-12,Caloocan City,RON 91,UNIOIL,56.69,56.69,reported
2025-08-12,Caloocan City,RON 95,CALTEX,63.5,63.5,reported
2025-08-12,Caloocan City,RON 95,FLYING,50.91,52.6,reported
2025-08-12,Caloocan City,RON 95,INDEPENDENT,50.5,55.9,reported
2025-08-12,Caloocan City,RON 95,PETRON,53.6,57.0,reported
2025-08-12,Caloocan City,RON 95,SHELL,64.9,67.55,reported
2025-08-12,Caloocan City,RON 95,UNIOIL,59.2,59.2,reported
2025-08-12,Caloocan City,RON 97,SEAOIL,53.5,59.25,reported
2025-08-12,Caloocan City,RON 97,SHELL,70.34,70.55,reported
2025-08-12,Makati City,DIESEL,CALTEX,57.35,58.91,reported
2025-08-12,Makati City,DIESEL,INDEPENDENT,55.0,55.0,reported
2025-08-12,Makati City,DIESEL,PETRON,55.3,56.75,reported
2025-08-12,Makati City,DIESEL,PHOENIX,56.75,56.75,reported
2025-08-12,Makati City,DIESEL,SHELL,57.29,58.69,reported
2025-08-12,Makati City,DIESEL,UNIOIL,56.3,57.25,reported
2025-08-12,Makati City,DIESEL PLUS,CALTEX,60.85,66.46,reported
2025-08-12,Makati City,DIESEL PLUS,PETRON,58.3,59.75,reported
2025-08-12,Makati City,DIESEL PLUS,SHELL,67.09,68.49,reported
2025-08-12,Makati City,KEROSENE,PETRON,73.26,73.26,reported
2025-08-12,Makati City,RON 100,PETRON,65.86,67.78,reported
2025-08-12,Makati City,RON 91,CALTEX,56.45,61.07,reported
2025-08-12,Makati City,RON 91,FLYING,,,no_report
2025-08-12,Makati City,RON 91,INDEPENDENT,56.3,56.3,reported
2025-08-12,Makati City,RON 91,PETRON,54.9,56.9,reported
2025-08-12,Makati City,RON 91,PHOENIX,56.9,56.9,reported
2025-08-12,Makati City,RON 91,SHELL,58.39,60.53,reported
2025-08-12,Makati City,RON 91,TOTAL,,,no_report
2025-08-12,Makati City,RON 91,UNIOIL,57.4,57.9,reported
2025-08-12,Makati City,RON 95,CALTEX,59.56,69.15,reported
2025-08-12,Makati City,RON 95,INDEPENDENT,57.3,57.3,reported
2025-08-12,Makati City,RON 95,PETRON,56.4,58.4,reported
2025-08-12,Makati City,RON 95,PHOENIX,58.4,58.4,reported
2025-08-12,Makati City,RON 95,SHELL,65.98,68.12,reported
2025-08-12,Makati City,RON 95,UNIOIL,59.9,60.4,reported
2025-08-12,Makati City,RON 97,PHOENIX,71.08,71.08,reported
2025-08-12,Makati City,RON 97,SHELL,69.9,72.64,reported
2025-08-12,Makati City,RON 97,UNIOIL,71.37,73.8,reported
2025-08-12,Manila City,DIESEL,CALTEX,58.3,58.79,reported
2025-08-12,Manila City,DIESEL,FLYING,51.68,53.7,reported
2025-08-12,Manila City,DIESEL,INDEPENDENT,52.1,54.6,reported
2025-08-12,Manila City,DIESEL,PETRON,54.1,56.3,reported
2025-08-12,Manila City,DIESEL,SEAOIL,52.5,56.62,reported
2025-08-12,Manila City,DIESEL,SHELL,58.09,61.09,reported
2025-08-12,Manila City,DIESEL,TOTAL,55.7,56.89,reported
2025-08-12,Manila City,DIESEL PLUS,INDEPENDENT,56.6,56.6,reported
2025-08-12,Manila City,DIESEL PLUS,PETRON,57.1,59.3,reported
2025-08-12,Manila City,DIESEL PLUS,SHELL,67.89,70.28,reported
2025-08-12,Manila City,DIESEL PLUS,TOTAL,57.7,57.7,reported
2025-08-12,Manila City,KEROSENE,INDEPENDENT,71.3,71.3,reported
2025-08-12,Manila City,KEROSENE,PETRON,73.36,73.92,reported
2025-08-12,Manila City,RON 100,PETRON,65.68,66.59,reported
2025-08-12,Manila City,RON 91,CALTEX,57.8,59.25,reported
2025-08-12,Manila City,RON 91,FLYING,52.1,53.8,reported
2025-08-12,Manila City,RON 91,INDEPENDENT,51.6,56.1,reported
2025-08-12,Manila City,RON 91,PETRON,54.6,54.8,reported
2025-08-12,Manila City,RON 91,SEAOIL,52.84,56.15,reported
2025-08-12,Manila City,RON 91,SHELL,57.29,59.94,reported
2025-08-12,Manila City,RON 91,TOTAL,54.9,59.24,reported
2025-08-12,Manila City,RON 95,CALTEX,62.5,62.7,reported
2025-08-12,Manila City,RON 95,FLYING,53.1,55.6,reported
2025-08-12,Manila City,RON 95,INDEPENDENT,52.61,57.1,reported
2025-08-12,Manila City,RON 95,PETRON,56.1,56.3,reported
2025-08-12,Manila City,RON 95,SHELL,64.31,67.53,reported
2025-08-12,Manila City,RON 95,TOTAL,56.25,66.85,reported
2025-08-12,Manila City,RON 97,SEAOIL,54.1,58.5,reported
2025-08-12,Manila City,RON 97,SHELL,67.8,71.59,reported
2025-08-12,Muntinlupa City,DIESEL,CALTEX,57.58,58.57,reported
2025-08-12,Muntinlupa City,DIESEL,FLYING,53.1,53.1,reported
2025-08-12,Muntinlupa City,DIESEL,PETRON,54.1,55.66,reported
2025-08-12,Muntinlupa City,DIESEL,PHOENIX,54.45,54.65,reported
2025-08-12,Muntinlupa City,DIESEL,SEAOIL,56.1,58.75,reported
2025-08-12,Muntinlupa City,DIESEL,SHELL,57.89,63.76,reported
2025-08-12,Muntinlupa City,DIESEL,TOTAL,62.05,62.05,reported
2025-08-12,Muntinlupa City,DIESEL,UNIOIL,58.05,58.2,reported
2025-08-12,Muntinlupa City,DIESEL PLUS,PETRON,57.1,58.65,reported
2025-08-12,Muntinlupa City,DIESEL PLUS,SHELL,65.49,70.03,reported
2025-08-12,Muntinlupa City,DIESEL PLUS,TOTAL,65.05,65.05,reported
2025-08-12,Muntinlupa City,KEROSENE,CALTEX,73.54,73.54,reported
2025-08-12,Muntinlupa City,RON 100,PETRON,66.78,66.78,reported
2025-08-12,Muntinlupa City,RON 91,CALTEX,60.75,61.21,reported
2025-08-12,Muntinlupa City,RON 91,FLYING,55.4,55.4,reported
2025-08-12,Muntinlupa City,RON 91,PETRON,54.9,55.9,reported
2025-08-12,Muntinlupa City,RON 91,PHOENIX,54.9,55.1,reported
2025-08-12,Muntinlupa City,RON 91,PTT,,,no_report
2025-08-12,Muntinlupa City,RON 91,SEAOIL,56.7,64.0,reported
2025-08-12,Muntinlupa City,RON 91,SHELL,60.14,63.44,reported
2025-08-12,Muntinlupa City,RON 91,TOTAL,61.4,61.4,reported
2025-08-12,Muntinlupa City,RON 91,UNIOIL,57.9,57.9,reported
2025-08-12,Muntinlupa City,RON 95,CALTEX,64.56,64.86,reported
2025-08-12,Muntinlupa City,RON 95,FLYING,57.2,57.2,reported
2025-08-12,Muntinlupa City,RON 95,PETRON,56.1,57.4,reported
2025-08-12,Muntinlupa City,RON 95,PHOENIX,55.4,56.6,reported
2025-08-12,Muntinlupa City,RON 95,SHELL,66.95,69.72,reported
2025-08-12,Muntinlupa City,RON 95,TOTAL,62.4,62.4,reported
2025-08-12,Muntinlupa City,RON 95,UNIOIL,59.35,59.9,reported
2025-08-12,Muntinlupa City,RON 97,SEAOIL,58.85,64.82,reported
2025-08-12,Muntinlupa City,RON 97,SHELL,69.99,71.72,reported
2025-08-12,Parañaque City,DIESEL,CALTEX,58.3,58.89,reported
2025-08-12,Parañaque City,DIESEL,FLYING,54.34,54.35,reported
2025-08-12,Parañaque City,DIESEL,INDEPENDENT,54.5,56.1,reported
2025-08-12,Parañaque City,DIESEL,PETRON,53.1,57.35,reported
2025-08-12,Parañaque City,DIESEL,SEAOIL,54.61,55.15,reported
2025-08-12,Parañaque City,DIESEL,SHELL,58.89,59.84,reported
2025-08-12,Parañaque City,DIESEL,TOTAL,58.95,62.8,reported
2025-08-12,Parañaque City,DIESEL,UNIOIL,56.8,57.5,reported
2025-08-12,Parañaque City,DIESEL PLUS,CALTEX,60.5,60.89,reported
2025-08-12,Parañaque City,DIESEL PLUS,PETRON,56.1,60.34,reported
2025-08-12,Parañaque City,DIESEL PLUS,SHELL,66.15,69.09,reported
2025-08-12,Parañaque City,DIESEL PLUS,TOTAL,65.4,65.4,reported
2025-08-12,Parañaque City,KEROSENE,INDEPENDENT,73.6,73.6,reported
2025-08-12,Parañaque City,RON 100,PETRON,65.68,66.36,reported
2025-08-12,Parañaque City,RON 91,CALTEX,58.85,59.5,reported
2025-08-12,Parañaque City,RON 91,FLYING,53.3,55.05,reported
2025-08-12,Parañaque City,RON 91,INDEPENDENT,55.5,55.7,reported
2025-08-12,Parañaque City,RON 91,PETRON,53.9,56.5,reported
2025-08-12,Parañaque City,RON 91,PTT,,,no_report
2025-08-12,Parañaque City,RON 91,SEAOIL,54.0,54.45,reported
2025-08-12,Parañaque City,RON 91,SHELL,58.39,60.94,reported
2025-08-12,Parañaque City,RON 91,TOTAL,59.0,62.25,reported
2025-08-12,Parañaque City,RON 91,UNIOIL,57.45,57.5,reported
2025-08-12,Parañaque City,RON 95,CALTEX,61.95,62.1,reported
2025-08-12,Parañaque City,RON 95,FLYING,54.3,56.05,reported
2025-08-12,Parañaque City,RON 95,INDEPENDENT,56.0,57.15,reported
2025-08-12,Parañaque City,RON 95,PETRON,55.4,58.1,reported
2025-08-12,Parañaque City,RON 95,SHELL,65.15,68.3,reported
2025-08-12,Parañaque City,RON 95,TOTAL,60.5,63.75,reported
2025-08-12,Parañaque City,RON 95,UNIOIL,58.95,59.1,reported
2025-08-12,Parañaque City,RON 97,SEAOIL,55.0,55.45,reported
2025-08-12,Parañaque City,RON 97,SHELL,68.04,71.45,reported
2025-08-12,Parañaque City,RON 97,UNIOIL,66.1,66.1,reported
2025-08-12,Pasay City,DIESEL,CALTEX,59.29,61.29,reported
2025-08-12,Pasay City,DIESEL,INDEPENDENT,51.69,52.99,reported
2025-08-12,Pasay City,DIESEL,PETRON,52.9,56.8,reported
2025-08-12,Pasay City,DIESEL,PTT,53.1,56.8,reported
2025-08-12,Pasay City,DIESEL,SHELL,57.89,61.09,reported
2025-08-12,Pasay City,DIESEL,TOTAL,58.89,61.95,reported
2025-08-12,Pasay City,DIESEL PLUS,CALTEX,61.79,61.79,reported
2025-08-12,Pasay City,DIESEL PLUS,PETRON,59.8,59.8,reported
2025-08-12,Pasay City,DIESEL PLUS,PTT,57.8,57.8,reported
2025-08-12,Pasay City,DIESEL PLUS,SHELL,67.75,70.15,reported
2025-08-12,Pasay City,DIESEL PLUS,TOTAL,64.89,64.95,reported
2025-08-12,Pasay City,KEROSENE,CALTEX,83.9,83.9,reported
2025-08-12,Pasay City,KEROSENE,PETRON,74.31,74.31,reported
2025-08-12,Pasay City,RON 100,PETRON,67.78,68.34,reported
2025-08-12,Pasay City,RON 91,CALTEX,60.39,60.83,reported
2025-08-12,Pasay City,RON 91,FLYING,,,no_report
2025-08-12,Pasay City,RON 91,INDEPENDENT,52.3,54.3,reported
2025-08-12,Pasay City,RON 91,PETRON,54.2,57.45,reported
2025-08-12,Pasay City,RON 91,PTT,53.4,57.45,reported
2025-08-12,Pasay City,RON 91,SEAOIL,,,no_report
2025-08-12,Pasay City,RON 91,SHELL,58.0,60.85,reported
2025-08-12,Pasay City,RON 91,TOTAL,60.44,62.2,reported
2025-08-12,Pasay City,RON 95,CALTEX,64.4,67.71,reported
2025-08-12,Pasay City,RON 95,INDEPENDENT,53.9,56.1,reported
2025-08-12,Pasay City,RON 95,PETRON,55.7,58.95,reported
2025-08-12,Pasay City,RON 95,PTT,54.9,58.95,reported
2025-08-12,Pasay City,RON 95,SHELL,66.83,67.42,reported
2025-08-12,Pasay City,RON 95,TOTAL,63.7,64.06,reported
2025-08-12,Pasay City,RON 97,SHELL,69.83,70.6,reported
2025-08-12,Pasig City,DIESEL,CALTEX,57.21,62.09,reported
2025-08-12,Pasig City,DIESEL,FLYING,52.4,53.65,reported
2025-08-12,Pasig City,DIESEL,INDEPENDENT,53.6,56.6,reported
2025-08-12,Pasig City,DIESEL,PETRON,53.6,56.15,reported
2025-08-12,Pasig City,DIESEL,PHOENIX,52.45,57.4,reported
2025-08-12,Pasig City,DIESEL,SEAOIL,53.07,56.25,reported
2025-08-12,Pasig City,DIESEL,SHELL,57.19,59.49,reported
2025-08-12,Pasig City,DIESEL,TOTAL,56.4,56.4,reported
2025-08-12,Pasig City,DIESEL,UNIOIL,54.6,56.2,reported
2025-08-12,Pasig City,DIESEL PLUS,PETRON,56.6,58.2,reported
2025-08-12,Pasig City,DIESEL PLUS,SHELL,67.0,69.61,reported
2025-08-12,Pasig City,KEROSENE,PETRON,73.68,73.68,reported
2025-08-12,Pasig City,RON 100,PETRON,64.58,66.64,reported
2025-08-12,Pasig City,RON 91,CALTEX,58.54,62.14,reported
2025-08-12,Pasig City,RON 91,FLYING,52.0,54.85,reported
2025-08-12,Pasig City,RON 91,INDEPENDENT,52.9,54.35,reported
2025-08-12,Pasig City,RON 91,PETRON,53.05,55.75,reported
2025-08-12,Pasig City,RON 91,PHOENIX,52.35,58.0,reported
2025-08-12,Pasig City,RON 91,SEAOIL,53.1,54.5,reported
2025-08-12,Pasig City,RON 91,SHELL,57.84,60.04,reported
2025-08-12,Pasig City,RON 91,TOTAL,55.6,55.6,reported
2025-08-12,Pasig City,RON 91,UNIOIL,55.2,56.0,reported
2025-08-12,Pasig City,RON 95,CALTEX,62.07,68.33,reported
2025-08-12,Pasig City,RON 95,FLYING,53.5,55.0,reported
2025-08-12,Pasig City,RON 95,INDEPENDENT,53.95,54.85,reported
2025-08-12,Pasig City,RON 95,PETRON,54.55,57.26,reported
2025-08-12,Pasig City,RON 95,PHOENIX,53.5,61.35,reported
2025-08-12,Pasig City,RON 95,SHELL,65.44,69.84,reported
2025-08-12,Pasig City,RON 95,UNIOIL,58.2,58.5,reported
2025-08-12,Pasig City,RON 97,SEAOIL,54.1,56.4,reported
2025-08-12,Pasig City,RON 97,SHELL,69.2,72.99,reported
2025-08-12,Pasig City,RON 97,UNIOIL,69.17,74.0,reported
2025-08-12,Quezon City,DIESEL,CALTEX,60.02,62.15,reported
2025-08-12,Quezon City,DIESEL,FLYING,50.77,54.5,reported
2025-08-12,Quezon City,DIESEL,INDEPENDENT,49.05,52.3,reported
2025-08-12,Quezon City,DIESEL,PETRON,54.85,55.6,reported
2025-08-12,Quezon City,DIESEL,PHOENIX,52.2,62.35,reported
2025-08-12,Quezon City,DIESEL,SEAOIL,51.3,54.06,reported
2025-08-12,Quezon City,DIESEL,SHELL,57.84,59.39,reported
2025-08-12,Quezon City,DIESEL,UNIOIL,56.4,56.6,reported
2025-08-12,Quezon City,DIESEL PLUS,CALTEX,61.69,61.69,reported
2025-08-12,Quezon City,DIESEL PLUS,PETRON,57.85,58.6,reported
2025-08-12,Quezon City,DIESEL PLUS,SHELL,66.97,68.84,reported
2025-08-12,Quezon City,KEROSENE,PETRON,73.79,75.21,reported
2025-08-12,Quezon City,RON 100,PETRON,64.82,65.28,reported
2025-08-12,Quezon City,RON 91,CALTEX,60.37,64.95,reported
2025-08-12,Quezon City,RON 91,FLYING,49.66,53.45,reported
2025-08-12,Quezon City,RON 91,INDEPENDENT,48.65,53.05,reported
2025-08-12,Quezon City,RON 91,PETRON,53.3,54.15,reported
2025-08-12,Quezon City,RON 91,PHOENIX,53.15,62.35,reported
2025-08-12,Quezon City,RON 91,SEAOIL,52.6,54.1,reported
2025-08-12,Quezon City,RON 91,SHELL,56.79,58.44,reported
2025-08-12,Quezon City,RON 91,UNIOIL,55.3,55.45,reported
2025-08-12,Quezon City,RON 95,CALTEX,64.1,70.05,reported
2025-08-12,Quezon City,RON 95,FLYING,50.31,54.64,reported
2025-08-12,Quezon City,RON 95,INDEPENDENT,49.65,54.05,reported
2025-08-12,Quezon City,RON 95,PETRON,54.81,55.35,reported
2025-08-12,Quezon City,RON 95,PHOENIX,54.75,65.65,reported
2025-08-12,Quezon City,RON 95,SHELL,64.47,66.43,reported
2025-08-12,Quezon City,RON 95,UNIOIL,57.15,57.8,reported
2025-08-12,Quezon City,RON 97,INDEPENDENT,55.05,55.05,reported
2025-08-12,Quezon City,RON 97,SEAOIL,53.6,55.1,reported
2025-08-12,Quezon City,RON 97,SHELL,67.47,69.04,reported
2025-08-12,Quezon City,RON 97,UNIOIL,66.6,66.6,reported
2025-08-12,Taguig Cty,DIESEL,CALTEX,53.4,60.19,reported
2025-08-12,Taguig Cty,DIESEL,FLYING,53.3,55.3,reported
2025-08-12,Taguig Cty,DIESEL,INDEPENDENT,56.28,59.29,reported
2025-08-12,Taguig Cty,DIESEL,PETRON,56.4,57.2,reported
2025-08-12,Taguig Cty,DIESEL,SEAOIL,55.6,55.6,reported
2025-08-12,Taguig Cty,DIESEL,SHELL,57.79,59.69,reported
2025-08-12,Taguig Cty,DIESEL PLUS,CALTEX,68.8,68.8,reported
2025-08-12,Taguig Cty,DIESEL PLUS,PETRON,57.4,60.2,reported
2025-08-12,Taguig Cty,DIESEL PLUS,SHELL,66.0,68.64,reported
2025-08-12,Taguig Cty,KEROSENE,CALTEX,80.1,87.49,reported
2025-08-12,Taguig Cty,RON 100,PETRON,66.63,69.94,reported
2025-08-12,Taguig Cty,RON 91,CALTEX,54.4,63.03,reported
2025-08-12,Taguig Cty,RON 91,FLYING,53.0,56.8,reported
2025-08-12,Taguig Cty,RON 91,INDEPENDENT,55.87,58.89,reported
2025-08-12,Taguig Cty,RON 91,PETRON,54.75,59.05,reported
2025-08-12,Taguig Cty,RON 91,PHOENIX,,,no_report
2025-08-12,Taguig Cty,RON 91,SEAOIL,56.8,56.8,reported
2025-08-12,Taguig Cty,RON 91,SHELL,58.39,62.49,reported
2025-08-12,Taguig Cty,RON 91,TOTAL,,,no_report
2025-08-12,Taguig Cty,RON 91,UNIOIL,,,no_report
2025-08-12,Taguig Cty,RON 95,CALTEX,55.9,67.03,reported
2025-08-12,Taguig Cty,RON 95,FLYING,54.3,58.3,reported
2025-08-12,Taguig Cty,RON 95,INDEPENDENT,57.38,59.39,reported
2025-08-12,Taguig Cty,RON 95,PETRON,56.25,60.55,reported
2025-08-12,Taguig Cty,RON 95,SHELL,66.98,70.05,reported
2025-08-12,Taguig Cty,RON 97,SEAOIL,58.3,58.3,reported
2025-08-12,Taguig Cty,RON 97,SHELL,69.98,73.7,reported
2025-08-19,Caloocan City,DIESEL,CALTEX,56.54,56.54,reported
2025-08-19,Caloocan City,DIESEL,FLYING,50.25,50.65,reported
2025-08-19,Caloocan City,DIESEL,INDEPENDENT,49.0,53.05,reported
2025-08-19,Caloocan City,DIESEL,PETRON,52.4,56.5,reported
2025-08-19,Caloocan City,DIESEL,SEAOIL,50.2,55.85,reported
2025-08-19,Caloocan City,DIESEL,SHELL,54.54,56.73,reported
2025-08-19,Caloocan City,DIESEL,UNIOIL,55.55,55.55,reported
2025-08-19,Caloocan City,DIESEL PLUS,PETRON,59.5,59.5,reported
2025-08-19,Caloocan City,DIESEL PLUS,SHELL,65.1,68.67,reported
2025-08-19,Caloocan City,KEROSENE,PETRON,71.69,73.27,reported
2025-08-19,Caloocan City,RON 91,CALTEX,57.79,57.79,reported
2025-08-19,Caloocan City,RON 91,FLYING,50.87,51.75,reported
2025-08-19,Caloocan City,RON 91,INDEPENDENT,50.0,55.0,reported
2025-08-19,Caloocan City,RON 91,PETRON,54.0,58.35,reported
2025-08-19,Caloocan City,RON 91,SEAOIL,51.5,58.35,reported
2025-08-19,Caloocan City,RON 91,SHELL,55.7,57.29,reported
2025-08-19,Caloocan City,RON 91,UNIOIL,56.99,56.99,reported
2025-08-19,Caloocan City,RON 95,CALTEX,64.1,64.1,reported
2025-08-19,Caloocan City,RON 95,FLYING,51.51,53.15,reported
2025-08-19,Caloocan City,RON 95,INDEPENDENT,50.5,56.5,reported
2025-08-19,Caloocan City,RON 95,PETRON,55.2,59.85,reported
2025-08-19,Caloocan City,RON 95,SHELL,63.15,66.1,reported
2025-08-19,Caloocan City,RON 95,UNIOIL,59.8,59.8,reported
2025-08-19,Caloocan City,RON 97,SEAOIL,52.6,59.85,reported
2025-08-19,Caloocan City,RON 97,SHELL,70.94,71.15,reported
2025-08-19,Makati City,DIESEL,CALTEX,54.45,57.91,reported
2025-08-19,Makati City,DIESEL,INDEPENDENT,53.5,53.5,reported
2025-08-19,Makati City,DIESEL,PETRON,53.1,55.95,reported
2025-08-19,Makati City,DIESEL,PHOENIX,52.7,52.7,reported
2025-08-19,Makati City,DIESEL,SHELL,56.49,57.39,reported
2025-08-19,Makati City,DIESEL,UNIOIL,53.2,55.5,reported
2025-08-19,Makati City,DIESEL PLUS,CALTEX,60.05,66.16,reported
2025-08-19,Makati City,DIESEL PLUS,PETRON,56.1,58.95,reported
2025-08-19,Makati City,DIESEL PLUS,SHELL,65.98,67.38,reported
2025-08-19,Makati City,KEROSENE,PETRON,72.36,72.36,reported
2025-08-19,Makati City,RON 100,PETRON,66.13,67.18,reported
2025-08-19,Makati City,RON 91,CALTEX,57.64,60.67,reported
2025-08-19,Makati City,RON 91,FLYING,,,no_report
2025-08-19,Makati City,RON 91,INDEPENDENT,55.5,55.5,reported
2025-08-19,Makati City,RON 91,PETRON,55.5,56.8,reported
2025-08-19,Makati City,RON 91,PHOENIX,54.5,54.5,reported
2025-08-19,Makati City,RON 91,SHELL,58.29,60.93,reported
2025-08-19,Makati City,RON 91,TOTAL,,,no_report
2025-08-19,Makati City,RON 91,UNIOIL,55.5,57.0,reported
2025-08-19,Makati City,RON 95,CALTEX,59.15,69.75,reported
2025-08-19,Makati City,RON 95,INDEPENDENT,57.0,57.0,reported
2025-08-19,Makati City,RON 95,PETRON,57.0,57.85,reported
2025-08-19,Makati City,RON 95,PHOENIX,56.0,56.0,reported
2025-08-19,Makati City,RON 95,SHELL,65.09,67.95,reported
2025-08-19,Makati City,RON 95,UNIOIL,58.0,59.5,reported
2025-08-19,Makati City,RON 97,PHOENIX,69.99,69.99,reported
2025-08-19,Makati City,RON 97,SHELL,70.5,73.24,reported
2025-08-19,Makati City,RON 97,UNIOIL,71.97,74.4,reported
2025-08-19,Manila City,DIESEL,CALTEX,56.3,57.15,reported
2025-08-19,Manila City,DIESEL,FLYING,50.87,52.5,reported
2025-08-19,Manila City,DIESEL,INDEPENDENT,50.86,53.0,reported
2025-08-19,Manila City,DIESEL,PETRON,53.3,54.2,reported
2025-08-19,Manila City,DIESEL,SEAOIL,52.4,53.3,reported
2025-08-19,Manila City,DIESEL,SHELL,54.59,56.79,reported
2025-08-19,Manila City,DIESEL,TOTAL,54.0,56.09,reported
2025-08-19,Manila City,DIESEL PLUS,INDEPENDENT,55.3,55.3,reported
2025-08-19,Manila City,DIESEL PLUS,PETRON,56.3,57.2,reported
2025-08-19,Manila City,DIESEL PLUS,SHELL,64.48,68.76,reported
2025-08-19,Manila City,DIESEL PLUS,TOTAL,56.0,56.0,reported
2025-08-19,Manila City,KEROSENE,INDEPENDENT,71.3,71.3,reported
2025-08-19,Manila City,KEROSENE,PETRON,72.46,72.72,reported
2025-08-19,Manila City,RON 100,PETRON,65.07,67.19,reported
2025-08-19,Manila City,RON 91,CALTEX,58.4,58.99,reported
2025-08-19,Manila City,RON 91,FLYING,52.6,54.08,reported
2025-08-19,Manila City,RON 91,INDEPENDENT,51.6,54.0,reported
2025-08-19,Manila City,RON 91,PETRON,54.3,56.3,reported
2025-08-19,Manila City,RON 91,SEAOIL,52.42,55.39,reported
2025-08-19,Manila City,RON 91,SHELL,57.19,59.59,reported
2025-08-19,Manila City,RON 91,TOTAL,54.2,59.84,reported
2025-08-19,Manila City,RON 95,CALTEX,61.9,63.1,reported
2025-08-19,Manila City,RON 95,FLYING,54.38,55.6,reported
2025-08-19,Manila City,RON 95,INDEPENDENT,52.6,54.3,reported
2025-08-19,Manila City,RON 95,PETRON,55.8,57.81,reported
2025-08-19,Manila City,RON 95,SHELL,64.91,67.28,reported
2025-08-19,Manila City,RON 95,TOTAL,55.2,67.43,reported
2025-08-19,Manila City,RON 97,SEAOIL,54.1,56.9,reported
2025-08-19,Manila City,RON 97,SHELL,68.4,72.19,reported
2025-08-19,Muntinlupa City,DIESEL,CALTEX,55.78,57.77,reported
2025-08-19,Muntinlupa City,DIESEL,FLYING,52.6,52.6,reported
2025-08-19,Muntinlupa City,DIESEL,PETRON,53.3,54.86,reported
2025-08-19,Muntinlupa City,DIESEL,PHOENIX,53.6,53.65,reported
2025-08-19,Muntinlupa City,DIESEL,SEAOIL,55.3,57.95,reported
2025-08-19,Muntinlupa City,DIESEL,SHELL,53.72,57.19,reported
2025-08-19,Muntinlupa City,DIESEL,TOTAL,61.29,61.29,reported
2025-08-19,Muntinlupa City,DIESEL,UNIOIL,56.25,57.4,reported
2025-08-19,Muntinlupa City,DIESEL PLUS,PETRON,56.3,57.85,reported
2025-08-19,Muntinlupa City,DIESEL PLUS,SHELL,64.69,69.23,reported
2025-08-19,Muntinlupa City,DIESEL PLUS,TOTAL,64.25,64.25,reported
2025-08-19,Muntinlupa City,KEROSENE,CALTEX,72.64,72.64,reported
2025-08-19,Muntinlupa City,RON 100,PETRON,67.38,67.38,reported
2025-08-19,Muntinlupa City,RON 91,CALTEX,60.74,61.26,reported
2025-08-19,Muntinlupa City,RON 91,FLYING,55.5,55.5,reported
2025-08-19,Muntinlupa City,RON 91,PETRON,56.5,56.5,reported
2025-08-19,Muntinlupa City,RON 91,PHOENIX,55.1,55.7,reported
2025-08-19,Muntinlupa City,RON 91,PTT,,,no_report
2025-08-19,Muntinlupa City,RON 91,SEAOIL,57.3,64.6,reported
2025-08-19,Muntinlupa City,RON 91,SHELL,59.49,64.04,reported
2025-08-19,Muntinlupa City,RON 91,TOTAL,62.0,62.0,reported
2025-08-19,Muntinlupa City,RON 91,UNIOIL,58.15,58.15,reported
2025-08-19,Muntinlupa City,RON 95,CALTEX,65.16,65.46,reported
2025-08-19,Muntinlupa City,RON 95,FLYING,57.3,57.3,reported
2025-08-19,Muntinlupa City,RON 95,PETRON,58.0,58.0,reported
2025-08-19,Muntinlupa City,RON 95,PHOENIX,56.1,57.2,reported
2025-08-19,Muntinlupa City,RON 95,SHELL,67.55,70.32,reported
2025-08-19,Muntinlupa City,RON 95,TOTAL,63.0,63.0,reported
2025-08-19,Muntinlupa City,RON 95,UNIOIL,59.15,60.5,reported
2025-08-19,Muntinlupa City,RON 97,SEAOIL,59.45,65.42,reported
2025-08-19,Muntinlupa City,RON 97,SHELL,70.59,72.32,reported
2025-08-19,Parañaque City,DIESEL,CALTEX,54.31,58.49,reported
2025-08-19,Parañaque City,DIESEL,FLYING,51.3,54.6,reported
2025-08-19,Parañaque City,DIESEL,INDEPENDENT,53.7,55.3,reported
2025-08-19,Parañaque City,DIESEL,PETRON,52.3,54.55,reported
2025-08-19,Parañaque City,DIESEL,SEAOIL,54.05,54.35,reported
2025-08-19,Parañaque City,DIESEL,SHELL,57.74,58.69,reported
2025-08-19,Parañaque City,DIESEL,TOTAL,58.15,62.0,reported
2025-08-19,Parañaque City,DIESEL,UNIOIL,53.3,56.0,reported
2025-08-19,Parañaque City,DIESEL PLUS,CALTEX,56.31,59.59,reported
2025-08-19,Parañaque City,DIESEL PLUS,PETRON,55.3,57.55,reported
2025-08-19,Parañaque City,DIESEL PLUS,SHELL,64.39,67.88,reported
2025-08-19,Parañaque City,DIESEL PLUS,TOTAL,64.6,64.6,reported
2025-08-19,Parañaque City,KEROSENE,INDEPENDENT,72.7,72.7,reported
2025-08-19,Parañaque City,RON 100,PETRON,63.83,66.96,reported
2025-08-19,Parañaque City,RON 91,CALTEX,59.0,59.45,reported
2025-08-19,Parañaque City,RON 91,FLYING,55.1,55.15,reported
2025-08-19,Parañaque City,RON 91,INDEPENDENT,55.1,55.7,reported
2025-08-19,Parañaque City,RON 91,PETRON,53.05,56.0,reported
2025-08-19,Parañaque City,RON 91,PTT,,,no_report
2025-08-19,Parañaque City,RON 91,SEAOIL,55.05,55.1,reported
2025-08-19,Parañaque City,RON 91,SHELL,58.99,61.34,reported
2025-08-19,Parañaque City,RON 91,TOTAL,59.6,62.25,reported
2025-08-19,Parañaque City,RON 91,UNIOIL,56.5,58.05,reported
2025-08-19,Parañaque City,RON 95,CALTEX,61.01,62.55,reported
2025-08-19,Parañaque City,RON 95,FLYING,56.15,56.6,reported
2025-08-19,Parañaque City,RON 95,INDEPENDENT,56.6,57.55,reported
2025-08-19,Parañaque City,RON 95,PETRON,54.55,57.51,reported
2025-08-19,Parañaque City,RON 95,SHELL,65.75,68.24,reported
2025-08-19,Parañaque City,RON 95,TOTAL,61.1,63.75,reported
2025-08-19,Parañaque City,RON 95,UNIOIL,59.0,59.55,reported
2025-08-19,Parañaque City,RON 97,SEAOIL,56.05,56.1,reported
2025-08-19,Parañaque City,RON 97,SHELL,68.64,72.05,reported
2025-08-19,Parañaque City,RON 97,UNIOIL,66.7,66.7,reported
2025-08-19,Pasay City,DIESEL,CALTEX,57.13,60.29,reported
2025-08-19,Pasay City,DIESEL,INDEPENDENT,50.69,51.81,reported
2025-08-19,Pasay City,DIESEL,PETRON,52.1,56.0,reported
2025-08-19,Pasay City,DIESEL,PTT,52.3,56.0,reported
2025-08-19,Pasay City,DIESEL,SHELL,55.09,58.49,reported
2025-08-19,Pasay City,DIESEL,TOTAL,57.09,61.15,reported
2025-08-19,Pasay City,DIESEL PLUS,CALTEX,59.63,59.63,reported
2025-08-19,Pasay City,DIESEL PLUS,PETRON,59.0,59.0,reported
2025-08-19,Pasay City,DIESEL PLUS,PTT,57.0,57.0,reported
2025-08-19,Pasay City,DIESEL PLUS,SHELL,63.59,66.95,reported
2025-08-19,Pasay City,DIESEL PLUS,TOTAL,63.09,64.15,reported
2025-08-19,Pasay City,KEROSENE,CALTEX,83.0,83.0,reported
2025-08-19,Pasay City,KEROSENE,PETRON,72.41,72.41,reported
2025-08-19,Pasay City,RON 100,PETRON,65.78,68.94,reported
2025-08-19,Pasay City,RON 91,CALTEX,59.53,60.09,reported
2025-08-19,Pasay City,RON 91,FLYING,,,no_report
2025-08-19,Pasay City,RON 91,INDEPENDENT,52.2,53.0,reported
2025-08-19,Pasay City,RON 91,PETRON,54.8,58.05,reported
2025-08-19,Pasay City,RON 91,PTT,55.0,58.05,reported
2025-08-19,Pasay City,RON 91,SEAOIL,,,no_report
2025-08-19,Pasay City,RON 91,SHELL,58.09,61.49,reported
2025-08-19,Pasay City,RON 91,TOTAL,60.04,62.8,reported
2025-08-19,Pasay City,RON 95,CALTEX,63.03,68.31,reported
2025-08-19,Pasay City,RON 95,INDEPENDENT,53.9,54.8,reported
2025-08-19,Pasay City,RON 95,PETRON,56.3,59.55,reported
2025-08-19,Pasay City,RON 95,PTT,56.5,59.55,reported
2025-08-19,Pasay City,RON 95,SHELL,64.89,68.02,reported
2025-08-19,Pasay City,RON 95,TOTAL,63.66,64.3,reported
2025-08-19,Pasay City,RON 97,SHELL,70.43,71.2,reported
2025-08-19,Pasig City,DIESEL,CALTEX,56.41,61.29,reported
2025-08-19,Pasig City,DIESEL,FLYING,51.65,53.0,reported
2025-08-19,Pasig City,DIESEL,INDEPENDENT,50.8,54.29,reported
2025-08-19,Pasig City,DIESEL,PETRON,52.8,55.35,reported
2025-08-19,Pasig City,DIESEL,PHOENIX,50.8,56.15,reported
2025-08-19,Pasig City,DIESEL,SEAOIL,51.7,53.95,reported
2025-08-19,Pasig City,DIESEL,SHELL,56.04,57.98,reported
2025-08-19,Pasig City,DIESEL,TOTAL,53.91,53.91,reported
2025-08-19,Pasig City,DIESEL,UNIOIL,53.8,55.4,reported
2025-08-19,Pasig City,DIESEL PLUS,PETRON,55.8,57.39,reported
2025-08-19,Pasig City,DIESEL PLUS,SHELL,64.88,66.82,reported
2025-08-19,Pasig City,KEROSENE,PETRON,72.78,72.78,reported
2025-08-19,Pasig City,RON 100,PETRON,65.18,67.24,reported
2025-08-19,Pasig City,RON 91,CALTEX,59.14,62.74,reported
2025-08-19,Pasig City,RON 91,FLYING,51.9,53.55,reported
2025-08-19,Pasig City,RON 91,INDEPENDENT,52.55,53.55,reported
2025-08-19,Pasig City,RON 91,PETRON,53.65,56.35,reported
2025-08-19,Pasig City,RON 91,PHOENIX,52.55,58.4,reported
2025-08-19,Pasig City,RON 91,SEAOIL,54.0,54.9,reported
2025-08-19,Pasig City,RON 91,SHELL,57.99,59.9,reported
2025-08-19,Pasig City,RON 91,TOTAL,55.11,55.11,reported
2025-08-19,Pasig City,RON 91,UNIOIL,55.3,56.6,reported
2025-08-19,Pasig City,RON 95,CALTEX,62.67,68.93,reported
2025-08-19,Pasig City,RON 95,FLYING,53.4,54.6,reported
2025-08-19,Pasig City,RON 95,INDEPENDENT,53.55,55.04,reported
2025-08-19,Pasig City,RON 95,PETRON,55.14,57.86,reported
2025-08-19,Pasig City,RON 95,PHOENIX,53.55,60.4,reported
2025-08-19,Pasig City,RON 95,SHELL,65.25,67.15,reported
2025-08-19,Pasig City,RON 95,UNIOIL,57.8,59.1,reported
2025-08-19,Pasig City,RON 97,SEAOIL,55.1,56.4,reported
2025-08-19,Pasig City,RON 97,SHELL,69.8,73.59,reported
2025-08-19,Pasig City,RON 97,UNIOIL,69.77,74.6,reported
2025-08-19,Quezon City,DIESEL,CALTEX,59.15,59.22,reported
2025-08-19,Quezon City,DIESEL,FLYING,49.66,53.71,reported
2025-08-19,Quezon City,DIESEL,INDEPENDENT,48.25,52.0,reported
2025-08-19,Quezon City,DIESEL,PETRON,51.8,54.6,reported
2025-08-19,Quezon City,DIESEL,PHOENIX,50.2,57.55,reported
2025-08-19,Quezon City,DIESEL,SEAOIL,50.88,52.8,reported
2025-08-19,Quezon City,DIESEL,SHELL,56.65,58.19,reported
2025-08-19,Quezon City,DIESEL,UNIOIL,55.6,55.8,reported
2025-08-19,Quezon City,DIESEL PLUS,CALTEX,60.89,60.89,reported
2025-08-19,Quezon City,DIESEL PLUS,PETRON,54.8,57.6,reported
2025-08-19,Quezon City,DIESEL PLUS,SHELL,66.17,67.38,reported
2025-08-19,Quezon City,KEROSENE,PETRON,72.89,75.31,reported
2025-08-19,Quezon City,RON 100,PETRON,63.66,65.88,reported
2025-08-19,Quezon City,RON 91,CALTEX,60.95,60.97,reported
2025-08-19,Quezon City,RON 91,FLYING,50.26,54.05,reported
2025-08-19,Quezon City,RON 91,INDEPENDENT,48.25,51.65,reported
2025-08-19,Quezon City,RON 91,PETRON,52.85,55.0,reported
2025-08-19,Quezon City,RON 91,PHOENIX,52.2,58.55,reported
2025-08-19,Quezon City,RON 91,SEAOIL,52.6,53.48,reported
2025-08-19,Quezon City,RON 91,SHELL,56.99,59.04,reported
2025-08-19,Quezon City,RON 91,UNIOIL,55.9,56.25,reported
2025-08-19,Quezon City,RON 95,CALTEX,65.7,66.05,reported
2025-08-19,Quezon City,RON 95,FLYING,50.9,55.24,reported
2025-08-19,Quezon City,RON 95,INDEPENDENT,49.25,52.65,reported
2025-08-19,Quezon City,RON 95,PETRON,54.2,56.5,reported
2025-08-19,Quezon City,RON 95,PHOENIX,53.7,62.05,reported
2025-08-19,Quezon City,RON 95,SHELL,65.07,66.05,reported
2025-08-19,Quezon City,RON 95,UNIOIL,57.95,58.4,reported
2025-08-19,Quezon City,RON 97,INDEPENDENT,53.65,53.65,reported
2025-08-19,Quezon City,RON 97,SEAOIL,53.6,54.48,reported
2025-08-19,Quezon City,RON 97,SHELL,67.75,69.05,reported
2025-08-19,Quezon City,RON 97,UNIOIL,67.2,67.2,reported
2025-08-19,Taguig Cty,DIESEL,CALTEX,53.25,58.89,reported
2025-08-19,Taguig Cty,DIESEL,FLYING,52.4,54.5,reported
2025-08-19,Taguig Cty,DIESEL,INDEPENDENT,53.58,59.29,reported
2025-08-19,Taguig Cty,DIESEL,PETRON,53.6,56.4,reported
2025-08-19,Taguig Cty,DIESEL,SEAOIL,54.8,54.8,reported
2025-08-19,Taguig Cty,DIESEL,SHELL,56.64,58.75,reported
2025-08-19,Taguig Cty,DIESEL PLUS,CALTEX,68.8,68.8,reported
2025-08-19,Taguig Cty,DIESEL PLUS,PETRON,56.6,59.4,reported
2025-08-19,Taguig Cty,DIESEL PLUS,SHELL,65.2,66.8,reported
2025-08-19,Taguig Cty,KEROSENE,CALTEX,79.2,86.59,reported
2025-08-19,Taguig Cty,RON 100,PETRON,67.23,70.54,reported
2025-08-19,Taguig Cty,RON 91,CALTEX,53.55,63.09,reported
2025-08-19,Taguig Cty,RON 91,FLYING,53.5,57.4,reported
2025-08-19,Taguig Cty,RON 91,INDEPENDENT,55.98,58.89,reported
2025-08-19,Taguig Cty,RON 91,PETRON,56.01,59.65,reported
2025-08-19,Taguig Cty,RON 91,PHOENIX,,,no_report
2025-08-19,Taguig Cty,RON 91,SEAOIL,55.7,55.7,reported
2025-08-19,Taguig Cty,RON 91,SHELL,58.99,63.09,reported
2025-08-19,Taguig Cty,RON 91,TOTAL,,,no_report
2025-08-19,Taguig Cty,RON 91,UNIOIL,,,no_report
2025-08-19,Taguig Cty,RON 95,CALTEX,54.9,69.02,reported
2025-08-19,Taguig Cty,RON 95,FLYING,54.8,58.9,reported
2025-08-19,Taguig Cty,RON 95,INDEPENDENT,57.47,59.39,reported
2025-08-19,Taguig Cty,RON 95,PETRON,57.5,61.15,reported
2025-08-19,Taguig Cty,RON 95,SHELL,66.78,69.02,reported
2025-08-19,Taguig Cty,RON 97,SEAOIL,57.2,57.2,reported
2025-08-19,Taguig Cty,RON 97,SHELL,70.58,74.3,reported
2025-09-09,Caloocan City,DIESEL,CALTEX,58.94,58.94,reported
2025-09-09,Caloocan City,DIESEL,FLYING,51.6,52.4,reported
2025-09-09,Caloocan City,DIESEL,INDEPENDENT,49.8,54.95,reported
2025-09-09,Caloocan City,DIESEL,PETRON,54.6,57.35,reported
2025-09-09,Caloocan City,DIESEL,SEAOIL,53.1,57.35,reported
2025-09-09,Caloocan City,DIESEL,SHELL,56.35,57.09,reported
2025-09-09,Caloocan City,DIESEL,UNIOIL,56.8,56.8,reported
2025-09-09,Caloocan City,DIESEL PLUS,PETRON,60.35,60.35,reported
2025-09-09,Caloocan City,DIESEL PLUS,SHELL,65.93,67.43,reported
2025-09-09,Caloocan City,KEROSENE,PETRON,73.39,74.92,reported
2025-09-09,Caloocan City,RON 91,CALTEX,59.89,59.89,reported
2025-09-09,Caloocan City,RON 91,FLYING,51.94,53.0,reported
2025-09-09,Caloocan City,RON 91,INDEPENDENT,50.0,56.4,reported
2025-09-09,Caloocan City,RON 91,PETRON,55.15,58.75,reported
2025-09-09,Caloocan City,RON 91,SEAOIL,53.3,58.75,reported
2025-09-09,Caloocan City,RON 91,SHELL,58.1,59.69,reported
2025-09-09,Caloocan City,RON 91,UNIOIL,57.89,57.89,reported
2025-09-09,Caloocan City,RON 95,CALTEX,65.9,65.9,reported
2025-09-09,Caloocan City,RON 95,FLYING,52.57,54.0,reported
2025-09-09,Caloocan City,RON 95,INDEPENDENT,51.0,57.9,reported
2025-09-09,Caloocan City,RON 95,PETRON,56.15,60.25,reported
2025-09-09,Caloocan City,RON 95,SHELL,65.09,68.5,reported
2025-09-09,Caloocan City,RON 95,UNIOIL,61.3,61.3,reported
2025-09-09,Caloocan City,RON 97,SEAOIL,54.3,60.25,reported
2025-09-09,Caloocan City,RON 97,SHELL,73.34,73.55,reported
2025-09-09,Makati City,DIESEL,CALTEX,56.5,58.1,reported
2025-09-09,Makati City,DIESEL,INDEPENDENT,53.5,53.5,reported
2025-09-09,Makati City,DIESEL,PETRON,53.8,55.9,reported
2025-09-09,Makati City,DIESEL,PHOENIX,55.6,55.6,reported
2025-09-09,Makati City,DIESEL,SHELL,58.1,59.39,reported
2025-09-09,Makati City,DIESEL,UNIOIL,56.1,58.4,reported
2025-09-09,Makati City,DIESEL PLUS,CALTEX,60.92,64.91,reported
2025-09-09,Makati City,DIESEL PLUS,PETRON,56.8,58.9,reported
2025-09-09,Makati City,DIESEL PLUS,SHELL,67.99,69.28,reported
2025-09-09,Makati City,KEROSENE,PETRON,73.36,73.36,reported
2025-09-09,Makati City,RON 100,PETRON,66.54,66.88,reported
2025-09-09,Makati City,RON 91,CALTEX,58.25,61.95,reported
2025-09-09,Makati City,RON 91,FLYING,,,no_report
2025-09-09,Makati City,RON 91,INDEPENDENT,55.5,55.5,reported
2025-09-09,Makati City,RON 91,PETRON,55.71,55.9,reported
2025-09-09,Makati City,RON 91,PHOENIX,56.9,56.9,reported
2025-09-09,Makati City,RON 91,SHELL,60.69,61.95,reported
2025-09-09,Makati City,RON 91,TOTAL,,,no_report
2025-09-09,Makati City,RON 91,UNIOIL,57.9,60.4,reported
2025-09-09,Makati City,RON 95,CALTEX,59.75,69.94,reported
2025-09-09,Makati City,RON 95,INDEPENDENT,57.0,57.0,reported
2025-09-09,Makati City,RON 95,PETRON,57.2,57.4,reported
2025-09-09,Makati City,RON 95,PHOENIX,58.4,58.4,reported
2025-09-09,Makati City,RON 95,SHELL,67.49,68.94,reported
2025-09-09,Makati City,RON 95,UNIOIL,60.4,62.9,reported
2025-09-09,Makati City,RON 97,PHOENIX,73.08,73.08,reported
2025-09-09,Makati City,RON 97,SHELL,72.9,75.64,reported
2025-09-09,Makati City,RON 97,UNIOIL,74.37,76.8,reported
2025-09-09,Manila City,DIESEL,CALTEX,57.5,57.8,reported
2025-09-09,Manila City,DIESEL,FLYING,52.5,54.9,reported
2025-09-09,Manila City,DIESEL,INDEPENDENT,51.38,54.5,reported
2025-09-09,Manila City,DIESEL,PETRON,54.19,57.1,reported
2025-09-09,Manila City,DIESEL,SEAOIL,54.2,55.1,reported
2025-09-09,Manila City,DIESEL,SHELL,56.69,57.49,reported
2025-09-09,Manila City,DIESEL,TOTAL,55.1,58.99,reported
2025-09-09,Manila City,DIESEL PLUS,INDEPENDENT,56.5,56.5,reported
2025-09-09,Manila City,DIESEL PLUS,PETRON,57.19,60.1,reported
2025-09-09,Manila City,DIESEL PLUS,SHELL,66.68,69.58,reported
2025-09-09,Manila City,DIESEL PLUS,TOTAL,57.1,57.1,reported
2025-09-09,Manila City,KEROSENE,INDEPENDENT,72.3,72.3,reported
2025-09-09,Manila City,KEROSENE,PETRON,74.16,74.42,reported
2025-09-09,Manila City,RON 100,PETRON,65.34,67.47,reported
2025-09-09,Manila City,RON 91,CALTEX,59.59,60.99,reported
2025-09-09,Manila City,RON 91,FLYING,53.65,54.88,reported
2025-09-09,Manila City,RON 91,INDEPENDENT,52.3,55.7,reported
2025-09-09,Manila City,RON 91,PETRON,54.45,56.7,reported
2025-09-09,Manila City,RON 91,SEAOIL,54.38,55.89,reported
2025-09-09,Manila City,RON 91,SHELL,58.94,59.99,reported
2025-09-09,Manila City,RON 91,TOTAL,56.5,62.24,reported
2025-09-09,Manila City,RON 95,CALTEX,64.1,64.3,reported
2025-09-09,Manila City,RON 95,FLYING,55.4,56.28,reported
2025-09-09,Manila City,RON 95,INDEPENDENT,53.3,57.0,reported
2025-09-09,Manila City,RON 95,PETRON,56.0,58.2,reported
2025-09-09,Manila City,RON 95,SHELL,65.93,68.38,reported
2025-09-09,Manila City,RON 95,TOTAL,57.5,69.83,reported
2025-09-09,Manila City,RON 97,SEAOIL,55.38,57.4,reported
2025-09-09,Manila City,RON 97,SHELL,70.8,74.59,reported
2025-09-09,Muntinlupa City,DIESEL,CALTEX,58.68,58.92,reported
2025-09-09,Muntinlupa City,DIESEL,FLYING,53.6,53.6,reported
2025-09-09,Muntinlupa City,DIESEL,PETRON,55.0,56.0,reported
2025-09-09,Muntinlupa City,DIESEL,PHOENIX,54.1,56.55,reported
2025-09-09,Muntinlupa City,DIESEL,SEAOIL,56.2,60.85,reported
2025-09-09,Muntinlupa City,DIESEL,SHELL,58.33,59.9,reported
2025-09-09,Muntinlupa City,DIESEL,TOTAL,58.65,58.65,reported
2025-09-09,Muntinlupa City,DIESEL,UNIOIL,57.55,59.4,reported
2025-09-09,Muntinlupa City,DIESEL PLUS,PETRON,58.0,59.0,reported
2025-09-09,Muntinlupa City,DIESEL PLUS,SHELL,65.59,70.13,reported
2025-09-09,Muntinlupa City,DIESEL PLUS,TOTAL,60.75,60.75,reported
2025-09-09,Muntinlupa City,KEROSENE,CALTEX,74.34,74.34,reported
2025-09-09,Muntinlupa City,RON 100,PETRON,66.45,66.45,reported
2025-09-09,Muntinlupa City,RON 91,CALTEX,62.14,62.41,reported
2025-09-09,Muntinlupa City,RON 91,FLYING,54.6,54.6,reported
2025-09-09,Muntinlupa City,RON 91,PETRON,55.6,56.11,reported
2025-09-09,Muntinlupa City,RON 91,PHOENIX,55.5,58.1,reported
2025-09-09,Muntinlupa City,RON 91,PTT,,,no_report
2025-09-09,Muntinlupa City,RON 91,SEAOIL,58.9,67.0,reported
2025-09-09,Muntinlupa City,RON 91,SHELL,61.09,61.89,reported
2025-09-09,Muntinlupa City,RON 91,TOTAL,60.4,60.4,reported
2025-09-09,Muntinlupa City,RON 91,UNIOIL,59.1,59.1,reported
2025-09-09,Muntinlupa City,RON 95,CALTEX,66.91,67.56,reported
2025-09-09,Muntinlupa City,RON 95,FLYING,56.1,56.1,reported
2025-09-09,Muntinlupa City,RON 95,PETRON,57.1,58.11,reported
2025-09-09,Muntinlupa City,RON 95,PHOENIX,57.1,59.6,reported
2025-09-09,Muntinlupa City,RON 95,SHELL,68.13,68.88,reported
2025-09-09,Muntinlupa City,RON 95,TOTAL,61.4,61.4,reported
2025-09-09,Muntinlupa City,RON 95,UNIOIL,61.59,62.9,reported
2025-09-09,Muntinlupa City,RON 97,SEAOIL,60.9,67.82,reported
2025-09-09,Muntinlupa City,RON 97,SHELL,71.2,73.22,reported
2025-09-09,Parañaque City,DIESEL,CALTEX,56.96,57.15,reported
2025-09-09,Parañaque City,DIESEL,FLYING,52.21,52.21,reported
2025-09-09,Parañaque City,DIESEL,INDEPENDENT,54.7,56.0,reported
2025-09-09,Parañaque City,DIESEL,PETRON,55.2,57.45,reported
2025-09-09,Parañaque City,DIESEL,SEAOIL,54.54,55.0,reported
2025-09-09,Parañaque City,DIESEL,SHELL,58.5,60.89,reported
2025-09-09,Parañaque City,DIESEL,TOTAL,60.9,63.2,reported
2025-09-09,Parañaque City,DIESEL,UNIOIL,56.2,58.9,reported
2025-09-09,Parañaque City,DIESEL PLUS,CALTEX,58.97,59.1,reported
2025-09-09,Parañaque City,DIESEL PLUS,PETRON,58.2,60.45,reported
2025-09-09,Parañaque City,DIESEL PLUS,SHELL,67.29,70.78,reported
2025-09-09,Parañaque City,DIESEL PLUS,TOTAL,65.8,65.8,reported
2025-09-09,Parañaque City,KEROSENE,INDEPENDENT,74.2,74.2,reported
2025-09-09,Parañaque City,RON 100,PETRON,66.22,69.36,reported
2025-09-09,Parañaque City,RON 91,CALTEX,60.86,60.86,reported
2025-09-09,Parañaque City,RON 91,FLYING,55.4,55.9,reported
2025-09-09,Parañaque City,RON 91,INDEPENDENT,56.1,56.9,reported
2025-09-09,Parañaque City,RON 91,PETRON,55.45,58.4,reported
2025-09-09,Parañaque City,RON 91,PTT,,,no_report
2025-09-09,Parañaque City,RON 91,SEAOIL,55.6,57.89,reported
2025-09-09,Parañaque City,RON 91,SHELL,59.05,62.74,reported
2025-09-09,Parañaque City,RON 91,TOTAL,60.4,62.45,reported
2025-09-09,Parañaque City,RON 91,UNIOIL,58.9,60.45,reported
2025-09-09,Parañaque City,RON 95,CALTEX,63.26,63.36,reported
2025-09-09,Parañaque City,RON 95,FLYING,56.4,57.4,reported
2025-09-09,Parañaque City,RON 95,INDEPENDENT,58.4,59.1,reported
2025-09-09,Parañaque City,RON 95,PETRON,56.95,59.91,reported
2025-09-09,Parañaque City,RON 95,SHELL,65.13,69.64,reported
2025-09-09,Parañaque City,RON 95,TOTAL,62.4,63.95,reported
2025-09-09,Parañaque City,RON 95,UNIOIL,61.4,61.95,reported
2025-09-09,Parañaque City,RON 97,SEAOIL,57.6,58.89,reported
2025-09-09,Parañaque City,RON 97,SHELL,68.54,74.45,reported
2025-09-09,Parañaque City,RON 97,UNIOIL,69.1,69.1,reported
2025-09-09,Pasay City,DIESEL,CALTEX,57.99,58.46,reported
2025-09-09,Pasay City,DIESEL,INDEPENDENT,51.69,53.89,reported
2025-09-09,Pasay City,DIESEL,PETRON,54.59,55.6,reported
2025-09-09,Pasay City,DIESEL,PTT,55.2,58.9,reported
2025-09-09,Pasay City,DIESEL,SHELL,56.6,60.89,reported
2025-09-09,Pasay City,DIESEL,TOTAL,55.95,61.9,reported
2025-09-09,Pasay City,DIESEL PLUS,CALTEX,60.96,60.96,reported
2025-09-09,Pasay City,DIESEL PLUS,PETRON,58.6,58.6,reported
2025-09-09,Pasay City,DIESEL PLUS,PTT,59.9,59.9,reported
2025-09-09,Pasay City,DIESEL PLUS,SHELL,66.49,69.18,reported
2025-09-09,Pasay City,DIESEL PLUS,TOTAL,63.0,64.9,reported
2025-09-09,Pasay City,KEROSENE,CALTEX,84.7,84.7,reported
2025-09-09,Pasay City,KEROSENE,PETRON,75.11,75.11,reported
2025-09-09,Pasay City,RON 100,PETRON,66.37,67.28,reported
2025-09-09,Pasay City,RON 91,CALTEX,61.93,61.99,reported
2025-09-09,Pasay City,RON 91,FLYING,,,no_report
2025-09-09,Pasay City,RON 91,INDEPENDENT,52.8,54.59,reported
2025-09-09,Pasay City,RON 91,PETRON,55.4,57.2,reported
2025-09-09,Pasay City,RON 91,PTT,57.4,60.45,reported
2025-09-09,Pasay City,RON 91,SEAOIL,,,no_report
2025-09-09,Pasay City,RON 91,SHELL,59.99,63.84,reported
2025-09-09,Pasay City,RON 91,TOTAL,60.9,63.45,reported
2025-09-09,Pasay City,RON 95,CALTEX,65.43,68.79,reported
2025-09-09,Pasay City,RON 95,INDEPENDENT,54.3,56.6,reported
2025-09-09,Pasay City,RON 95,PETRON,56.9,58.7,reported
2025-09-09,Pasay City,RON 95,PTT,58.9,61.95,reported
2025-09-09,Pasay City,RON 95,SHELL,67.29,70.42,reported
2025-09-09,Pasay City,RON 95,TOTAL,64.9,64.95,reported
2025-09-09,Pasay City,RON 97,SHELL,72.6,72.83,reported
2025-09-09,Pasig City,DIESEL,CALTEX,57.47,60.29,reported
2025-09-09,Pasig City,DIESEL,FLYING,52.4,52.85,reported
2025-09-09,Pasig City,DIESEL,INDEPENDENT,51.45,55.2,reported
2025-09-09,Pasig City,DIESEL,PETRON,54.7,55.8,reported
2025-09-09,Pasig City,DIESEL,PHOENIX,52.4,57.35,reported
2025-09-09,Pasig City,DIESEL,SEAOIL,52.5,55.85,reported
2025-09-09,Pasig City,DIESEL,SHELL,57.39,59.94,reported
2025-09-09,Pasig City,DIESEL,TOTAL,56.81,56.81,reported
2025-09-09,Pasig City,DIESEL,UNIOIL,55.85,56.2,reported
2025-09-09,Pasig City,DIESEL PLUS,PETRON,56.81,58.3,reported
2025-09-09,Pasig City,DIESEL PLUS,SHELL,65.74,68.29,reported
2025-09-09,Pasig City,KEROSENE,PETRON,74.48,74.48,reported
2025-09-09,Pasig City,RON 100,PETRON,66.16,68.75,reported
2025-09-09,Pasig City,RON 91,CALTEX,60.7,63.39,reported
2025-09-09,Pasig City,RON 91,FLYING,53.48,53.95,reported
2025-09-09,Pasig City,RON 91,INDEPENDENT,53.2,53.95,reported
2025-09-09,Pasig City,RON 91,PETRON,54.05,57.56,reported
2025-09-09,Pasig City,RON 91,PHOENIX,50.2,57.51,reported
2025-09-09,Pasig City,RON 91,SEAOIL,53.84,54.4,reported
2025-09-09,Pasig City,RON 91,SHELL,58.0,62.3,reported
2025-09-09,Pasig City,RON 91,TOTAL,57.51,57.51,reported
2025-09-09,Pasig City,RON 91,UNIOIL,56.44,57.2,reported
2025-09-09,Pasig City,RON 95,CALTEX,63.67,67.8,reported
2025-09-09,Pasig City,RON 95,FLYING,54.8,55.25,reported
2025-09-09,Pasig City,RON 95,INDEPENDENT,54.2,55.45,reported
2025-09-09,Pasig City,RON 95,PETRON,55.55,59.05,reported
2025-09-09,Pasig City,RON 95,PHOENIX,55.25,62.2,reported
2025-09-09,Pasig City,RON 95,SHELL,66.25,69.05,reported
2025-09-09,Pasig City,RON 95,UNIOIL,59.44,59.8,reported
2025-09-09,Pasig City,RON 97,SEAOIL,54.84,57.9,reported
2025-09-09,Pasig City,RON 97,SHELL,69.9,72.05,reported
2025-09-09,Pasig City,RON 97,UNIOIL,72.17,77.0,reported
2025-09-09,Quezon City,DIESEL,CALTEX,57.25,59.65,reported
2025-09-09,Quezon City,DIESEL,FLYING,50.99,52.6,reported
2025-09-09,Quezon City,DIESEL,INDEPENDENT,49.6,52.9,reported
2025-09-09,Quezon City,DIESEL,PETRON,53.6,54.7,reported
2025-09-09,Quezon City,DIESEL,PHOENIX,53.9,57.15,reported
2025-09-09,Quezon City,DIESEL,SEAOIL,52.4,54.3,reported
2025-09-09,Quezon City,DIESEL,SHELL,55.85,60.74,reported
2025-09-09,Quezon City,DIESEL,UNIOIL,56.2,56.6,reported
2025-09-09,Quezon City,DIESEL PLUS,CALTEX,58.85,58.85,reported
2025-09-09,Quezon City,DIESEL PLUS,PETRON,56.6,57.7,reported
2025-09-09,Quezon City,DIESEL PLUS,SHELL,66.58,69.03,reported
2025-09-09,Quezon City,KEROSENE,PETRON,74.59,76.01,reported
2025-09-09,Quezon City,RON 100,PETRON,63.93,66.06,reported
2025-09-09,Quezon City,RON 91,CALTEX,59.65,61.65,reported
2025-09-09,Quezon City,RON 91,FLYING,51.34,53.08,reported
2025-09-09,Quezon City,RON 91,INDEPENDENT,49.65,52.93,reported
2025-09-09,Quezon City,RON 91,PETRON,53.6,55.25,reported
2025-09-09,Quezon City,RON 91,PHOENIX,53.7,59.55,reported
2025-09-09,Quezon City,RON 91,SEAOIL,53.08,55.0,reported
2025-09-09,Quezon City,RON 91,SHELL,59.14,60.99,reported
2025-09-09,Quezon City,RON 91,UNIOIL,56.25,57.0,reported
2025-09-09,Quezon City,RON 95,CALTEX,64.85,67.75,reported
2025-09-09,Quezon City,RON 95,FLYING,51.97,54.0,reported
2025-09-09,Quezon City,RON 95,INDEPENDENT,50.54,53.69,reported
2025-09-09,Quezon City,RON 95,PETRON,54.6,56.6,reported
2025-09-09,Quezon City,RON 95,PHOENIX,55.2,62.95,reported
2025-09-09,Quezon City,RON 95,SHELL,65.45,67.95,reported
2025-09-09,Quezon City,RON 95,UNIOIL,59.1,59.7,reported
2025-09-09,Quezon City,RON 97,INDEPENDENT,54.7,54.7,reported
2025-09-09,Quezon City,RON 97,SEAOIL,54.08,56.2,reported
2025-09-09,Quezon City,RON 97,SHELL,68.64,71.45,reported
2025-09-09,Quezon City,RON 97,UNIOIL,69.6,69.6,reported
2025-09-09,Taguig Cty,DIESEL,CALTEX,53.95,59.25,reported
2025-09-09,Taguig Cty,DIESEL,FLYING,53.7,55.5,reported
2025-09-09,Taguig Cty,DIESEL,INDEPENDENT,55.5,59.29,reported
2025-09-09,Taguig Cty,DIESEL,PETRON,55.5,56.5,reported
2025-09-09,Taguig Cty,DIESEL,SEAOIL,54.5,54.5,reported
2025-09-09,Taguig Cty,DIESEL,SHELL,57.1,59.54,reported
2025-09-09,Taguig Cty,DIESEL PLUS,CALTEX,65.39,65.39,reported
2025-09-09,Taguig Cty,DIESEL PLUS,PETRON,56.8,59.5,reported
2025-09-09,Taguig Cty,DIESEL PLUS,SHELL,65.39,67.83,reported
2025-09-09,Taguig Cty,KEROSENE,CALTEX,80.9,88.29,reported
2025-09-09,Taguig Cty,RON 100,PETRON,67.91,68.87,reported
2025-09-09,Taguig Cty,RON 91,CALTEX,55.95,65.04,reported
2025-09-09,Taguig Cty,RON 91,FLYING,55.3,58.4,reported
2025-09-09,Taguig Cty,RON 91,INDEPENDENT,58.38,58.89,reported
2025-09-09,Taguig Cty,RON 91,PETRON,56.95,58.41,reported
2025-09-09,Taguig Cty,RON 91,PHOENIX,,,no_report
2025-09-09,Taguig Cty,RON 91,SEAOIL,55.8,55.8,reported
2025-09-09,Taguig Cty,RON 91,SHELL,60.64,65.04,reported
2025-09-09,Taguig Cty,RON 91,TOTAL,,,no_report
2025-09-09,Taguig Cty,RON 91,UNIOIL,,,no_report
2025-09-09,Taguig Cty,RON 95,CALTEX,56.95,70.42,reported
2025-09-09,Taguig Cty,RON 95,FLYING,55.95,59.9,reported
2025-09-09,Taguig Cty,RON 95,INDEPENDENT,59.39,59.9,reported
2025-09-09,Taguig Cty,RON 95,PETRON,58.45,59.9,reported
2025-09-09,Taguig Cty,RON 95,SHELL,67.7,70.42,reported
2025-09-09,Taguig Cty,RON 97,SEAOIL,57.4,57.4,reported
2025-09-09,Taguig Cty,RON 97,SHELL,70.7,74.04,reported
2025-09-16,Caloocan City,DIESEL,CALTEX,58.7,58.7,reported
2025-09-16,Caloocan City,DIESEL,FLYING,50.05,51.5,reported
2025-09-16,Caloocan City,DIESEL,INDEPENDENT,49.0,55.45,reported
2025-09-16,Caloocan City,DIESEL,PETRON,52.85,57.85,reported
2025-09-16,Caloocan City,DIESEL,SEAOIL,53.6,57.85,reported
2025-09-16,Caloocan City,DIESEL,SHELL,56.17,57.59,reported
2025-09-16,Caloocan City,DIESEL,UNIOIL,55.9,55.9,reported
2025-09-16,Caloocan City,DIESEL PLUS,PETRON,60.85,60.85,reported
2025-09-16,Caloocan City,DIESEL PLUS,SHELL,65.88,67.93,reported
2025-09-16,Caloocan City,KEROSENE,PETRON,73.49,75.02,reported
2025-09-16,Caloocan City,RON 91,CALTEX,59.79,59.79,reported
2025-09-16,Caloocan City,RON 91,FLYING,51.54,52.1,reported
2025-09-16,Caloocan City,RON 91,INDEPENDENT,49.0,56.5,reported
2025-09-16,Caloocan City,RON 91,PETRON,53.55,58.85,reported
2025-09-16,Caloocan City,RON 91,SEAOIL,53.4,58.85,reported
2025-09-16,Caloocan City,RON 91,SHELL,57.23,59.3,reported
2025-09-16,Caloocan City,RON 91,UNIOIL,57.99,57.99,reported
2025-09-16,Caloocan City,RON 95,CALTEX,65.6,65.6,reported
2025-09-16,Caloocan City,RON 95,FLYING,52.18,53.1,reported
2025-09-16,Caloocan City,RON 95,INDEPENDENT,50.0,58.0,reported
2025-09-16,Caloocan City,RON 95,PETRON,54.55,60.35,reported
2025-09-16,Caloocan City,RON 95,SHELL,65.19,67.78,reported
2025-09-16,Caloocan City,RON 95,UNIOIL,59.99,59.99,reported
2025-09-16,Caloocan City,RON 97,SEAOIL,54.4,60.35,reported
2025-09-16,Caloocan City,RON 97,SHELL,73.35,73.44,reported
2025-09-16,Makati City,DIESEL,CALTEX,57.0,59.6,reported
2025-09-16,Makati City,DIESEL,INDEPENDENT,53.5,53.5,reported
2025-09-16,Makati City,DIESEL,PETRON,54.3,56.4,reported
2025-09-16,Makati City,DIESEL,PHOENIX,54.6,54.6,reported
2025-09-16,Makati City,DIESEL,SHELL,58.6,59.09,reported
2025-09-16,Makati City,DIESEL,UNIOIL,55.1,57.4,reported
2025-09-16,Makati City,DIESEL PLUS,CALTEX,61.42,65.41,reported
2025-09-16,Makati City,DIESEL PLUS,PETRON,57.3,59.4,reported
2025-09-16,Makati City,DIESEL PLUS,SHELL,67.39,69.78,reported
2025-09-16,Makati City,KEROSENE,PETRON,73.46,73.46,reported
2025-09-16,Makati City,RON 100,PETRON,66.64,66.97,reported
2025-09-16,Makati City,RON 91,CALTEX,58.35,63.05,reported
2025-09-16,Makati City,RON 91,FLYING,,,no_report
2025-09-16,Makati City,RON 91,INDEPENDENT,55.5,55.5,reported
2025-09-16,Makati City,RON 91,PETRON,55.81,56.0,reported
2025-09-16,Makati City,RON 91,PHOENIX,55.6,55.6,reported
2025-09-16,Makati City,RON 91,SHELL,60.4,61.96,reported
2025-09-16,Makati City,RON 91,TOTAL,,,no_report
2025-09-16,Makati City,RON 91,UNIOIL,56.6,58.3,reported
2025-09-16,Makati City,RON 95,CALTEX,59.85,70.04,reported
2025-09-16,Makati City,RON 95,INDEPENDENT,57.0,57.0,reported
2025-09-16,Makati City,RON 95,PETRON,57.3,57.49,reported
2025-09-16,Makati City,RON 95,PHOENIX,57.1,57.1,reported
2025-09-16,Makati City,RON 95,SHELL,67.59,68.65,reported
2025-09-16,Makati City,RON 95,UNIOIL,59.1,60.8,reported
2025-09-16,Makati City,RON 97,PHOENIX,70.3,70.3,reported
2025-09-16,Makati City,RON 97,SHELL,70.59,73.0,reported
2025-09-16,Makati City,RON 97,UNIOIL,74.47,76.9,reported
2025-09-16,Manila City,DIESEL,CALTEX,57.19,58.3,reported
2025-09-16,Manila City,DIESEL,FLYING,51.88,54.4,reported
2025-09-16,Manila City,DIESEL,INDEPENDENT,51.45,53.25,reported
2025-09-16,Manila City,DIESEL,PETRON,52.95,56.39,reported
2025-09-16,Manila City,DIESEL,SEAOIL,53.2,54.8,reported
2025-09-16,Manila City,DIESEL,SHELL,56.7,57.99,reported
2025-09-16,Manila City,DIESEL,TOTAL,55.6,59.49,reported
2025-09-16,Manila City,DIESEL PLUS,INDEPENDENT,53.95,53.95,reported
2025-09-16,Manila City,DIESEL PLUS,PETRON,55.95,59.39,reported
2025-09-16,Manila City,DIESEL PLUS,SHELL,65.98,70.08,reported
2025-09-16,Manila City,DIESEL PLUS,TOTAL,57.6,57.6,reported
2025-09-16,Manila City,KEROSENE,INDEPENDENT,72.0,72.0,reported
2025-09-16,Manila City,KEROSENE,PETRON,74.26,74.52,reported
2025-09-16,Manila City,RON 100,PETRON,65.44,66.81,reported
2025-09-16,Manila City,RON 91,CALTEX,58.99,59.04,reported
2025-09-16,Manila City,RON 91,FLYING,53.5,54.7,reported
2025-09-16,Manila City,RON 91,INDEPENDENT,52.7,53.98,reported
2025-09-16,Manila City,RON 91,PETRON,54.09,55.6,reported
2025-09-16,Manila City,RON 91,SEAOIL,53.38,55.99,reported
2025-09-16,Manila City,RON 91,SHELL,57.89,59.2,reported
2025-09-16,Manila City,RON 91,TOTAL,56.6,62.34,reported
2025-09-16,Manila City,RON 95,CALTEX,64.2,64.3,reported
2025-09-16,Manila City,RON 95,FLYING,55.38,56.2,reported
2025-09-16,Manila City,RON 95,INDEPENDENT,53.7,55.38,reported
2025-09-16,Manila City,RON 95,PETRON,55.3,57.09,reported
2025-09-16,Manila City,RON 95,SHELL,65.9,67.48,reported
2025-09-16,Manila City,RON 95,TOTAL,57.6,69.93,reported
2025-09-16,Manila City,RON 97,SEAOIL,54.38,57.5,reported
2025-09-16,Manila City,RON 97,SHELL,69.03,74.58,reported
2025-09-16,Muntinlupa City,DIESEL,CALTEX,59.08,59.08,reported
2025-09-16,Muntinlupa City,DIESEL,FLYING,53.5,53.5,reported
2025-09-16,Muntinlupa City,DIESEL,PETRON,55.5,56.5,reported
2025-09-16,Muntinlupa City,DIESEL,PHOENIX,54.6,57.0,reported
2025-09-16,Muntinlupa City,DIESEL,SEAOIL,56.7,61.35,reported
2025-09-16,Muntinlupa City,DIESEL,SHELL,57.54,59.69,reported
2025-09-16,Muntinlupa City,DIESEL,TOTAL,57.5,57.5,reported
2025-09-16,Muntinlupa City,DIESEL,UNIOIL,57.85,59.9,reported
2025-09-16,Muntinlupa City,DIESEL PLUS,PETRON,58.5,60.5,reported
2025-09-16,Muntinlupa City,DIESEL PLUS,SHELL,66.09,70.63,reported
2025-09-16,Muntinlupa City,DIESEL PLUS,TOTAL,60.5,60.5,reported
2025-09-16,Muntinlupa City,KEROSENE,CALTEX,74.44,74.44,reported
2025-09-16,Muntinlupa City,RON 100,PETRON,66.55,66.55,reported
2025-09-16,Muntinlupa City,RON 91,CALTEX,60.22,60.49,reported
2025-09-16,Muntinlupa City,RON 91,FLYING,54.4,54.4,reported
2025-09-16,Muntinlupa City,RON 91,PETRON,55.7,56.21,reported
2025-09-16,Muntinlupa City,RON 91,PHOENIX,55.6,58.2,reported
2025-09-16,Muntinlupa City,RON 91,PTT,,,no_report
2025-09-16,Muntinlupa City,RON 91,SEAOIL,59.0,67.1,reported
2025-09-16,Muntinlupa City,RON 91,SHELL,60.29,61.0,reported
2025-09-16,Muntinlupa City,RON 91,TOTAL,57.21,57.21,reported
2025-09-16,Muntinlupa City,RON 91,UNIOIL,59.05,59.05,reported
2025-09-16,Muntinlupa City,RON 95,CALTEX,63.71,67.66,reported
2025-09-16,Muntinlupa City,RON 95,FLYING,55.7,55.7,reported
2025-09-16,Muntinlupa City,RON 95,PETRON,57.2,58.21,reported
2025-09-16,Muntinlupa City,RON 95,PHOENIX,57.2,59.7,reported
2025-09-16,Muntinlupa City,RON 95,SHELL,67.23,68.99,reported
2025-09-16,Muntinlupa City,RON 95,TOTAL,59.21,59.21,reported
2025-09-16,Muntinlupa City,RON 95,UNIOIL,60.05,62.9,reported
2025-09-16,Muntinlupa City,RON 97,SEAOIL,61.0,67.92,reported
2025-09-16,Muntinlupa City,RON 97,SHELL,71.3,73.32,reported
2025-09-16,Parañaque City,DIESEL,CALTEX,57.46,57.65,reported
2025-09-16,Parañaque City,DIESEL,FLYING,50.71,53.71,reported
2025-09-16,Parañaque City,DIESEL,INDEPENDENT,55.2,56.52,reported
2025-09-16,Parañaque City,DIESEL,PETRON,55.1,56.95,reported
2025-09-16,Parañaque City,DIESEL,SEAOIL,54.56,54.6,reported
2025-09-16,Parañaque City,DIESEL,SHELL,58.68,61.39,reported
2025-09-16,Parañaque City,DIESEL,TOTAL,61.4,63.7,reported
2025-09-16,Parañaque City,DIESEL,UNIOIL,56.1,56.1,reported
2025-09-16,Parañaque City,DIESEL PLUS,CALTEX,59.46,59.47,reported
2025-09-16,Parañaque City,DIESEL PLUS,PETRON,58.1,59.95,reported
2025-09-16,Parañaque City,DIESEL PLUS,SHELL,67.29,70.18,reported
2025-09-16,Parañaque City,DIESEL PLUS,TOTAL,66.3,66.3,reported
2025-09-16,Parañaque City,KEROSENE,INDEPENDENT,74.1,74.1,reported
2025-09-16,Parañaque City,RON 100,PETRON,65.47,67.68,reported
2025-09-16,Parañaque City,RON 91,CALTEX,60.96,60.96,reported
2025-09-16,Parañaque City,RON 91,FLYING,55.5,56.0,reported
2025-09-16,Parañaque City,RON 91,INDEPENDENT,56.2,57.0,reported
2025-09-16,Parañaque City,RON 91,PETRON,54.05,56.6,reported
2025-09-16,Parañaque City,RON 91,PTT,,,no_report
2025-09-16,Parañaque City,RON 91,SEAOIL,55.7,57.99,reported
2025-09-16,Parañaque City,RON 91,SHELL,59.05,62.84,reported
2025-09-16,Parañaque City,RON 91,TOTAL,60.5,62.55,reported
2025-09-16,Parañaque City,RON 91,UNIOIL,57.1,57.6,reported
2025-09-16,Parañaque City,RON 95,CALTEX,63.36,63.46,reported
2025-09-16,Parañaque City,RON 95,FLYING,56.5,57.5,reported
2025-09-16,Parañaque City,RON 95,INDEPENDENT,58.5,59.2,reported
2025-09-16,Parañaque City,RON 95,PETRON,55.55,58.2,reported
2025-09-16,Parañaque City,RON 95,SHELL,65.13,69.64,reported
2025-09-16,Parañaque City,RON 95,TOTAL,62.5,64.05,reported
2025-09-16,Parañaque City,RON 95,UNIOIL,58.6,60.2,reported
2025-09-16,Parañaque City,RON 97,SEAOIL,57.2,58.99,reported
2025-09-16,Parañaque City,RON 97,SHELL,68.54,72.18,reported
2025-09-16,Parañaque City,RON 97,UNIOIL,69.2,69.2,reported
2025-09-16,Pasay City,DIESEL,CALTEX,58.49,58.78,reported
2025-09-16,Pasay City,DIESEL,INDEPENDENT,53.09,54.39,reported
2025-09-16,Pasay City,DIESEL,PETRON,53.19,56.1,reported
2025-09-16,Pasay City,DIESEL,PTT,54.3,56.7,reported
2025-09-16,Pasay City,DIESEL,SHELL,57.1,61.39,reported
2025-09-16,Pasay City,DIESEL,TOTAL,56.45,62.4,reported
2025-09-16,Pasay City,DIESEL PLUS,CALTEX,61.28,61.28,reported
2025-09-16,Pasay City,DIESEL PLUS,PETRON,59.1,59.1,reported
2025-09-16,Pasay City,DIESEL PLUS,PTT,57.7,57.7,reported
2025-09-16,Pasay City,DIESEL PLUS,SHELL,63.59,69.68,reported
2025-09-16,Pasay City,DIESEL PLUS,TOTAL,63.5,65.4,reported
2025-09-16,Pasay City,KEROSENE,CALTEX,84.8,84.8,reported
2025-09-16,Pasay City,KEROSENE,PETRON,72.51,72.51,reported
2025-09-16,Pasay City,RON 100,PETRON,65.88,68.08,reported
2025-09-16,Pasay City,RON 91,CALTEX,62.03,62.09,reported
2025-09-16,Pasay City,RON 91,FLYING,,,no_report
2025-09-16,Pasay City,RON 91,INDEPENDENT,52.8,54.69,reported
2025-09-16,Pasay City,RON 91,PETRON,54.8,57.1,reported
2025-09-16,Pasay City,RON 91,PTT,55.0,59.0,reported
2025-09-16,Pasay City,RON 91,SEAOIL,,,no_report
2025-09-16,Pasay City,RON 91,SHELL,59.59,63.94,reported
2025-09-16,Pasay City,RON 91,TOTAL,60.05,63.55,reported
2025-09-16,Pasay City,RON 95,CALTEX,65.53,68.89,reported
2025-09-16,Pasay City,RON 95,INDEPENDENT,54.3,56.7,reported
2025-09-16,Pasay City,RON 95,PETRON,56.5,58.6,reported
2025-09-16,Pasay City,RON 95,PTT,56.7,60.5,reported
2025-09-16,Pasay City,RON 95,SHELL,67.39,70.42,reported
2025-09-16,Pasay City,RON 95,TOTAL,64.0,65.05,reported
2025-09-16,Pasay City,RON 97,SHELL,70.39,72.7,reported
2025-09-16,Pasig City,DIESEL,CALTEX,57.97,60.79,reported
2025-09-16,Pasig City,DIESEL,FLYING,51.9,51.95,reported
2025-09-16,Pasig City,DIESEL,INDEPENDENT,51.95,55.2,reported
2025-09-16,Pasig City,DIESEL,PETRON,52.7,55.8,reported
2025-09-16,Pasig City,DIESEL,PHOENIX,51.92,56.7,reported
2025-09-16,Pasig City,DIESEL,SEAOIL,53.0,56.35,reported
2025-09-16,Pasig City,DIESEL,SHELL,57.89,60.44,reported
2025-09-16,Pasig City,DIESEL,TOTAL,55.41,55.41,reported
2025-09-16,Pasig City,DIESEL,UNIOIL,54.35,55.4,reported
2025-09-16,Pasig City,DIESEL PLUS,PETRON,53.7,58.8,reported
2025-09-16,Pasig City,DIESEL PLUS,SHELL,66.18,68.73,reported
2025-09-16,Pasig City,KEROSENE,PETRON,74.58,74.58,reported
2025-09-16,Pasig City,RON 100,PETRON,64.82,67.26,reported
2025-09-16,Pasig City,RON 91,CALTEX,60.8,63.49,reported
2025-09-16,Pasig City,RON 91,FLYING,52.6,53.3,reported
2025-09-16,Pasig City,RON 91,INDEPENDENT,52.95,53.95,reported
2025-09-16,Pasig City,RON 91,PETRON,54.15,56.05,reported
2025-09-16,Pasig City,RON 91,PHOENIX,53.3,58.5,reported
2025-09-16,Pasig City,RON 91,SEAOIL,53.94,54.5,reported
2025-09-16,Pasig City,RON 91,SHELL,58.1,62.4,reported
2025-09-16,Pasig City,RON 91,TOTAL,54.6,54.6,reported
2025-09-16,Pasig City,RON 91,UNIOIL,55.35,56.1,reported
2025-09-16,Pasig City,RON 95,CALTEX,63.77,67.9,reported
2025-09-16,Pasig City,RON 95,FLYING,54.1,54.3,reported
2025-09-16,Pasig City,RON 95,INDEPENDENT,53.95,55.45,reported
2025-09-16,Pasig City,RON 95,PETRON,55.35,57.55,reported
2025-09-16,Pasig City,RON 95,PHOENIX,54.3,60.5,reported
2025-09-16,Pasig City,RON 95,SHELL,65.09,69.15,reported
2025-09-16,Pasig City,RON 95,UNIOIL,57.85,59.9,reported
2025-09-16,Pasig City,RON 97,SEAOIL,54.94,58.0,reported
2025-09-16,Pasig City,RON 97,SHELL,70.0,72.15,reported
2025-09-16,Pasig City,RON 97,UNIOIL,72.17,77.1,reported
2025-09-16,Quezon City,DIESEL,CALTEX,58.75,60.15,reported
2025-09-16,Quezon City,DIESEL,FLYING,50.2,53.1,reported
2025-09-16,Quezon City,DIESEL,INDEPENDENT,49.2,49.7,reported
2025-09-16,Quezon City,DIESEL,PETRON,52.2,55.2,reported
2025-09-16,Quezon City,DIESEL,PHOENIX,53.4,57.65,reported
2025-09-16,Quezon City,DIESEL,SEAOIL,52.9,54.25,reported
2025-09-16,Quezon City,DIESEL,SHELL,56.15,61.24,reported
2025-09-16,Quezon City,DIESEL,UNIOIL,55.6,56.7,reported
2025-09-16,Quezon City,DIESEL PLUS,CALTEX,60.35,60.35,reported
2025-09-16,Quezon City,DIESEL PLUS,PETRON,55.2,58.2,reported
2025-09-16,Quezon City,DIESEL PLUS,SHELL,66.64,69.53,reported
2025-09-16,Quezon City,KEROSENE,PETRON,74.69,76.11,reported
2025-09-16,Quezon City,RON 100,PETRON,63.68,66.16,reported
2025-09-16,Quezon City,RON 91,CALTEX,59.75,61.75,reported
2025-09-16,Quezon City,RON 91,FLYING,50.94,52.8,reported
2025-09-16,Quezon City,RON 91,INDEPENDENT,49.65,51.1,reported
2025-09-16,Quezon City,RON 91,PETRON,53.2,55.35,reported
2025-09-16,Quezon City,RON 91,PHOENIX,53.18,59.65,reported
2025-09-16,Quezon City,RON 91,SEAOIL,53.18,54.8,reported
2025-09-16,Quezon City,RON 91,SHELL,59.24,61.29,reported
2025-09-16,Quezon City,RON 91,UNIOIL,55.2,56.35,reported
2025-09-16,Quezon City,RON 95,CALTEX,62.95,67.85,reported
2025-09-16,Quezon City,RON 95,FLYING,51.64,53.8,reported
2025-09-16,Quezon City,RON 95,INDEPENDENT,50.54,52.1,reported
2025-09-16,Quezon City,RON 95,PETRON,54.2,56.7,reported
2025-09-16,Quezon City,RON 95,PHOENIX,54.6,63.05,reported
2025-09-16,Quezon City,RON 95,SHELL,65.55,68.05,reported
2025-09-16,Quezon City,RON 95,UNIOIL,57.72,59.2,reported
2025-09-16,Quezon City,RON 97,INDEPENDENT,53.1,53.1,reported
2025-09-16,Quezon City,RON 97,SEAOIL,54.18,56.0,reported
2025-09-16,Quezon City,RON 97,SHELL,68.74,71.55,reported
2025-09-16,Quezon City,RON 97,UNIOIL,69.7,69.7,reported
2025-09-16,Taguig Cty,DIESEL,CALTEX,57.6,59.69,reported
2025-09-16,Taguig Cty,DIESEL,FLYING,54.2,54.85,reported
2025-09-16,Taguig Cty,DIESEL,INDEPENDENT,54.85,59.29,reported
2025-09-16,Taguig Cty,DIESEL,PETRON,53.5,55.2,reported
2025-09-16,Taguig Cty,DIESEL,SEAOIL,55.0,55.0,reported
2025-09-16,Taguig Cty,DIESEL,SHELL,57.1,59.09,reported
2025-09-16,Taguig Cty,DIESEL PLUS,CALTEX,65.89,65.89,reported
2025-09-16,Taguig Cty,DIESEL PLUS,PETRON,54.5,58.2,reported
2025-09-16,Taguig Cty,DIESEL PLUS,SHELL,65.39,68.05,reported
2025-09-16,Taguig Cty,KEROSENE,CALTEX,74.44,88.39,reported
2025-09-16,Taguig Cty,RON 100,PETRON,65.63,66.39,reported
2025-09-16,Taguig Cty,RON 91,CALTEX,60.22,61.98,reported
2025-09-16,Taguig Cty,RON 91,FLYING,55.4,55.9,reported
2025-09-16,Taguig Cty,RON 91,INDEPENDENT,55.9,58.89,reported
2025-09-16,Taguig Cty,RON 91,PETRON,55.15,56.4,reported
2025-09-16,Taguig Cty,RON 91,PHOENIX,,,no_report
2025-09-16,Taguig Cty,RON 91,SEAOIL,55.5,55.5,reported
2025-09-16,Taguig Cty,RON 91,SHELL,59.9,65.04,reported
2025-09-16,Taguig Cty,RON 91,TOTAL,,,no_report
2025-09-16,Taguig Cty,RON 91,UNIOIL,,,no_report
2025-09-16,Taguig Cty,RON 95,CALTEX,63.71,66.52,reported
2025-09-16,Taguig Cty,RON 95,FLYING,56.05,57.35,reported
2025-09-16,Taguig Cty,RON 95,INDEPENDENT,57.35,59.39,reported
2025-09-16,Taguig Cty,RON 95,PETRON,56.15,58.05,reported
2025-09-16,Taguig Cty,RON 95,SHELL,66.95,70.42,reported
2025-09-16,Taguig Cty,RON 97,SEAOIL,57.5,57.5,reported
2025-09-16,Taguig Cty,RON 97,SHELL,70.49,74.04,reported
2025-09-30,Caloocan City,DIESEL,CALTEX,59.3,59.3,reported
2025-09-30,Caloocan City,DIESEL,FLYING,50.79,51.9,reported
2025-09-30,Caloocan City,DIESEL,INDEPENDENT,49.0,55.15,reported
2025-09-30,Caloocan City,DIESEL,PETRON,52.9,59.55,reported
2025-09-30,Caloocan City,DIESEL,SEAOIL,51.89,58.4,reported
2025-09-30,Caloocan City,DIESEL,SHELL,57.87,59.0,reported
2025-09-30,Caloocan City,DIESEL,UNIOIL,57.6,57.6,reported
2025-09-30,Caloocan City,DIESEL PLUS,PETRON,61.65,61.65,reported
2025-09-30,Caloocan City,DIESEL PLUS,SHELL,66.02,67.58,reported
2025-09-30,Caloocan City,KEROSENE,PETRON,75.3,76.97,reported
2025-09-30,Caloocan City,RON 91,CALTEX,59.1,59.1,reported
2025-09-30,Caloocan City,RON 91,FLYING,51.45,51.64,reported
2025-09-30,Caloocan City,RON 91,INDEPENDENT,49.0,54.3,reported
2025-09-30,Caloocan City,RON 91,PETRON,53.8,59.85,reported
2025-09-30,Caloocan City,RON 91,SEAOIL,51.7,58.65,reported
2025-09-30,Caloocan City,RON 91,SHELL,57.58,58.79,reported
2025-09-30,Caloocan City,RON 91,UNIOIL,57.46,57.46,reported
2025-09-30,Caloocan City,RON 95,CALTEX,65.9,65.9,reported
2025-09-30,Caloocan City,RON 95,FLYING,52.28,52.85,reported
2025-09-30,Caloocan City,RON 95,INDEPENDENT,50.0,55.8,reported
2025-09-30,Caloocan City,RON 95,PETRON,55.0,61.35,reported
2025-09-30,Caloocan City,RON 95,SHELL,58.9,66.0,reported
2025-09-30,Caloocan City,RON 95,UNIOIL,60.3,60.3,reported
2025-09-30,Caloocan City,RON 97,SEAOIL,52.75,60.15,reported
2025-09-30,Caloocan City,RON 97,SHELL,68.85,74.24,reported
2025-09-30,Makati City,DIESEL,CALTEX,56.39,58.44,reported
2025-09-30,Makati City,DIESEL,INDEPENDENT,53.5,53.5,reported
2025-09-30,Makati City,DIESEL,PETRON,55.2,56.0,reported
2025-09-30,Makati City,DIESEL,PHOENIX,56.3,56.3,reported
2025-09-30,Makati City,DIESEL,SHELL,57.94,60.79,reported
2025-09-30,Makati City,DIESEL,UNIOIL,56.7,56.8,reported
2025-09-30,Makati City,DIESEL PLUS,CALTEX,61.93,66.11,reported
2025-09-30,Makati City,DIESEL PLUS,PETRON,58.2,59.0,reported
2025-09-30,Makati City,DIESEL PLUS,SHELL,69.09,70.38,reported
2025-09-30,Makati City,KEROSENE,PETRON,75.36,75.36,reported
2025-09-30,Makati City,RON 100,PETRON,65.84,67.77,reported
2025-09-30,Makati City,RON 91,CALTEX,56.74,60.25,reported
2025-09-30,Makati City,RON 91,FLYING,,,no_report
2025-09-30,Makati City,RON 91,INDEPENDENT,55.5,55.5,reported
2025-09-30,Makati City,RON 91,PETRON,55.0,56.8,reported
2025-09-30,Makati City,RON 91,PHOENIX,56.4,56.4,reported
2025-09-30,Makati City,RON 91,SHELL,59.73,60.7,reported
2025-09-30,Makati City,RON 91,TOTAL,,,no_report
2025-09-30,Makati City,RON 91,UNIOIL,57.3,57.4,reported
2025-09-30,Makati City,RON 95,CALTEX,58.25,67.74,reported
2025-09-30,Makati City,RON 95,INDEPENDENT,57.0,57.0,reported
2025-09-30,Makati City,RON 95,PETRON,56.5,58.29,reported
2025-09-30,Makati City,RON 95,PHOENIX,57.9,57.9,reported
2025-09-30,Makati City,RON 95,SHELL,67.72,68.19,reported
2025-09-30,Makati City,RON 95,UNIOIL,59.8,59.9,reported
2025-09-30,Makati City,RON 97,PHOENIX,71.7,71.7,reported
2025-09-30,Makati City,RON 97,SHELL,71.39,72.45,reported
2025-09-30,Makati City,RON 97,UNIOIL,75.27,77.7,reported
2025-09-30,Manila City,DIESEL,CALTEX,57.4,58.89,reported
2025-09-30,Manila City,DIESEL,FLYING,52.38,53.7,reported
2025-09-30,Manila City,DIESEL,INDEPENDENT,52.25,53.25,reported
2025-09-30,Manila City,DIESEL,PETRON,54.65,56.9,reported
2025-09-30,Manila City,DIESEL,SEAOIL,54.7,56.5,reported
2025-09-30,Manila City,DIESEL,SHELL,58.29,59.49,reported
2025-09-30,Manila City,DIESEL,TOTAL,56.3,61.19,reported
2025-09-30,Manila City,DIESEL PLUS,INDEPENDENT,54.75,54.75,reported
2025-09-30,Manila City,DIESEL PLUS,PETRON,57.65,59.9,reported
2025-09-30,Manila City,DIESEL PLUS,SHELL,67.68,71.78,reported
2025-09-30,Manila City,DIESEL PLUS,TOTAL,58.3,58.3,reported
2025-09-30,Manila City,KEROSENE,INDEPENDENT,73.0,73.0,reported
2025-09-30,Manila City,KEROSENE,PETRON,76.16,76.42,reported
2025-09-30,Manila City,RON 100,PETRON,66.24,66.98,reported
2025-09-30,Manila City,RON 91,CALTEX,58.85,59.65,reported
2025-09-30,Manila City,RON 91,FLYING,52.3,53.69,reported
2025-09-30,Manila City,RON 91,INDEPENDENT,53.1,54.2,reported
2025-09-30,Manila City,RON 91,PETRON,54.89,56.0,reported
2025-09-30,Manila City,RON 91,SEAOIL,53.2,55.35,reported
2025-09-30,Manila City,RON 91,SHELL,58.69,60.0,reported
2025-09-30,Manila City,RON 91,TOTAL,56.4,63.14,reported
2025-09-30,Manila City,RON 95,CALTEX,63.15,63.99,reported
2025-09-30,Manila City,RON 95,FLYING,53.8,55.17,reported
2025-09-30,Manila City,RON 95,INDEPENDENT,54.1,55.2,reported
2025-09-30,Manila City,RON 95,PETRON,56.1,57.5,reported
2025-09-30,Manila City,RON 95,SHELL,66.18,66.83,reported
2025-09-30,Manila City,RON 95,TOTAL,57.4,70.73,reported
2025-09-30,Manila City,RON 97,SEAOIL,55.08,56.9,reported
2025-09-30,Manila City,RON 97,SHELL,69.83,75.38,reported
2025-09-30,Muntinlupa City,DIESEL,CALTEX,60.78,60.78,reported
2025-09-30,Muntinlupa City,DIESEL,FLYING,54.4,54.4,reported
2025-09-30,Muntinlupa City,DIESEL,PETRON,57.2,58.2,reported
2025-09-30,Muntinlupa City,DIESEL,PHOENIX,55.89,58.7,reported
2025-09-30,Muntinlupa City,DIESEL,SEAOIL,57.2,57.2,reported
2025-09-30,Muntinlupa City,DIESEL,SHELL,59.24,59.99,reported
2025-09-30,Muntinlupa City,DIESEL,TOTAL,59.2,59.2,reported
2025-09-30,Muntinlupa City,DIESEL,UNIOIL,56.39,57.45,reported
2025-09-30,Muntinlupa City,DIESEL PLUS,PETRON,60.2,61.2,reported
2025-09-30,Muntinlupa City,DIESEL PLUS,SHELL,67.29,71.33,reported
2025-09-30,Muntinlupa City,DIESEL PLUS,TOTAL,62.2,62.2,reported
2025-09-30,Muntinlupa City,KEROSENE,CALTEX,76.34,76.34,reported
2025-09-30,Muntinlupa City,RON 100,PETRON,67.35,67.35,reported
2025-09-30,Muntinlupa City,RON 91,CALTEX,59.85,61.02,reported
2025-09-30,Muntinlupa City,RON 91,FLYING,54.8,54.8,reported
2025-09-30,Muntinlupa City,RON 91,PETRON,56.5,57.01,reported
2025-09-30,Muntinlupa City,RON 91,PHOENIX,55.4,59.0,reported
2025-09-30,Muntinlupa City,RON 91,PTT,,,no_report
2025-09-30,Muntinlupa City,RON 91,SEAOIL,56.5,62.55,reported
2025-09-30,Muntinlupa City,RON 91,SHELL,59.55,61.09,reported
2025-09-30,Muntinlupa City,RON 91,TOTAL,58.01,58.01,reported
2025-09-30,Muntinlupa City,RON 91,UNIOIL,57.4,57.4,reported
2025-09-30,Muntinlupa City,RON 95,CALTEX,64.51,68.46,reported
2025-09-30,Muntinlupa City,RON 95,FLYING,56.0,56.0,reported
2025-09-30,Muntinlupa City,RON 95,PETRON,58.0,59.01,reported
2025-09-30,Muntinlupa City,RON 95,PHOENIX,57.0,60.5,reported
2025-09-30,Muntinlupa City,RON 95,SHELL,68.03,68.78,reported
2025-09-30,Muntinlupa City,RON 95,TOTAL,60.01,60.01,reported
2025-09-30,Muntinlupa City,RON 95,UNIOIL,58.4,60.0,reported
2025-09-30,Muntinlupa City,RON 97,SEAOIL,58.5,63.37,reported
2025-09-30,Muntinlupa City,RON 97,SHELL,72.1,74.12,reported
2025-09-30,Parañaque City,DIESEL,CALTEX,58.75,58.8,reported
2025-09-30,Parañaque City,DIESEL,FLYING,53.8,54.79,reported
2025-09-30,Parañaque City,DIESEL,INDEPENDENT,55.4,57.3,reported
2025-09-30,Parañaque City,DIESEL,PETRON,55.7,58.65,reported
2025-09-30,Parañaque City,DIESEL,SEAOIL,55.76,56.4,reported
2025-09-30,Parañaque City,DIESEL,SHELL,58.29,61.44,reported
2025-09-30,Parañaque City,DIESEL,TOTAL,63.1,65.4,reported
2025-09-30,Parañaque City,DIESEL,UNIOIL,57.8,57.8,reported
2025-09-30,Parañaque City,DIESEL PLUS,CALTEX,60.75,60.76,reported
2025-09-30,Parañaque City,DIESEL PLUS,PETRON,58.7,61.65,reported
2025-09-30,Parañaque City,DIESEL PLUS,SHELL,68.49,71.88,reported
2025-09-30,Parañaque City,DIESEL PLUS,TOTAL,68.0,68.0,reported
2025-09-30,Parañaque City,KEROSENE,INDEPENDENT,76.0,76.0,reported
2025-09-30,Parañaque City,RON 100,PETRON,66.14,68.48,reported
2025-09-30,Parañaque City,RON 91,CALTEX,60.37,60.37,reported
2025-09-30,Parañaque City,RON 91,FLYING,55.4,55.4,reported
2025-09-30,Parañaque City,RON 91,INDEPENDENT,56.3,57.0,reported
2025-09-30,Parañaque City,RON 91,PETRON,54.85,57.4,reported
2025-09-30,Parañaque City,RON 91,PTT,,,no_report
2025-09-30,Parañaque City,RON 91,SEAOIL,55.6,55.7,reported
2025-09-30,Parañaque City,RON 91,SHELL,58.4,60.75,reported
2025-09-30,Parañaque City,RON 91,TOTAL,61.3,63.35,reported
2025-09-30,Parañaque City,RON 91,UNIOIL,57.9,58.4,reported
2025-09-30,Parañaque City,RON 95,CALTEX,62.86,62.96,reported
2025-09-30,Parañaque City,RON 95,FLYING,57.0,57.0,reported
2025-09-30,Parañaque City,RON 95,INDEPENDENT,57.8,59.5,reported
2025-09-30,Parañaque City,RON 95,PETRON,56.35,59.0,reported
2025-09-30,Parañaque City,RON 95,SHELL,65.03,67.79,reported
2025-09-30,Parañaque City,RON 95,TOTAL,63.3,64.85,reported
2025-09-30,Parañaque City,RON 95,UNIOIL,59.4,61.0,reported
2025-09-30,Parañaque City,RON 97,SEAOIL,56.6,57.3,reported
2025-09-30,Parañaque City,RON 97,SHELL,69.44,72.98,reported
2025-09-30,Parañaque City,RON 97,UNIOIL,70.0,70.0,reported
2025-09-30,Pasay City,DIESEL,CALTEX,58.69,60.33,reported
2025-09-30,Pasay City,DIESEL,INDEPENDENT,53.09,55.09,reported
2025-09-30,Pasay City,DIESEL,PETRON,55.79,57.8,reported
2025-09-30,Pasay City,DIESEL,PTT,56.0,57.8,reported
2025-09-30,Pasay City,DIESEL,SHELL,58.29,60.59,reported
2025-09-30,Pasay City,DIESEL,TOTAL,56.65,64.1,reported
2025-09-30,Pasay City,DIESEL PLUS,CALTEX,62.83,62.83,reported
2025-09-30,Pasay City,DIESEL PLUS,PETRON,60.8,60.8,reported
2025-09-30,Pasay City,DIESEL PLUS,PTT,58.8,58.8,reported
2025-09-30,Pasay City,DIESEL PLUS,SHELL,65.29,70.38,reported
2025-09-30,Pasay City,DIESEL PLUS,TOTAL,61.9,67.1,reported
2025-09-30,Pasay City,KEROSENE,CALTEX,86.7,86.7,reported
2025-09-30,Pasay City,KEROSENE,PETRON,77.11,77.11,reported
2025-09-30,Pasay City,RON 100,PETRON,67.27,68.88,reported
2025-09-30,Pasay City,RON 91,CALTEX,60.39,61.73,reported
2025-09-30,Pasay City,RON 91,FLYING,,,no_report
2025-09-30,Pasay City,RON 91,INDEPENDENT,52.8,53.6,reported
2025-09-30,Pasay City,RON 91,PETRON,55.61,57.9,reported
2025-09-30,Pasay City,RON 91,PTT,55.8,57.9,reported
2025-09-30,Pasay City,RON 91,SEAOIL,,,no_report
2025-09-30,Pasay City,RON 91,SHELL,59.2,60.45,reported
2025-09-30,Pasay City,RON 91,TOTAL,59.3,64.35,reported
2025-09-30,Pasay City,RON 95,CALTEX,65.83,67.88,reported
2025-09-30,Pasay City,RON 95,INDEPENDENT,54.3,55.4,reported
2025-09-30,Pasay City,RON 95,PETRON,57.3,59.4,reported
2025-09-30,Pasay City,RON 95,PTT,57.5,59.4,reported
2025-09-30,Pasay City,RON 95,SHELL,66.69,70.32,reported
2025-09-30,Pasay City,RON 95,TOTAL,62.5,65.85,reported
2025-09-30,Pasay City,RON 97,SHELL,71.19,73.5,reported
2025-09-30,Pasig City,DIESEL,CALTEX,59.67,62.49,reported
2025-09-30,Pasig City,DIESEL,FLYING,52.3,54.79,reported
2025-09-30,Pasig City,DIESEL,INDEPENDENT,52.35,55.9,reported
2025-09-30,Pasig City,DIESEL,PETRON,54.15,56.0,reported
2025-09-30,Pasig City,DIESEL,PHOENIX,52.65,57.8,reported
2025-09-30,Pasig City,DIESEL,SEAOIL,54.2,58.05,reported
2025-09-30,Pasig City,DIESEL,SHELL,57.94,59.3,reported
2025-09-30,Pasig City,DIESEL,TOTAL,57.11,57.11,reported
2025-09-30,Pasig City,DIESEL,UNIOIL,56.05,57.1,reported
2025-09-30,Pasig City,DIESEL PLUS,CALTEX,63.97,63.97,reported
2025-09-30,Pasig City,DIESEL PLUS,PETRON,55.4,59.0,reported
2025-09-30,Pasig City,DIESEL PLUS,SHELL,66.88,68.9,reported
2025-09-30,Pasig City,KEROSENE,PETRON,76.48,76.48,reported
2025-09-30,Pasig City,KEROSENE,SEAOIL,75.59,75.59,reported
2025-09-30,Pasig City,RON 100,PETRON,64.53,66.11,reported
2025-09-30,Pasig City,RON 91,CALTEX,61.6,64.29,reported
2025-09-30,Pasig City,RON 91,FLYING,52.1,55.15,reported
2025-09-30,Pasig City,RON 91,INDEPENDENT,52.75,52.95,reported
2025-09-30,Pasig City,RON 91,PETRON,52.95,55.15,reported
2025-09-30,Pasig City,RON 91,PHOENIX,53.1,58.75,reported
2025-09-30,Pasig City,RON 91,SEAOIL,53.75,55.3,reported
2025-09-30,Pasig City,RON 91,SHELL,57.79,61.44,reported
2025-09-30,Pasig City,RON 91,TOTAL,55.4,55.4,reported
2025-09-30,Pasig City,RON 91,UNIOIL,56.15,56.9,reported
2025-09-30,Pasig City,RON 95,CALTEX,64.57,68.7,reported
2025-09-30,Pasig City,RON 95,FLYING,53.7,56.15,reported
2025-09-30,Pasig City,RON 95,INDEPENDENT,53.75,54.35,reported
2025-09-30,Pasig City,RON 95,PETRON,54.45,56.6,reported
2025-09-30,Pasig City,RON 95,PHOENIX,54.6,60.75,reported
2025-09-30,Pasig City,RON 95,SHELL,65.2,67.75,reported
2025-09-30,Pasig City,RON 95,UNIOIL,58.65,59.4,reported
2025-09-30,Pasig City,RON 97,SEAOIL,54.75,58.8,reported
2025-09-30,Pasig City,RON 97,SHELL,70.0,72.6,reported
2025-09-30,Pasig City,RON 97,UNIOIL,77.9,77.9,reported
2025-09-30,Quezon City,DIESEL,CALTEX,56.8,59.9,reported
2025-09-30,Quezon City,DIESEL,FLYING,50.19,52.9,reported
2025-09-30,Quezon City,DIESEL,INDEPENDENT,49.6,50.5,reported
2025-09-30,Quezon City,DIESEL,PETRON,52.6,54.9,reported
2025-09-30,Quezon City,DIESEL,PHOENIX,53.2,57.95,reported
2025-09-30,Quezon City,DIESEL,SEAOIL,52.7,55.46,reported
2025-09-30,Quezon City,DIESEL,SHELL,56.95,60.09,reported
2025-09-30,Quezon City,DIESEL,UNIOIL,55.4,56.2,reported
2025-09-30,Quezon City,DIESEL PLUS,CALTEX,57.95,57.95,reported
2025-09-30,Quezon City,DIESEL PLUS,PETRON,55.6,57.9,reported
2025-09-30,Quezon City,DIESEL PLUS,SHELL,67.44,70.1,reported
2025-09-30,Quezon City,KEROSENE,PETRON,76.59,77.11,reported
2025-09-30,Quezon City,RON 100,PETRON,63.36,64.26,reported
2025-09-30,Quezon City,RON 91,CALTEX,55.8,60.8,reported
2025-09-30,Quezon City,RON 91,FLYING,51.04,52.99,reported
2025-09-30,Quezon City,RON 91,INDEPENDENT,49.45,52.1,reported
2025-09-30,Quezon City,RON 91,PETRON,52.9,53.8,reported
2025-09-30,Quezon City,RON 91,PHOENIX,52.8,58.65,reported
2025-09-30,Quezon City,RON 91,SEAOIL,51.8,53.8,reported
2025-09-30,Quezon City,RON 91,SHELL,58.59,60.24,reported
2025-09-30,Quezon City,RON 91,UNIOIL,54.8,55.5,reported
2025-09-30,Quezon City,RON 95,CALTEX,60.95,68.0,reported
2025-09-30,Quezon City,RON 95,FLYING,51.68,54.0,reported
2025-09-30,Quezon City,RON 95,INDEPENDENT,50.1,53.1,reported
2025-09-30,Quezon City,RON 95,PETRON,53.9,54.8,reported
2025-09-30,Quezon City,RON 95,PHOENIX,54.3,62.05,reported
2025-09-30,Quezon City,RON 95,SHELL,66.35,69.05,reported
2025-09-30,Quezon City,RON 95,UNIOIL,57.5,58.02,reported
2025-09-30,Quezon City,RON 97,INDEPENDENT,54.1,54.1,reported
2025-09-30,Quezon City,RON 97,SEAOIL,52.8,55.0,reported
2025-09-30,Quezon City,RON 97,SHELL,69.74,70.4,reported
2025-09-30,Quezon City,RON 97,UNIOIL,70.5,70.5,reported
2025-09-30,Taguig Cty,DIESEL,CALTEX,55.95,59.89,reported
2025-09-30,Taguig Cty,DIESEL,FLYING,54.5,55.9,reported
2025-09-30,Taguig Cty,DIESEL,INDEPENDENT,54.5,56.88,reported
2025-09-30,Taguig Cty,DIESEL,PETRON,55.2,56.9,reported
2025-09-30,Taguig Cty,DIESEL,SEAOIL,54.5,54.5,reported
2025-09-30,Taguig Cty,DIESEL,SHELL,57.99,59.69,reported
2025-09-30,Taguig Cty,DIESEL PLUS,CALTEX,67.59,67.59,reported
2025-09-30,Taguig Cty,DIESEL PLUS,PETRON,56.2,58.5,reported
2025-09-30,Taguig Cty,DIESEL PLUS,SHELL,66.13,68.5,reported
2025-09-30,Taguig Cty,KEROSENE,CALTEX,82.8,89.39,reported
2025-09-30,Taguig Cty,RON 100,PETRON,66.43,67.19,reported
2025-09-30,Taguig Cty,RON 91,CALTEX,56.75,62.4,reported
2025-09-30,Taguig Cty,RON 91,FLYING,55.2,56.2,reported
2025-09-30,Taguig Cty,RON 91,INDEPENDENT,55.2,58.59,reported
2025-09-30,Taguig Cty,RON 91,PETRON,55.95,58.84,reported
2025-09-30,Taguig Cty,RON 91,PHOENIX,,,no_report
2025-09-30,Taguig Cty,RON 91,SEAOIL,54.95,54.95,reported
2025-09-30,Taguig Cty,RON 91,SHELL,58.29,59.79,reported
2025-09-30,Taguig Cty,RON 91,TOTAL,,,no_report
2025-09-30,Taguig Cty,RON 91,UNIOIL,,,no_report
2025-09-30,Taguig Cty,RON 95,CALTEX,57.75,67.32,reported
2025-09-30,Taguig Cty,RON 95,FLYING,56.85,56.9,reported
2025-09-30,Taguig Cty,RON 95,INDEPENDENT,56.7,58.99,reported
2025-09-30,Taguig Cty,RON 95,PETRON,56.95,59.9,reported
2025-09-30,Taguig Cty,RON 95,SHELL,66.32,70.78,reported
2025-09-30,Taguig Cty,RON 97,SEAOIL,56.4,56.4,reported
2025-09-30,Taguig Cty,RON 97,SHELL,70.45,74.94,reported
2025-10-07,Caloocan City,DIESEL,CALTEX,59.39,59.39,reported
2025-10-07,Caloocan City,DIESEL,FLYING,51.0,52.2,reported
2025-10-07,Caloocan City,DIESEL,INDEPENDENT,49.0,55.45,reported
2025-10-07,Caloocan City,DIESEL,PETRON,53.9,60.35,reported
2025-10-07,Caloocan City,DIESEL,SEAOIL,52.69,58.59,reported
2025-10-07,Caloocan City,DIESEL,SHELL,57.89,59.39,reported
2025-10-07,Caloocan City,DIESEL,UNIOIL,56.69,56.69,reported
2025-10-07,Caloocan City,DIESEL PLUS,PETRON,63.35,63.35,reported
2025-10-07,Caloocan City,DIESEL PLUS,SHELL,66.82,68.28,reported
2025-10-07,Caloocan City,KEROSENE,PETRON,75.59,77.17,reported
2025-10-07,Caloocan City,RON 91,CALTEX,59.1,59.1,reported
2025-10-07,Caloocan City,RON 91,FLYING,51.15,51.59,reported
2025-10-07,Caloocan City,RON 91,INDEPENDENT,49.0,54.0,reported
2025-10-07,Caloocan City,RON 91,PETRON,53.15,59.85,reported
2025-10-07,Caloocan City,RON 91,SEAOIL,51.9,59.15,reported
2025-10-07,Caloocan City,RON 91,SHELL,57.12,59.1,reported
2025-10-07,Caloocan City,RON 91,UNIOIL,56.7,56.7,reported
2025-10-07,Caloocan City,RON 95,CALTEX,65.7,65.7,reported
2025-10-07,Caloocan City,RON 95,FLYING,51.9,52.55,reported
2025-10-07,Caloocan City,RON 95,INDEPENDENT,50.0,55.5,reported
2025-10-07,Caloocan City,RON 95,PETRON,54.15,61.35,reported
2025-10-07,Caloocan City,RON 95,SHELL,64.32,66.59,reported
2025-10-07,Caloocan City,RON 95,UNIOIL,59.7,59.7,reported
2025-10-07,Caloocan City,RON 97,SEAOIL,52.95,60.65,reported
2025-10-07,Caloocan City,RON 97,SHELL,68.95,74.44,reported
2025-10-07,Makati City,DIESEL,CALTEX,57.19,58.74,reported
2025-10-07,Makati City,DIESEL,INDEPENDENT,53.5,53.5,reported
2025-10-07,Makati City,DIESEL,PETRON,56.0,56.8,reported
2025-10-07,Makati City,DIESEL,PHOENIX,57.1,57.1,reported
2025-10-07,Makati City,DIESEL,SHELL,58.65,59.55,reported
2025-10-07,Makati City,DIESEL,UNIOIL,57.5,57.6,reported
2025-10-07,Makati City,DIESEL PLUS,CALTEX,62.39,66.91,reported
2025-10-07,Makati City,DIESEL PLUS,PETRON,59.0,59.8,reported
2025-10-07,Makati City,DIESEL PLUS,SHELL,69.89,71.18,reported
2025-10-07,Makati City,KEROSENE,PETRON,75.56,75.56,reported
2025-10-07,Makati City,RON 100,PETRON,65.85,67.97,reported
2025-10-07,Makati City,RON 91,CALTEX,56.94,59.93,reported
2025-10-07,Makati City,RON 91,FLYING,,,no_report
2025-10-07,Makati City,RON 91,INDEPENDENT,55.5,55.5,reported
2025-10-07,Makati City,RON 91,PETRON,55.0,57.0,reported
2025-10-07,Makati City,RON 91,PHOENIX,56.6,56.6,reported
2025-10-07,Makati City,RON 91,SHELL,59.49,59.93,reported
2025-10-07,Makati City,RON 91,TOTAL,,,no_report
2025-10-07,Makati City,RON 91,UNIOIL,57.5,57.6,reported
2025-10-07,Makati City,RON 95,CALTEX,58.45,67.92,reported
2025-10-07,Makati City,RON 95,INDEPENDENT,57.0,57.0,reported
2025-10-07,Makati City,RON 95,PETRON,56.51,58.49,reported
2025-10-07,Makati City,RON 95,PHOENIX,58.1,58.1,reported
2025-10-07,Makati City,RON 95,SHELL,67.59,68.39,reported
2025-10-07,Makati City,RON 95,UNIOIL,60.0,60.1,reported
2025-10-07,Makati City,RON 97,PHOENIX,71.3,71.3,reported
2025-10-07,Makati City,RON 97,SHELL,71.59,72.65,reported
2025-10-07,Manila City,DIESEL,CALTEX,58.2,59.69,reported
2025-10-07,Manila City,DIESEL,FLYING,52.26,54.2,reported
2025-10-07,Manila City,DIESEL,INDEPENDENT,51.46,53.65,reported
2025-10-07,Manila City,DIESEL,PETRON,53.9,57.7,reported
2025-10-07,Manila City,DIESEL,SEAOIL,55.0,57.3,reported
2025-10-07,Manila City,DIESEL,SHELL,58.55,59.69,reported
2025-10-07,Manila City,DIESEL,TOTAL,56.3,61.99,reported
2025-10-07,Manila City,DIESEL PLUS,INDEPENDENT,55.65,55.65,reported
2025-10-07,Manila City,DIESEL PLUS,PETRON,56.9,60.7,reported
2025-10-07,Manila City,DIESEL PLUS,SHELL,68.48,69.28,reported
2025-10-07,Manila City,DIESEL PLUS,TOTAL,59.1,59.1,reported
2025-10-07,Manila City,KEROSENE,INDEPENDENT,73.9,73.9,reported
2025-10-07,Manila City,KEROSENE,PETRON,76.36,76.62,reported
2025-10-07,Manila City,RON 100,PETRON,64.42,67.18,reported
2025-10-07,Manila City,RON 91,CALTEX,58.99,59.85,reported
2025-10-07,Manila City,RON 91,FLYING,52.5,53.88,reported
2025-10-07,Manila City,RON 91,INDEPENDENT,53.05,54.0,reported
2025-10-07,Manila City,RON 91,PETRON,53.7,56.2,reported
2025-10-07,Manila City,RON 91,SEAOIL,53.4,55.55,reported
2025-10-07,Manila City,RON 91,SHELL,57.99,59.95,reported
2025-10-07,Manila City,RON 91,TOTAL,56.6,63.34,reported
2025-10-07,Manila City,RON 95,CALTEX,63.35,64.3,reported
2025-10-07,Manila City,RON 95,FLYING,54.0,55.36,reported
2025-10-07,Manila City,RON 95,INDEPENDENT,54.15,55.16,reported
2025-10-07,Manila City,RON 95,PETRON,54.7,57.7,reported
2025-10-07,Manila City,RON 95,SHELL,65.89,66.9,reported
2025-10-07,Manila City,RON 95,TOTAL,57.5,70.93,reported
2025-10-07,Manila City,RON 97,SEAOIL,55.28,57.1,reported
2025-10-07,Manila City,RON 97,SHELL,70.03,75.58,reported
2025-10-07,Muntinlupa City,DIESEL,CALTEX,61.37,61.58,reported
2025-10-07,Muntinlupa City,DIESEL,FLYING,54.3,54.3,reported
2025-10-07,Muntinlupa City,DIESEL,PETRON,58.0,59.0,reported
2025-10-07,Muntinlupa City,DIESEL,PHOENIX,56.69,58.7,reported
2025-10-07,Muntinlupa City,DIESEL,SEAOIL,58.0,58.0,reported
2025-10-07,Muntinlupa City,DIESEL,SHELL,60.04,60.79,reported
2025-10-07,Muntinlupa City,DIESEL,TOTAL,60.0,60.0,reported
2025-10-07,Muntinlupa City,DIESEL,UNIOIL,57.19,58.25,reported
2025-10-07,Muntinlupa City,DIESEL PLUS,PETRON,61.0,62.0,reported
2025-10-07,Muntinlupa City,DIESEL PLUS,SHELL,68.09,70.13,reported
2025-10-07,Muntinlupa City,DIESEL PLUS,TOTAL,63.0,63.0,reported
2025-10-07,Muntinlupa City,KEROSENE,CALTEX,76.54,76.54,reported
2025-10-07,Muntinlupa City,RON 100,PETRON,67.55,68.54,reported
2025-10-07,Muntinlupa City,RON 91,CALTEX,60.05,60.57,reported
2025-10-07,Muntinlupa City,RON 91,FLYING,53.8,53.8,reported
2025-10-07,Muntinlupa City,RON 91,PETRON,56.7,57.21,reported
2025-10-07,Muntinlupa City,RON 91,PHOENIX,55.6,59.0,reported
2025-10-07,Muntinlupa City,RON 91,PTT,,,no_report
2025-10-07,Muntinlupa City,RON 91,SEAOIL,56.7,62.75,reported
2025-10-07,Muntinlupa City,RON 91,SHELL,59.75,61.29,reported
2025-10-07,Muntinlupa City,RON 91,TOTAL,58.21,58.21,reported
2025-10-07,Muntinlupa City,RON 91,UNIOIL,57.6,57.6,reported
2025-10-07,Muntinlupa City,RON 95,CALTEX,64.71,68.66,reported
2025-10-07,Muntinlupa City,RON 95,FLYING,55.15,55.15,reported
2025-10-07,Muntinlupa City,RON 95,PETRON,58.2,59.21,reported
2025-10-07,Muntinlupa City,RON 95,PHOENIX,57.2,60.5,reported
2025-10-07,Muntinlupa City,RON 95,SHELL,67.23,68.98,reported
2025-10-07,Muntinlupa City,RON 95,TOTAL,60.21,60.21,reported
2025-10-07,Muntinlupa City,RON 95,UNIOIL,58.6,60.2,reported
2025-10-07,Muntinlupa City,RON 97,SEAOIL,58.7,63.57,reported
2025-10-07,Muntinlupa City,RON 97,SHELL,72.3,74.32,reported
2025-10-07,Parañaque City,DIESEL,CALTEX,59.55,59.6,reported
2025-10-07,Parañaque City,DIESEL,FLYING,54.6,55.59,reported
2025-10-07,Parañaque City,DIESEL,INDEPENDENT,56.2,58.1,reported
2025-10-07,Parañaque City,DIESEL,PETRON,55.45,59.44,reported
2025-10-07,Parañaque City,DIESEL,SEAOIL,55.7,56.7,reported
2025-10-07,Parañaque City,DIESEL,SHELL,59.09,62.24,reported
2025-10-07,Parañaque City,DIESEL,TOTAL,63.9,66.2,reported
2025-10-07,Parañaque City,DIESEL,UNIOIL,58.5,58.6,reported
2025-10-07,Parañaque City,DIESEL PLUS,CALTEX,61.55,61.56,reported
2025-10-07,Parañaque City,DIESEL PLUS,PETRON,58.45,62.44,reported
2025-10-07,Parañaque City,DIESEL PLUS,SHELL,69.29,72.68,reported
2025-10-07,Parañaque City,DIESEL PLUS,TOTAL,68.8,68.8,reported
2025-10-07,Parañaque City,KEROSENE,INDEPENDENT,76.2,76.2,reported
2025-10-07,Parañaque City,RON 100,PETRON,65.52,66.47,reported
2025-10-07,Parañaque City,RON 91,CALTEX,60.57,60.59,reported
2025-10-07,Parañaque City,RON 91,FLYING,55.6,55.6,reported
2025-10-07,Parañaque City,RON 91,INDEPENDENT,56.5,57.2,reported
2025-10-07,Parañaque City,RON 91,PETRON,54.3,55.51,reported
2025-10-07,Parañaque City,RON 91,PTT,,,no_report
2025-10-07,Parañaque City,RON 91,SEAOIL,55.4,55.6,reported
2025-10-07,Parañaque City,RON 91,SHELL,57.79,60.95,reported
2025-10-07,Parañaque City,RON 91,TOTAL,61.5,63.55,reported
2025-10-07,Parañaque City,RON 91,UNIOIL,58.1,58.6,reported
2025-10-07,Parañaque City,RON 95,CALTEX,63.06,63.17,reported
2025-10-07,Parañaque City,RON 95,FLYING,57.2,57.2,reported
2025-10-07,Parañaque City,RON 95,INDEPENDENT,58.0,59.7,reported
2025-10-07,Parañaque City,RON 95,PETRON,55.8,57.0,reported
2025-10-07,Parañaque City,RON 95,SHELL,65.23,68.19,reported
2025-10-07,Parañaque City,RON 95,TOTAL,63.5,65.05,reported
2025-10-07,Parañaque City,RON 95,UNIOIL,59.6,61.2,reported
2025-10-07,Parañaque City,RON 97,SEAOIL,56.4,57.2,reported
2025-10-07,Parañaque City,RON 97,SHELL,69.64,73.18,reported
2025-10-07,Parañaque City,RON 97,UNIOIL,64.2,64.2,reported
2025-10-07,Pasay City,DIESEL,CALTEX,59.09,61.13,reported
2025-10-07,Pasay City,DIESEL,INDEPENDENT,53.09,54.99,reported
2025-10-07,Pasay City,DIESEL,PETRON,54.0,58.6,reported
2025-10-07,Pasay City,DIESEL,PTT,54.2,58.6,reported
2025-10-07,Pasay City,DIESEL,SHELL,59.09,61.39,reported
2025-10-07,Pasay City,DIESEL,TOTAL,57.45,64.9,reported
2025-10-07,Pasay City,DIESEL PLUS,CALTEX,63.63,63.63,reported
2025-10-07,Pasay City,DIESEL PLUS,PETRON,61.6,61.6,reported
2025-10-07,Pasay City,DIESEL PLUS,PTT,59.6,59.6,reported
2025-10-07,Pasay City,DIESEL PLUS,SHELL,66.09,71.18,reported
2025-10-07,Pasay City,DIESEL PLUS,TOTAL,62.7,67.9,reported
2025-10-07,Pasay City,KEROSENE,CALTEX,86.9,86.9,reported
2025-10-07,Pasay City,KEROSENE,PETRON,77.31,77.31,reported
2025-10-07,Pasay City,RON 100,PETRON,67.47,69.08,reported
2025-10-07,Pasay City,RON 91,CALTEX,59.49,61.93,reported
2025-10-07,Pasay City,RON 91,FLYING,,,no_report
2025-10-07,Pasay City,RON 91,INDEPENDENT,52.8,54.0,reported
2025-10-07,Pasay City,RON 91,PETRON,54.1,58.1,reported
2025-10-07,Pasay City,RON 91,PTT,54.3,58.1,reported
2025-10-07,Pasay City,RON 91,SEAOIL,,,no_report
2025-10-07,Pasay City,RON 91,SHELL,59.4,60.65,reported
2025-10-07,Pasay City,RON 91,TOTAL,59.5,64.55,reported
2025-10-07,Pasay City,RON 95,CALTEX,66.03,67.98,reported
2025-10-07,Pasay City,RON 95,INDEPENDENT,54.3,55.8,reported
2025-10-07,Pasay City,RON 95,PETRON,55.6,59.6,reported
2025-10-07,Pasay City,RON 95,PTT,55.8,59.6,reported
2025-10-07,Pasay City,RON 95,SHELL,66.89,69.52,reported
2025-10-07,Pasay City,RON 95,TOTAL,62.7,66.05,reported
2025-10-07,Pasay City,RON 97,SHELL,71.39,73.7,reported
2025-10-07,Pasig City,DIESEL,CALTEX,60.26,63.29,reported
2025-10-07,Pasig City,DIESEL,FLYING,52.4,55.59,reported
2025-10-07,Pasig City,DIESEL,INDEPENDENT,52.4,55.4,reported
2025-10-07,Pasig City,DIESEL,PETRON,54.93,56.8,reported
2025-10-07,Pasig City,DIESEL,PHOENIX,52.4,58.6,reported
2025-10-07,Pasig City,DIESEL,SEAOIL,54.2,58.05,reported
2025-10-07,Pasig City,DIESEL,SHELL,58.24,59.79,reported
2025-10-07,Pasig City,DIESEL,TOTAL,57.91,57.91,reported
2025-10-07,Pasig City,DIESEL,UNIOIL,55.95,57.9,reported
2025-10-07,Pasig City,DIESEL PLUS,CALTEX,64.56,64.56,reported
2025-10-07,Pasig City,DIESEL PLUS,PETRON,56.2,59.8,reported
2025-10-07,Pasig City,DIESEL PLUS,SHELL,67.68,69.7,reported
2025-10-07,Pasig City,KEROSENE,PETRON,76.68,76.68,reported
2025-10-07,Pasig City,KEROSENE,SEAOIL,75.59,75.59,reported
2025-10-07,Pasig City,RON 100,PETRON,64.74,66.31,reported
2025-10-07,Pasig City,RON 91,CALTEX,61.8,62.84,reported
2025-10-07,Pasig City,RON 91,FLYING,52.25,55.35,reported
2025-10-07,Pasig City,RON 91,INDEPENDENT,52.85,53.45,reported
2025-10-07,Pasig City,RON 91,PETRON,53.15,55.35,reported
2025-10-07,Pasig City,RON 91,PHOENIX,53.45,58.95,reported
2025-10-07,Pasig City,RON 91,SEAOIL,53.7,54.5,reported
2025-10-07,Pasig City,RON 91,SHELL,57.99,60.19,reported
2025-10-07,Pasig City,RON 91,TOTAL,55.6,55.6,reported
2025-10-07,Pasig City,RON 91,UNIOIL,54.75,57.1,reported
2025-10-07,Pasig City,RON 95,CALTEX,64.77,67.8,reported
2025-10-07,Pasig City,RON 95,FLYING,53.75,56.35,reported
2025-10-07,Pasig City,RON 95,INDEPENDENT,53.75,54.35,reported
2025-10-07,Pasig City,RON 95,PETRON,54.65,56.8,reported
2025-10-07,Pasig City,RON 95,PHOENIX,53.75,60.95,reported
2025-10-07,Pasig City,RON 95,SHELL,65.4,67.95,reported
2025-10-07,Pasig City,RON 95,UNIOIL,57.25,59.6,reported
2025-10-07,Pasig City,RON 97,SEAOIL,54.7,58.0,reported
2025-10-07,Pasig City,RON 97,SHELL,70.2,72.8,reported
2025-10-07,Pasig City,RON 97,UNIOIL,60.25,62.6,reported
2025-10-07,Quezon City,DIESEL,CALTEX,57.6,60.7,reported
2025-10-07,Quezon City,DIESEL,FLYING,50.54,52.7,reported
2025-10-07,Quezon City,DIESEL,INDEPENDENT,49.7,51.4,reported
2025-10-07,Quezon City,DIESEL,PETRON,53.4,56.8,reported
2025-10-07,Quezon City,DIESEL,PHOENIX,53.2,58.75,reported
2025-10-07,Quezon City,DIESEL,SEAOIL,52.5,56.26,reported
2025-10-07,Quezon City,DIESEL,SHELL,57.3,58.54,reported
2025-10-07,Quezon City,DIESEL,UNIOIL,54.9,57.0,reported
2025-10-07,Quezon City,DIESEL PLUS,CALTEX,58.75,58.75,reported
2025-10-07,Quezon City,DIESEL PLUS,PETRON,56.4,59.8,reported
2025-10-07,Quezon City,DIESEL PLUS,SHELL,69.14,70.9,reported
2025-10-07,Quezon City,KEROSENE,PETRON,76.79,78.21,reported
2025-10-07,Quezon City,RON 100,PETRON,63.56,64.47,reported
2025-10-07,Quezon City,RON 91,CALTEX,56.0,61.0,reported
2025-10-07,Quezon City,RON 91,FLYING,50.98,52.1,reported
2025-10-07,Quezon City,RON 91,INDEPENDENT,49.45,51.9,reported
2025-10-07,Quezon City,RON 91,PETRON,53.1,54.01,reported
2025-10-07,Quezon City,RON 91,PHOENIX,53.5,59.25,reported
2025-10-07,Quezon City,RON 91,SEAOIL,53.0,54.0,reported
2025-10-07,Quezon City,RON 91,SHELL,55.98,59.36,reported
2025-10-07,Quezon City,RON 91,UNIOIL,54.6,55.0,reported
2025-10-07,Quezon City,RON 95,CALTEX,61.15,68.2,reported
2025-10-07,Quezon City,RON 95,FLYING,51.63,53.1,reported
2025-10-07,Quezon City,RON 95,INDEPENDENT,50.1,52.9,reported
2025-10-07,Quezon City,RON 95,PETRON,54.1,55.0,reported
2025-10-07,Quezon City,RON 95,PHOENIX,52.0,62.25,reported
2025-10-07,Quezon City,RON 95,SHELL,67.58,69.05,reported
2025-10-07,Quezon City,RON 95,UNIOIL,57.1,57.5,reported
2025-10-07,Quezon City,RON 97,INDEPENDENT,53.9,53.9,reported
2025-10-07,Quezon City,RON 97,SEAOIL,54.0,55.2,reported
2025-10-07,Quezon City,RON 97,SHELL,68.36,70.6,reported
2025-10-07,Quezon City,RON 97,UNIOIL,60.1,60.1,reported
2025-10-07,Taguig Cty,DIESEL,CALTEX,56.75,60.49,reported
2025-10-07,Taguig Cty,DIESEL,FLYING,55.3,56.7,reported
2025-10-07,Taguig Cty,DIESEL,INDEPENDENT,55.3,57.68,reported
2025-10-07,Taguig Cty,DIESEL,PETRON,54.4,57.7,reported
2025-10-07,Taguig Cty,DIESEL,SEAOIL,55.3,55.3,reported
2025-10-07,Taguig Cty,DIESEL,SHELL,57.79,59.79,reported
2025-10-07,Taguig Cty,DIESEL PLUS,CALTEX,67.39,67.39,reported
2025-10-07,Taguig Cty,DIESEL PLUS,PETRON,57.0,60.7,reported
2025-10-07,Taguig Cty,DIESEL PLUS,SHELL,66.93,69.3,reported
2025-10-07,Taguig Cty,KEROSENE,CALTEX,82.95,90.49,reported
2025-10-07,Taguig Cty,RON 100,PETRON,65.47,66.63,reported
2025-10-07,Taguig Cty,RON 91,CALTEX,56.95,60.95,reported
2025-10-07,Taguig Cty,RON 91,FLYING,55.15,56.4,reported
2025-10-07,Taguig Cty,RON 91,INDEPENDENT,55.15,58.59,reported
2025-10-07,Taguig Cty,RON 91,PETRON,54.45,57.39,reported
2025-10-07,Taguig Cty,RON 91,PHOENIX,,,no_report
2025-10-07,Taguig Cty,RON 91,SEAOIL,55.15,55.15,reported
2025-10-07,Taguig Cty,RON 91,SHELL,58.1,59.99,reported
2025-10-07,Taguig Cty,RON 91,TOTAL,,,no_report
2025-10-07,Taguig Cty,RON 91,UNIOIL,,,no_report
2025-10-07,Taguig Cty,RON 95,CALTEX,57.95,66.52,reported
2025-10-07,Taguig Cty,RON 95,FLYING,56.6,57.05,reported
2025-10-07,Taguig Cty,RON 95,INDEPENDENT,56.6,59.03,reported
2025-10-07,Taguig Cty,RON 95,PETRON,55.75,59.04,reported
2025-10-07,Taguig Cty,RON 95,SHELL,66.52,70.78,reported
2025-10-07,Taguig Cty,RON 97,SEAOIL,56.6,56.6,reported
2025-10-07,Taguig Cty,RON 97,SHELL,70.65,75.14,reported
2025-10-14,Caloocan City,DIESEL,CALTEX,57.2,57.2,reported
2025-10-14,Caloocan City,DIESEL,FLYING,50.36,52.0,reported
2025-10-14,Caloocan City,DIESEL,INDEPENDENT,49.0,55.45,reported
2025-10-14,Caloocan City,DIESEL,PETRON,53.9,60.35,reported
2025-10-14,Caloocan City,DIESEL,SEAOIL,49.8,58.59,reported
2025-10-14,Caloocan City,DIESEL,SHELL,57.43,59.69,reported
2025-10-14,Caloocan City,DIESEL,UNIOIL,55.99,55.99,reported
2025-10-14,Caloocan City,DIESEL PLUS,PETRON,63.35,63.35,reported
2025-10-14,Caloocan City,DIESEL PLUS,SHELL,65.55,68.09,reported
2025-10-14,Caloocan City,KEROSENE,PETRON,75.39,76.97,reported
2025-10-14,Caloocan City,RON 91,CALTEX,58.2,58.2,reported
2025-10-14,Caloocan City,RON 91,FLYING,51.45,51.51,reported
2025-10-14,Caloocan City,RON 91,INDEPENDENT,49.0,54.3,reported
2025-10-14,Caloocan City,RON 91,PETRON,53.45,60.15,reported
2025-10-14,Caloocan City,RON 91,SEAOIL,50.9,59.45,reported
2025-10-14,Caloocan City,RON 91,SHELL,57.29,59.3,reported
2025-10-14,Caloocan City,RON 91,UNIOIL,56.98,56.98,reported
2025-10-14,Caloocan City,RON 95,CALTEX,65.3,65.3,reported
2025-10-14,Caloocan City,RON 95,FLYING,52.16,52.85,reported
2025-10-14,Caloocan City,RON 95,INDEPENDENT,50.0,55.8,reported
2025-10-14,Caloocan City,RON 95,PETRON,54.45,61.65,reported
2025-10-14,Caloocan City,RON 95,SHELL,63.23,66.79,reported
2025-10-14,Caloocan City,RON 95,UNIOIL,58.98,58.98,reported
2025-10-14,Caloocan City,RON 97,SEAOIL,52.4,60.95,reported
2025-10-14,Caloocan City,RON 97,SHELL,69.21,74.74,reported
2025-10-14,Makati City,DIESEL,CALTEX,56.75,58.74,reported
2025-10-14,Makati City,DIESEL,INDEPENDENT,53.5,53.5,reported
2025-10-14,Makati City,DIESEL,PETRON,56.0,56.8,reported
2025-10-14,Makati City,DIESEL,PHOENIX,55.9,55.9,reported
2025-10-14,Makati City,DIESEL,SHELL,58.65,59.55,reported
2025-10-14,Makati City,DIESEL,UNIOIL,56.4,57.5,reported
2025-10-14,Makati City,DIESEL PLUS,CALTEX,62.39,66.91,reported
2025-10-14,Makati City,DIESEL PLUS,PETRON,59.0,59.8,reported
2025-10-14,Makati City,DIESEL PLUS,SHELL,69.89,71.18,reported
2025-10-14,Makati City,KEROSENE,PETRON,75.36,75.36,reported
2025-10-14,Makati City,RON 100,PETRON,66.15,68.27,reported
2025-10-14,Makati City,RON 91,CALTEX,57.24,60.23,reported
2025-10-14,Makati City,RON 91,FLYING,,,no_report
2025-10-14,Makati City,RON 91,INDEPENDENT,55.5,55.5,reported
2025-10-14,Makati City,RON 91,PETRON,55.3,57.3,reported
2025-10-14,Makati City,RON 91,PHOENIX,55.3,55.3,reported
2025-10-14,Makati City,RON 91,SHELL,59.31,60.23,reported
2025-10-14,Makati City,RON 91,TOTAL,,,no_report
2025-10-14,Makati City,RON 91,UNIOIL,56.3,56.8,reported
2025-10-14,Makati City,RON 95,CALTEX,58.75,68.22,reported
2025-10-14,Makati City,RON 95,INDEPENDENT,57.0,57.0,reported
2025-10-14,Makati City,RON 95,PETRON,56.81,58.79,reported
2025-10-14,Makati City,RON 95,PHOENIX,56.8,56.8,reported
2025-10-14,Makati City,RON 95,SHELL,67.59,68.13,reported
2025-10-14,Makati City,RON 95,UNIOIL,58.8,59.3,reported
2025-10-14,Makati City,RON 97,PHOENIX,71.6,71.6,reported
2025-10-14,Makati City,RON 97,SHELL,71.89,72.95,reported
2025-10-14,Manila City,DIESEL,CALTEX,57.89,58.2,reported
2025-10-14,Manila City,DIESEL,FLYING,51.44,53.95,reported
2025-10-14,Manila City,DIESEL,INDEPENDENT,51.44,53.13,reported
2025-10-14,Manila City,DIESEL,PETRON,53.55,57.7,reported
2025-10-14,Manila City,DIESEL,SEAOIL,53.9,55.6,reported
2025-10-14,Manila City,DIESEL,SHELL,58.55,59.12,reported
2025-10-14,Manila City,DIESEL,TOTAL,56.3,61.99,reported
2025-10-14,Manila City,DIESEL PLUS,INDEPENDENT,55.63,55.63,reported
2025-10-14,Manila City,DIESEL PLUS,PETRON,56.55,60.7,reported
2025-10-14,Manila City,DIESEL PLUS,SHELL,68.48,69.28,reported
2025-10-14,Manila City,DIESEL PLUS,TOTAL,59.1,59.1,reported
2025-10-14,Manila City,KEROSENE,INDEPENDENT,74.1,74.1,reported
2025-10-14,Manila City,KEROSENE,PETRON,76.16,76.82,reported
2025-10-14,Manila City,RON 100,PETRON,64.72,67.48,reported
2025-10-14,Manila City,RON 91,CALTEX,57.99,60.15,reported
2025-10-14,Manila City,RON 91,FLYING,52.5,54.15,reported
2025-10-14,Manila City,RON 91,INDEPENDENT,52.84,53.66,reported
2025-10-14,Manila City,RON 91,PETRON,54.0,56.5,reported
2025-10-14,Manila City,RON 91,SEAOIL,53.7,54.38,reported
2025-10-14,Manila City,RON 91,SHELL,57.81,59.5,reported
2025-10-14,Manila City,RON 91,TOTAL,56.9,63.64,reported
2025-10-14,Manila City,RON 95,CALTEX,63.65,64.6,reported
2025-10-14,Manila City,RON 95,FLYING,54.3,55.65,reported
2025-10-14,Manila City,RON 95,INDEPENDENT,53.43,55.14,reported
2025-10-14,Manila City,RON 95,PETRON,55.0,58.0,reported
2025-10-14,Manila City,RON 95,SHELL,66.18,67.2,reported
2025-10-14,Manila City,RON 95,TOTAL,57.9,71.23,reported
2025-10-14,Manila City,RON 97,SEAOIL,55.0,56.7,reported
2025-10-14,Manila City,RON 97,SHELL,70.33,75.88,reported
2025-10-14,Muntinlupa City,DIESEL,CALTEX,61.37,61.58,reported
2025-10-14,Muntinlupa City,DIESEL,FLYING,53.5,53.5,reported
2025-10-14,Muntinlupa City,DIESEL,PETRON,54.5,59.0,reported
2025-10-14,Muntinlupa City,DIESEL,PHOENIX,55.45,58.7,reported
2025-10-14,Muntinlupa City,DIESEL,SEAOIL,58.0,58.0,reported
2025-10-14,Muntinlupa City,DIESEL,SHELL,60.04,60.79,reported
2025-10-14,Muntinlupa City,DIESEL,TOTAL,60.0,60.0,reported
2025-10-14,Muntinlupa City,DIESEL,UNIOIL,57.19,58.25,reported
2025-10-14,Muntinlupa City,DIESEL PLUS,PETRON,57.5,62.0,reported
2025-10-14,Muntinlupa City,DIESEL PLUS,SHELL,68.09,70.13,reported
2025-10-14,Muntinlupa City,DIESEL PLUS,TOTAL,63.0,63.0,reported
2025-10-14,Muntinlupa City,KEROSENE,CALTEX,76.74,76.74,reported
2025-10-14,Muntinlupa City,RON 100,PETRON,66.22,68.84,reported
2025-10-14,Muntinlupa City,RON 91,CALTEX,60.35,60.87,reported
2025-10-14,Muntinlupa City,RON 91,FLYING,53.9,53.9,reported
2025-10-14,Muntinlupa City,RON 91,PETRON,54.9,57.51,reported
2025-10-14,Muntinlupa City,RON 91,PHOENIX,54.6,59.3,reported
2025-10-14,Muntinlupa City,RON 91,PTT,,,no_report
2025-10-14,Muntinlupa City,RON 91,SEAOIL,57.0,63.05,reported
2025-10-14,Muntinlupa City,RON 91,SHELL,60.05,61.5,reported
2025-10-14,Muntinlupa City,RON 91,TOTAL,58.51,58.51,reported
2025-10-14,Muntinlupa City,RON 91,UNIOIL,57.9,57.9,reported
2025-10-14,Muntinlupa City,RON 95,CALTEX,65.01,68.96,reported
2025-10-14,Muntinlupa City,RON 95,FLYING,55.25,55.25,reported
2025-10-14,Muntinlupa City,RON 95,PETRON,56.25,59.51,reported
2025-10-14,Muntinlupa City,RON 95,PHOENIX,56.1,60.8,reported
2025-10-14,Muntinlupa City,RON 95,SHELL,67.28,68.28,reported
2025-10-14,Muntinlupa City,RON 95,TOTAL,60.51,60.51,reported
2025-10-14,Muntinlupa City,RON 95,UNIOIL,58.9,60.5,reported
2025-10-14,Muntinlupa City,RON 97,SEAOIL,59.0,63.87,reported
2025-10-14,Muntinlupa City,RON 97,SHELL,72.6,74.62,reported
2025-10-14,Parañaque City,DIESEL,CALTEX,59.55,59.6,reported
2025-10-14,Parañaque City,DIESEL,FLYING,53.45,53.45,reported
2025-10-14,Parañaque City,DIESEL,INDEPENDENT,54.7,58.1,reported
2025-10-14,Parañaque City,DIESEL,PETRON,55.45,59.44,reported
2025-10-14,Parañaque City,DIESEL,SEAOIL,55.7,56.39,reported
2025-10-14,Parañaque City,DIESEL,SHELL,58.98,62.24,reported
2025-10-14,Parañaque City,DIESEL,TOTAL,63.9,66.2,reported
2025-10-14,Parañaque City,DIESEL,UNIOIL,56.45,58.6,reported
2025-10-14,Parañaque City,DIESEL PLUS,CALTEX,61.56,61.6,reported
2025-10-14,Parañaque City,DIESEL PLUS,PETRON,58.44,62.44,reported
2025-10-14,Parañaque City,DIESEL PLUS,SHELL,69.29,72.68,reported
2025-10-14,Parañaque City,DIESEL PLUS,TOTAL,68.8,68.8,reported
2025-10-14,Parañaque City,KEROSENE,INDEPENDENT,76.0,76.0,reported
2025-10-14,Parañaque City,RON 100,PETRON,65.81,66.77,reported
2025-10-14,Parañaque City,RON 91,CALTEX,60.87,60.9,reported
2025-10-14,Parañaque City,RON 91,FLYING,52.6,52.6,reported
2025-10-14,Parañaque City,RON 91,INDEPENDENT,54.3,57.2,reported
2025-10-14,Parañaque City,RON 91,PETRON,54.59,55.81,reported
2025-10-14,Parañaque City,RON 91,PTT,,,no_report
2025-10-14,Parañaque City,RON 91,SEAOIL,55.6,55.7,reported
2025-10-14,Parañaque City,RON 91,SHELL,57.79,61.25,reported
2025-10-14,Parañaque City,RON 91,TOTAL,61.8,63.85,reported
2025-10-14,Parañaque City,RON 91,UNIOIL,55.6,58.4,reported
2025-10-14,Parañaque City,RON 95,CALTEX,63.47,63.5,reported
2025-10-14,Parañaque City,RON 95,FLYING,54.1,54.1,reported
2025-10-14,Parañaque City,RON 95,INDEPENDENT,55.8,59.7,reported
2025-10-14,Parañaque City,RON 95,PETRON,56.1,57.3,reported
2025-10-14,Parañaque City,RON 95,SHELL,65.53,68.49,reported
2025-10-14,Parañaque City,RON 95,TOTAL,63.8,65.35,reported
2025-10-14,Parañaque City,RON 95,UNIOIL,58.1,59.9,reported
2025-10-14,Parañaque City,RON 97,SEAOIL,56.7,57.2,reported
2025-10-14,Parañaque City,RON 97,SHELL,69.94,73.48,reported
2025-10-14,Parañaque City,RON 97,UNIOIL,64.5,64.5,reported
2025-10-14,Pasay City,DIESEL,CALTEX,59.09,59.59,reported
2025-10-14,Pasay City,DIESEL,INDEPENDENT,53.09,54.19,reported
2025-10-14,Pasay City,DIESEL,PETRON,54.0,58.6,reported
2025-10-14,Pasay City,DIESEL,PTT,54.2,58.6,reported
2025-10-14,Pasay City,DIESEL,SHELL,57.99,61.39,reported
2025-10-14,Pasay City,DIESEL,TOTAL,57.45,64.9,reported
2025-10-14,Pasay City,DIESEL PLUS,CALTEX,62.17,62.17,reported
2025-10-14,Pasay City,DIESEL PLUS,PETRON,61.6,61.6,reported
2025-10-14,Pasay City,DIESEL PLUS,PTT,59.6,59.6,reported
2025-10-14,Pasay City,DIESEL PLUS,SHELL,66.09,71.18,reported
2025-10-14,Pasay City,DIESEL PLUS,TOTAL,62.7,67.9,reported
2025-10-14,Pasay City,KEROSENE,CALTEX,87.1,87.1,reported
2025-10-14,Pasay City,KEROSENE,PETRON,77.11,77.11,reported
2025-10-14,Pasay City,RON 100,PETRON,67.77,69.38,reported
2025-10-14,Pasay City,RON 91,CALTEX,58.8,59.79,reported
2025-10-14,Pasay City,RON 91,FLYING,,,no_report
2025-10-14,Pasay City,RON 91,INDEPENDENT,52.8,53.6,reported
2025-10-14,Pasay City,RON 91,PETRON,54.4,58.4,reported
2025-10-14,Pasay City,RON 91,PTT,54.6,58.4,reported
2025-10-14,Pasay City,RON 91,SEAOIL,,,no_report
2025-10-14,Pasay City,RON 91,SHELL,57.9,60.95,reported
2025-10-14,Pasay City,RON 91,TOTAL,59.8,64.85,reported
2025-10-14,Pasay City,RON 95,CALTEX,67.72,68.28,reported
2025-10-14,Pasay City,RON 95,INDEPENDENT,54.3,55.1,reported
2025-10-14,Pasay City,RON 95,PETRON,55.9,59.9,reported
2025-10-14,Pasay City,RON 95,PTT,56.1,59.9,reported
2025-10-14,Pasay City,RON 95,SHELL,67.19,69.82,reported
2025-10-14,Pasay City,RON 95,TOTAL,63.0,66.35,reported
2025-10-14,Pasay City,RON 97,SHELL,71.69,74.0,reported
2025-10-14,Pasig City,DIESEL,CALTEX,58.27,63.29,reported
2025-10-14,Pasig City,DIESEL,FLYING,51.8,55.59,reported
2025-10-14,Pasig City,DIESEL,INDEPENDENT,52.4,56.4,reported
2025-10-14,Pasig City,DIESEL,PETRON,53.0,56.8,reported
2025-10-14,Pasig City,DIESEL,PHOENIX,52.4,58.6,reported
2025-10-14,Pasig City,DIESEL,SEAOIL,52.4,58.05,reported
2025-10-14,Pasig City,DIESEL,SHELL,58.24,59.79,reported
2025-10-14,Pasig City,DIESEL,TOTAL,56.61,56.61,reported
2025-10-14,Pasig City,DIESEL,UNIOIL,55.95,57.9,reported
2025-10-14,Pasig City,DIESEL PLUS,CALTEX,62.57,62.57,reported
2025-10-14,Pasig City,DIESEL PLUS,PETRON,56.0,59.8,reported
2025-10-14,Pasig City,DIESEL PLUS,SHELL,67.68,69.7,reported
2025-10-14,Pasig City,KEROSENE,PETRON,76.48,76.48,reported
2025-10-14,Pasig City,RON 100,PETRON,64.52,66.61,reported
2025-10-14,Pasig City,RON 91,CALTEX,60.61,63.14,reported
2025-10-14,Pasig City,RON 91,FLYING,52.25,55.65,reported
2025-10-14,Pasig City,RON 91,INDEPENDENT,52.95,53.35,reported
2025-10-14,Pasig City,RON 91,PETRON,53.05,55.65,reported
2025-10-14,Pasig City,RON 91,PHOENIX,53.45,59.25,reported
2025-10-14,Pasig City,RON 91,SEAOIL,53.4,54.8,reported
2025-10-14,Pasig City,RON 91,SHELL,58.08,60.29,reported
2025-10-14,Pasig City,RON 91,TOTAL,55.9,55.9,reported
2025-10-14,Pasig City,RON 91,UNIOIL,55.05,57.4,reported
2025-10-14,Pasig City,RON 95,CALTEX,62.97,68.1,reported
2025-10-14,Pasig City,RON 95,FLYING,53.25,56.65,reported
2025-10-14,Pasig City,RON 95,INDEPENDENT,53.95,54.85,reported
2025-10-14,Pasig City,RON 95,PETRON,54.55,57.1,reported
2025-10-14,Pasig City,RON 95,PHOENIX,54.05,61.25,reported
2025-10-14,Pasig City,RON 95,SHELL,65.5,68.25,reported
2025-10-14,Pasig City,RON 95,UNIOIL,57.55,59.9,reported
2025-10-14,Pasig City,RON 97,SEAOIL,54.4,58.3,reported
2025-10-14,Pasig City,RON 97,SHELL,69.66,71.92,reported
2025-10-14,Pasig City,RON 97,UNIOIL,60.55,62.9,reported
2025-10-14,Quezon City,DIESEL,CALTEX,57.6,60.7,reported
2025-10-14,Quezon City,DIESEL,FLYING,49.75,52.39,reported
2025-10-14,Quezon City,DIESEL,INDEPENDENT,49.2,49.7,reported
2025-10-14,Quezon City,DIESEL,PETRON,53.4,55.7,reported
2025-10-14,Quezon City,DIESEL,PHOENIX,52.5,58.75,reported
2025-10-14,Quezon City,DIESEL,SEAOIL,51.7,54.86,reported
2025-10-14,Quezon City,DIESEL,SHELL,57.19,58.54,reported
2025-10-14,Quezon City,DIESEL,UNIOIL,54.9,57.0,reported
2025-10-14,Quezon City,DIESEL PLUS,CALTEX,58.75,58.75,reported
2025-10-14,Quezon City,DIESEL PLUS,PETRON,56.4,58.7,reported
2025-10-14,Quezon City,DIESEL PLUS,SHELL,67.46,69.48,reported
2025-10-14,Quezon City,KEROSENE,PETRON,76.59,78.01,reported
2025-10-14,Quezon City,RON 100,PETRON,63.86,64.77,reported
2025-10-14,Quezon City,RON 91,CALTEX,56.3,61.3,reported
2025-10-14,Quezon City,RON 91,FLYING,50.91,52.4,reported
2025-10-14,Quezon City,RON 91,INDEPENDENT,49.45,50.1,reported
2025-10-14,Quezon City,RON 91,PETRON,53.39,54.31,reported
2025-10-14,Quezon City,RON 91,PHOENIX,52.8,59.55,reported
2025-10-14,Quezon City,RON 91,SEAOIL,52.9,54.3,reported
2025-10-14,Quezon City,RON 91,SHELL,58.09,59.09,reported
2025-10-14,Quezon City,RON 91,UNIOIL,54.9,55.3,reported
2025-10-14,Quezon City,RON 95,CALTEX,61.45,68.5,reported
2025-10-14,Quezon City,RON 95,FLYING,51.56,53.39,reported
2025-10-14,Quezon City,RON 95,INDEPENDENT,50.1,51.1,reported
2025-10-14,Quezon City,RON 95,PETRON,54.4,55.3,reported
2025-10-14,Quezon City,RON 95,PHOENIX,54.1,62.55,reported
2025-10-14,Quezon City,RON 95,SHELL,64.0,65.3,reported
2025-10-14,Quezon City,RON 95,UNIOIL,57.4,57.8,reported
2025-10-14,Quezon City,RON 97,INDEPENDENT,52.1,52.1,reported
2025-10-14,Quezon City,RON 97,SEAOIL,54.3,55.3,reported
2025-10-14,Quezon City,RON 97,SHELL,68.3,68.66,reported
2025-10-14,Quezon City,RON 97,UNIOIL,60.4,60.4,reported
2025-10-14,Taguig Cty,DIESEL,CALTEX,56.75,60.49,reported
2025-10-14,Taguig Cty,DIESEL,FLYING,53.9,55.9,reported
2025-10-14,Taguig Cty,DIESEL,INDEPENDENT,53.95,57.99,reported
2025-10-14,Taguig Cty,DIESEL,PETRON,54.4,57.7,reported
2025-10-14,Taguig Cty,DIESEL,SEAOIL,54.4,54.4,reported
2025-10-14,Taguig Cty,DIESEL,SHELL,58.7,59.79,reported
2025-10-14,Taguig Cty,DIESEL PLUS,CALTEX,67.39,67.39,reported
2025-10-14,Taguig Cty,DIESEL PLUS,PETRON,57.0,60.69,reported
2025-10-14,Taguig Cty,DIESEL PLUS,SHELL,66.93,69.3,reported
2025-10-14,Taguig Cty,KEROSENE,CALTEX,82.95,90.69,reported
2025-10-14,Taguig Cty,RON 100,PETRON,65.77,66.93,reported
2025-10-14,Taguig Cty,RON 91,CALTEX,56.95,61.25,reported
2025-10-14,Taguig Cty,RON 91,FLYING,54.25,56.5,reported
2025-10-14,Taguig Cty,RON 91,INDEPENDENT,54.25,58.99,reported
2025-10-14,Taguig Cty,RON 91,PETRON,54.75,57.69,reported
2025-10-14,Taguig Cty,RON 91,PHOENIX,,,no_report
2025-10-14,Taguig Cty,RON 91,SEAOIL,54.75,54.75,reported
2025-10-14,Taguig Cty,RON 91,SHELL,58.4,60.29,reported
2025-10-14,Taguig Cty,RON 91,TOTAL,,,no_report
2025-10-14,Taguig Cty,RON 91,UNIOIL,,,no_report
2025-10-14,Taguig Cty,RON 95,CALTEX,57.95,66.82,reported
2025-10-14,Taguig Cty,RON 95,FLYING,55.55,57.15,reported
2025-10-14,Taguig Cty,RON 95,INDEPENDENT,55.55,59.59,reported
2025-10-14,Taguig Cty,RON 95,PETRON,56.05,59.34,reported
2025-10-14,Taguig Cty,RON 95,SHELL,64.32,71.28,reported
2025-10-14,Taguig Cty,RON 97,SEAOIL,56.05,56.05,reported
2025-10-14,Taguig Cty,RON 97,SHELL,70.46,75.44,reported
2025-10-28,Caloocan City,DIESEL,CALTEX,57.99,57.99,reported
2025-10-28,Caloocan City,DIESEL,FLYING,51.66,52.5,reported
2025-10-28,Caloocan City,DIESEL,INDEPENDENT,49.0,54.75,reported
2025-10-28,Caloocan City,DIESEL,PETRON,53.45,61.65,reported
2025-10-28,Caloocan City,DIESEL,SEAOIL,51.1,60.19,reported
2025-10-28,Caloocan City,DIESEL,SHELL,57.59,58.99,reported
2025-10-28,Caloocan City,DIESEL,UNIOIL,54.99,54.99,reported
2025-10-28,Caloocan City,DIESEL PLUS,PETRON,64.65,64.65,reported
2025-10-28,Caloocan City,DIESEL PLUS,SHELL,66.85,68.6,reported
2025-10-28,Caloocan City,KEROSENE,PETRON,76.49,78.07,reported
2025-10-28,Caloocan City,RON 91,CALTEX,58.48,58.48,reported
2025-10-28,Caloocan City,RON 91,FLYING,51.6,51.9,reported
2025-10-28,Caloocan City,RON 91,INDEPENDENT,49.0,54.4,reported
2025-10-28,Caloocan City,RON 91,PETRON,53.75,61.45,reported
2025-10-28,Caloocan City,RON 91,SEAOIL,51.3,60.95,reported
2025-10-28,Caloocan City,RON 91,SHELL,57.98,58.29,reported
2025-10-28,Caloocan City,RON 91,UNIOIL,56.98,56.98,reported
2025-10-28,Caloocan City,RON 95,CALTEX,65.5,65.5,reported
2025-10-28,Caloocan City,RON 95,FLYING,52.5,53.15,reported
2025-10-28,Caloocan City,RON 95,INDEPENDENT,50.0,55.9,reported
2025-10-28,Caloocan City,RON 95,PETRON,54.8,62.95,reported
2025-10-28,Caloocan City,RON 95,SHELL,64.53,66.88,reported
2025-10-28,Caloocan City,RON 95,UNIOIL,58.98,58.98,reported
2025-10-28,Caloocan City,RON 97,SEAOIL,52.3,62.15,reported
2025-10-28,Caloocan City,RON 97,SHELL,70.0,70.14,reported
2025-10-28,Makati City,DIESEL,CALTEX,56.01,59.5,reported
2025-10-28,Makati City,DIESEL,INDEPENDENT,53.5,53.5,reported
2025-10-28,Makati City,DIESEL,PETRON,54.8,57.2,reported
2025-10-28,Makati City,DIESEL,PHOENIX,57.2,57.2,reported
2025-10-28,Makati City,DIESEL,SHELL,57.75,60.7,reported
2025-10-28,Makati City,DIESEL,UNIOIL,55.8,57.7,reported
2025-10-28,Makati City,DIESEL PLUS,CALTEX,61.44,66.21,reported
2025-10-28,Makati City,DIESEL PLUS,PETRON,57.8,60.2,reported
2025-10-28,Makati City,DIESEL PLUS,SHELL,69.94,70.84,reported
2025-10-28,Makati City,RON 100,PETRON,66.59,68.68,reported
2025-10-28,Makati City,RON 91,CALTEX,57.2,61.53,reported
2025-10-28,Makati City,RON 91,FLYING,,,no_report
2025-10-28,Makati City,RON 91,INDEPENDENT,55.5,55.5,reported
2025-10-28,Makati City,RON 91,PETRON,55.1,57.2,reported
2025-10-28,Makati City,RON 91,PHOENIX,56.6,56.6,reported
2025-10-28,Makati City,RON 91,SHELL,59.0,59.59,reported
2025-10-28,Makati City,RON 91,TOTAL,,,no_report
2025-10-28,Makati City,RON 91,UNIOIL,56.6,57.6,reported
2025-10-28,Makati City,RON 95,CALTEX,58.7,69.43,reported
2025-10-28,Makati City,RON 95,INDEPENDENT,57.0,57.0,reported
2025-10-28,Makati City,RON 95,PETRON,56.59,58.71,reported
2025-10-28,Makati City,RON 95,PHOENIX,58.1,58.1,reported
2025-10-28,Makati City,RON 95,SHELL,68.09,68.3,reported
2025-10-28,Makati City,RON 95,UNIOIL,59.1,60.1,reported
2025-10-28,Makati City,RON 97,PHOENIX,72.9,72.9,reported
2025-10-28,Makati City,RON 97,SHELL,72.9,73.19,reported
2025-10-28,Makati City,RON 97,UNIOIL,63.6,63.6,reported
2025-10-28,Manila City,DIESEL,CALTEX,58.7,59.5,reported
2025-10-28,Manila City,DIESEL,FLYING,53.43,54.5,reported
2025-10-28,Manila City,DIESEL,INDEPENDENT,50.73,54.35,reported
2025-10-28,Manila City,DIESEL,PETRON,54.86,59.4,reported
2025-10-28,Manila City,DIESEL,SEAOIL,55.1,55.2,reported
2025-10-28,Manila City,DIESEL,SHELL,58.75,60.21,reported
2025-10-28,Manila City,DIESEL,TOTAL,56.6,59.4,reported
2025-10-28,Manila City,DIESEL PLUS,INDEPENDENT,54.0,54.0,reported
2025-10-28,Manila City,DIESEL PLUS,PETRON,57.4,60.5,reported
2025-10-28,Manila City,DIESEL PLUS,SHELL,68.65,70.29,reported
2025-10-28,Manila City,DIESEL PLUS,TOTAL,59.4,59.4,reported
2025-10-28,Manila City,KEROSENE,INDEPENDENT,73.0,73.0,reported
2025-10-28,Manila City,KEROSENE,PETRON,75.5,77.26,reported
2025-10-28,Manila City,RON 100,PETRON,65.5,68.41,reported
2025-10-28,Manila City,RON 91,CALTEX,58.8,59.11,reported
2025-10-28,Manila City,RON 91,FLYING,53.5,55.45,reported
2025-10-28,Manila City,RON 91,INDEPENDENT,53.64,54.15,reported
2025-10-28,Manila City,RON 91,PETRON,54.3,56.7,reported
2025-10-28,Manila City,RON 91,SEAOIL,53.8,55.3,reported
2025-10-28,Manila City,RON 91,SHELL,59.11,60.49,reported
2025-10-28,Manila City,RON 91,TOTAL,57.2,59.99,reported
2025-10-28,Manila City,RON 95,CALTEX,62.77,64.95,reported
2025-10-28,Manila City,RON 95,FLYING,55.0,56.95,reported
2025-10-28,Manila City,RON 95,INDEPENDENT,54.33,55.3,reported
2025-10-28,Manila City,RON 95,PETRON,55.3,58.2,reported
2025-10-28,Manila City,RON 95,SHELL,67.49,68.49,reported
2025-10-28,Manila City,RON 95,TOTAL,58.2,68.49,reported
2025-10-28,Manila City,RON 97,SEAOIL,56.15,56.3,reported
2025-10-28,Manila City,RON 97,SHELL,71.63,78.18,reported
2025-10-28,Muntinlupa City,DIESEL,CALTEX,60.88,62.67,reported
2025-10-28,Muntinlupa City,DIESEL,FLYING,54.6,54.6,reported
2025-10-28,Muntinlupa City,DIESEL,PETRON,55.8,58.0,reported
2025-10-28,Muntinlupa City,DIESEL,PHOENIX,56.4,56.75,reported
2025-10-28,Muntinlupa City,DIESEL,SEAOIL,59.3,59.3,reported
2025-10-28,Muntinlupa City,DIESEL,SHELL,59.39,61.59,reported
2025-10-28,Muntinlupa City,DIESEL,TOTAL,61.3,61.3,reported
2025-10-28,Muntinlupa City,DIESEL,UNIOIL,55.7,57.4,reported
2025-10-28,Muntinlupa City,DIESEL PLUS,PETRON,58.8,61.0,reported
2025-10-28,Muntinlupa City,DIESEL PLUS,SHELL,68.97,70.51,reported
2025-10-28,Muntinlupa City,DIESEL PLUS,TOTAL,64.3,64.3,reported
2025-10-28,Muntinlupa City,KEROSENE,CALTEX,77.84,77.84,reported
2025-10-28,Muntinlupa City,RON 100,PETRON,67.52,68.77,reported
2025-10-28,Muntinlupa City,RON 91,CALTEX,60.65,62.17,reported
2025-10-28,Muntinlupa City,RON 91,FLYING,53.4,53.4,reported
2025-10-28,Muntinlupa City,RON 91,PETRON,56.2,57.2,reported
2025-10-28,Muntinlupa City,RON 91,PHOENIX,54.9,57.95,reported
2025-10-28,Muntinlupa City,RON 91,PTT,,,no_report
2025-10-28,Muntinlupa City,RON 91,SEAOIL,57.2,62.65,reported
2025-10-28,Muntinlupa City,RON 91,SHELL,59.79,61.25,reported
2025-10-28,Muntinlupa City,RON 91,TOTAL,59.8,59.8,reported
2025-10-28,Muntinlupa City,RON 91,UNIOIL,56.18,56.18,reported
2025-10-28,Muntinlupa City,RON 95,CALTEX,66.31,69.26,reported
2025-10-28,Muntinlupa City,RON 95,FLYING,55.0,55.0,reported
2025-10-28,Muntinlupa City,RON 95,PETRON,57.55,58.8,reported
2025-10-28,Muntinlupa City,RON 95,PHOENIX,56.4,59.45,reported
2025-10-28,Muntinlupa City,RON 95,SHELL,67.83,69.58,reported
2025-10-28,Muntinlupa City,RON 95,TOTAL,61.81,61.81,reported
2025-10-28,Muntinlupa City,RON 95,UNIOIL,57.67,61.45,reported
2025-10-28,Muntinlupa City,RON 97,SEAOIL,58.95,63.67,reported
2025-10-28,Muntinlupa City,RON 97,SHELL,71.9,73.92,reported
2025-10-28,Parañaque City,DIESEL,CALTEX,58.7,58.75,reported
2025-10-28,Parañaque City,DIESEL,FLYING,54.75,54.75,reported
2025-10-28,Parañaque City,DIESEL,INDEPENDENT,56.0,58.7,reported
2025-10-28,Parañaque City,DIESEL,PETRON,54.8,59.75,reported
2025-10-28,Parañaque City,DIESEL,SEAOIL,56.45,57.45,reported
2025-10-28,Parañaque City,DIESEL,SHELL,58.4,63.54,reported
2025-10-28,Parañaque City,DIESEL,TOTAL,67.5,67.5,reported
2025-10-28,Parañaque City,DIESEL,UNIOIL,57.75,58.55,reported
2025-10-28,Parañaque City,DIESEL PLUS,CALTEX,60.71,62.9,reported
2025-10-28,Parañaque City,DIESEL PLUS,PETRON,57.8,62.75,reported
2025-10-28,Parañaque City,DIESEL PLUS,SHELL,68.98,72.13,reported
2025-10-28,Parañaque City,DIESEL PLUS,TOTAL,70.1,70.1,reported
2025-10-28,Parañaque City,KEROSENE,INDEPENDENT,79.3,79.3,reported
2025-10-28,Parañaque City,RON 100,PETRON,66.65,67.11,reported
2025-10-28,Parañaque City,RON 91,CALTEX,58.87,58.9,reported
2025-10-28,Parañaque City,RON 91,FLYING,53.9,53.9,reported
2025-10-28,Parañaque City,RON 91,INDEPENDENT,55.6,57.3,reported
2025-10-28,Parañaque City,RON 91,PETRON,55.15,55.9,reported
2025-10-28,Parañaque City,RON 91,PTT,,,no_report
2025-10-28,Parañaque City,RON 91,SEAOIL,55.8,55.9,reported
2025-10-28,Parañaque City,RON 91,SHELL,58.4,62.55,reported
2025-10-28,Parañaque City,RON 91,TOTAL,63.1,63.1,reported
2025-10-28,Parañaque City,RON 91,UNIOIL,56.9,58.1,reported
2025-10-28,Parañaque City,RON 95,CALTEX,61.37,64.8,reported
2025-10-28,Parañaque City,RON 95,FLYING,55.4,55.4,reported
2025-10-28,Parañaque City,RON 95,INDEPENDENT,56.1,59.7,reported
2025-10-28,Parañaque City,RON 95,PETRON,56.67,57.4,reported
2025-10-28,Parañaque City,RON 95,SHELL,66.83,69.79,reported
2025-10-28,Parañaque City,RON 95,TOTAL,65.1,65.1,reported
2025-10-28,Parañaque City,RON 95,UNIOIL,59.1,59.4,reported
2025-10-28,Parañaque City,RON 97,SEAOIL,57.3,57.4,reported
2025-10-28,Parañaque City,RON 97,SHELL,69.24,74.78,reported
2025-10-28,Parañaque City,RON 97,UNIOIL,64.6,64.6,reported
2025-10-28,Pasay City,DIESEL,CALTEX,58.89,60.39,reported
2025-10-28,Pasay City,DIESEL,INDEPENDENT,53.39,54.89,reported
2025-10-28,Pasay City,DIESEL,PETRON,55.3,57.25,reported
2025-10-28,Pasay City,DIESEL,PTT,55.5,57.24,reported
2025-10-28,Pasay City,DIESEL,SHELL,58.8,62.69,reported
2025-10-28,Pasay City,DIESEL,TOTAL,58.75,66.2,reported
2025-10-28,Pasay City,DIESEL PLUS,CALTEX,61.47,61.47,reported
2025-10-28,Pasay City,DIESEL PLUS,PETRON,60.25,60.25,reported
2025-10-28,Pasay City,DIESEL PLUS,PTT,58.24,58.24,reported
2025-10-28,Pasay City,DIESEL PLUS,SHELL,67.39,72.48,reported
2025-10-28,Pasay City,DIESEL PLUS,TOTAL,64.0,69.2,reported
2025-10-28,Pasay City,KEROSENE,CALTEX,88.2,88.2,reported
2025-10-28,Pasay City,KEROSENE,PETRON,78.21,78.21,reported
2025-10-28,Pasay City,RON 100,PETRON,67.33,68.29,reported
2025-10-28,Pasay City,RON 91,CALTEX,58.9,61.09,reported
2025-10-28,Pasay City,RON 91,FLYING,,,no_report
2025-10-28,Pasay City,RON 91,INDEPENDENT,53.3,54.6,reported
2025-10-28,Pasay City,RON 91,PETRON,55.7,56.8,reported
2025-10-28,Pasay City,RON 91,PTT,55.9,56.8,reported
2025-10-28,Pasay City,RON 91,SEAOIL,,,no_report
2025-10-28,Pasay City,RON 91,SHELL,59.2,62.25,reported
2025-10-28,Pasay City,RON 91,TOTAL,61.1,66.15,reported
2025-10-28,Pasay City,RON 95,CALTEX,67.82,69.58,reported
2025-10-28,Pasay City,RON 95,INDEPENDENT,54.75,56.1,reported
2025-10-28,Pasay City,RON 95,PETRON,57.2,58.3,reported
2025-10-28,Pasay City,RON 95,PTT,57.4,58.3,reported
2025-10-28,Pasay City,RON 95,SHELL,67.7,70.12,reported
2025-10-28,Pasay City,RON 95,TOTAL,64.3,67.65,reported
2025-10-28,Pasay City,RON 97,SHELL,72.99,75.3,reported
2025-10-28,Pasig City,DIESEL,CALTEX,59.47,62.89,reported
2025-10-28,Pasig City,DIESEL,FLYING,53.85,54.05,reported
2025-10-28,Pasig City,DIESEL,INDEPENDENT,52.05,55.5,reported
2025-10-28,Pasig City,DIESEL,PETRON,54.3,58.1,reported
2025-10-28,Pasig City,DIESEL,PHOENIX,54.05,58.8,reported
2025-10-28,Pasig City,DIESEL,SEAOIL,53.7,56.75,reported
2025-10-28,Pasig City,DIESEL,SHELL,57.99,58.99,reported
2025-10-28,Pasig City,DIESEL,TOTAL,57.91,57.91,reported
2025-10-28,Pasig City,DIESEL,UNIOIL,55.3,57.5,reported
2025-10-28,Pasig City,DIESEL PLUS,CALTEX,63.77,63.77,reported
2025-10-28,Pasig City,DIESEL PLUS,PETRON,55.9,61.1,reported
2025-10-28,Pasig City,DIESEL PLUS,SHELL,68.71,70.54,reported
2025-10-28,Pasig City,KEROSENE,PETRON,77.58,77.58,reported
2025-10-28,Pasig City,RON 100,PETRON,65.81,67.29,reported
2025-10-28,Pasig City,RON 91,CALTEX,61.0,62.14,reported
2025-10-28,Pasig City,RON 91,FLYING,52.65,53.05,reported
2025-10-28,Pasig City,RON 91,INDEPENDENT,50.95,53.45,reported
2025-10-28,Pasig City,RON 91,PETRON,54.35,56.29,reported
2025-10-28,Pasig City,RON 91,PHOENIX,52.65,58.9,reported
2025-10-28,Pasig City,RON 91,SEAOIL,54.4,55.35,reported
2025-10-28,Pasig City,RON 91,SHELL,58.19,60.79,reported
2025-10-28,Pasig City,RON 91,TOTAL,57.2,57.2,reported
2025-10-28,Pasig City,RON 91,UNIOIL,55.35,56.69,reported
2025-10-28,Pasig City,RON 95,CALTEX,64.27,68.25,reported
2025-10-28,Pasig City,RON 95,FLYING,53.65,54.05,reported
2025-10-28,Pasig City,RON 95,INDEPENDENT,51.95,54.95,reported
2025-10-28,Pasig City,RON 95,PETRON,55.85,57.3,reported
2025-10-28,Pasig City,RON 95,PHOENIX,53.65,60.9,reported
2025-10-28,Pasig City,RON 95,SHELL,66.5,69.2,reported
2025-10-28,Pasig City,RON 95,UNIOIL,57.85,59.2,reported
2025-10-28,Pasig City,RON 97,SEAOIL,55.4,58.85,reported
2025-10-28,Pasig City,RON 97,SHELL,70.08,72.47,reported
2025-10-28,Pasig City,RON 97,UNIOIL,61.85,64.2,reported
2025-10-28,Quezon City,DIESEL,CALTEX,57.45,62.0,reported
2025-10-28,Quezon City,DIESEL,FLYING,51.05,53.7,reported
2025-10-28,Quezon City,DIESEL,INDEPENDENT,48.9,50.4,reported
2025-10-28,Quezon City,DIESEL,PETRON,54.0,56.26,reported
2025-10-28,Quezon City,DIESEL,PHOENIX,53.8,58.5,reported
2025-10-28,Quezon City,DIESEL,SEAOIL,53.7,55.4,reported
2025-10-28,Quezon City,DIESEL,SHELL,58.24,58.84,reported
2025-10-28,Quezon City,DIESEL,UNIOIL,56.2,57.8,reported
2025-10-28,Quezon City,DIESEL PLUS,CALTEX,59.1,59.1,reported
2025-10-28,Quezon City,DIESEL PLUS,PETRON,57.0,59.26,reported
2025-10-28,Quezon City,DIESEL PLUS,SHELL,66.9,68.85,reported
2025-10-28,Quezon City,KEROSENE,PETRON,77.69,79.11,reported
2025-10-28,Quezon City,RON 100,PETRON,64.64,66.4,reported
2025-10-28,Quezon City,RON 91,CALTEX,57.6,62.6,reported
2025-10-28,Quezon City,RON 91,FLYING,51.0,53.7,reported
2025-10-28,Quezon City,RON 91,INDEPENDENT,49.95,50.65,reported
2025-10-28,Quezon City,RON 91,PETRON,53.65,55.4,reported
2025-10-28,Quezon City,RON 91,PHOENIX,53.8,59.35,reported
2025-10-28,Quezon City,RON 91,SEAOIL,53.9,54.65,reported
2025-10-28,Quezon City,RON 91,SHELL,57.29,59.29,reported
2025-10-28,Quezon City,RON 91,UNIOIL,56.2,56.25,reported
2025-10-28,Quezon City,RON 95,CALTEX,61.65,69.8,reported
2025-10-28,Quezon City,RON 95,FLYING,51.65,54.69,reported
2025-10-28,Quezon City,RON 95,INDEPENDENT,51.1,51.6,reported
2025-10-28,Quezon City,RON 95,PETRON,54.65,56.4,reported
2025-10-28,Quezon City,RON 95,PHOENIX,55.1,62.75,reported
2025-10-28,Quezon City,RON 95,SHELL,65.3,66.54,reported
2025-10-28,Quezon City,RON 95,UNIOIL,58.7,59.0,reported
2025-10-28,Quezon City,RON 97,SEAOIL,55.1,55.65,reported
2025-10-28,Quezon City,RON 97,SHELL,69.6,69.96,reported
2025-10-28,Quezon City,RON 97,UNIOIL,61.7,61.7,reported
2025-10-28,Taguig Cty,DIESEL,CALTEX,57.2,61.79,reported
2025-10-28,Taguig Cty,DIESEL,FLYING,55.2,57.2,reported
2025-10-28,Taguig Cty,DIESEL,INDEPENDENT,55.25,58.59,reported
2025-10-28,Taguig Cty,DIESEL,PETRON,55.7,57.7,reported
2025-10-28,Taguig Cty,DIESEL,SEAOIL,54.25,54.25,reported
2025-10-28,Taguig Cty,DIESEL,SHELL,58.9,61.09,reported
2025-10-28,Taguig Cty,DIESEL PLUS,CALTEX,68.69,68.69,reported
2025-10-28,Taguig Cty,DIESEL PLUS,PETRON,56.8,60.7,reported
2025-10-28,Taguig Cty,DIESEL PLUS,SHELL,67.57,70.42,reported
2025-10-28,Taguig Cty,KEROSENE,CALTEX,83.9,91.07,reported
2025-10-28,Taguig Cty,RON 100,PETRON,67.07,67.22,reported
2025-10-28,Taguig Cty,RON 91,CALTEX,57.8,62.55,reported
2025-10-28,Taguig Cty,RON 91,FLYING,55.55,57.8,reported
2025-10-28,Taguig Cty,RON 91,INDEPENDENT,55.55,59.59,reported
2025-10-28,Taguig Cty,RON 91,PETRON,55.75,58.3,reported
2025-10-28,Taguig Cty,RON 91,PHOENIX,,,no_report
2025-10-28,Taguig Cty,RON 91,SEAOIL,54.5,54.5,reported
2025-10-28,Taguig Cty,RON 91,SHELL,59.19,61.29,reported
2025-10-28,Taguig Cty,RON 91,TOTAL,,,no_report
2025-10-28,Taguig Cty,RON 91,UNIOIL,,,no_report
2025-10-28,Taguig Cty,RON 95,CALTEX,58.45,68.12,reported
2025-10-28,Taguig Cty,RON 95,FLYING,56.85,58.45,reported
2025-10-28,Taguig Cty,RON 95,INDEPENDENT,56.85,59.99,reported
2025-10-28,Taguig Cty,RON 95,PETRON,57.25,59.44,reported
2025-10-28,Taguig Cty,RON 95,SHELL,65.62,69.12,reported
2025-10-28,Taguig Cty,RON 97,SEAOIL,56.1,56.1,reported
2025-10-28,Taguig Cty,RON 97,SHELL,71.45,72.74,reported
2025-11-18,Caloocan City,DIESEL,CALTEX,61.5,61.5,reported
2025-11-18,Caloocan City,DIESEL,FLYING,54.97,55.9,reported
2025-11-18,Caloocan City,DIESEL,INDEPENDENT,49.0,57.65,reported
2025-11-18,Caloocan City,DIESEL,PETRON,54.5,58.05,reported
2025-11-18,Caloocan City,DIESEL,SEAOIL,54.15,64.05,reported
2025-11-18,Caloocan City,DIESEL,SHELL,61.1,62.6,reported
2025-11-18,Caloocan City,DIESEL,UNIOIL,58.99,58.99,reported
2025-11-18,Caloocan City,DIESEL PLUS,PETRON,67.5,67.5,reported
2025-11-18,Caloocan City,DIESEL PLUS,SHELL,71.68,73.28,reported
2025-11-18,Caloocan City,KEROSENE,PETRON,78.59,80.17,reported
2025-11-18,Caloocan City,RON 91,CALTEX,59.63,59.63,reported
2025-11-18,Caloocan City,RON 91,FLYING,52.92,54.55,reported
2025-11-18,Caloocan City,RON 91,INDEPENDENT,49.0,56.7,reported
2025-11-18,Caloocan City,RON 91,PETRON,55.9,61.55,reported
2025-11-18,Caloocan City,RON 91,SEAOIL,52.35,61.65,reported
2025-11-18,Caloocan City,RON 91,SHELL,59.35,61.04,reported
2025-11-18,Caloocan City,RON 91,UNIOIL,58.5,58.5,reported
2025-11-18,Caloocan City,RON 95,CALTEX,59.85,59.85,reported
2025-11-18,Caloocan City,RON 95,FLYING,53.57,55.5,reported
2025-11-18,Caloocan City,RON 95,INDEPENDENT,50.0,58.2,reported
2025-11-18,Caloocan City,RON 95,PETRON,57.0,63.15,reported
2025-11-18,Caloocan City,RON 95,SHELL,67.93,69.23,reported
2025-11-18,Caloocan City,RON 95,UNIOIL,60.99,60.99,reported
2025-11-18,Caloocan City,RON 97,SEAOIL,53.35,62.65,reported
2025-11-18,Caloocan City,RON 97,SHELL,72.23,73.59,reported
2025-11-18,Makati City,DIESEL,CALTEX,59.32,65.4,reported
2025-11-18,Makati City,DIESEL,INDEPENDENT,53.5,53.5,reported
2025-11-18,Makati City,DIESEL,PETRON,58.0,60.0,reported
2025-11-18,Makati City,DIESEL,PHOENIX,60.0,60.0,reported
2025-11-18,Makati City,DIESEL,SHELL,60.5,62.6,reported
2025-11-18,Makati City,DIESEL,UNIOIL,59.5,60.7,reported
2025-11-18,Makati City,DIESEL PLUS,CALTEX,64.23,66.2,reported
2025-11-18,Makati City,DIESEL PLUS,PETRON,61.0,63.0,reported
2025-11-18,Makati City,DIESEL PLUS,SHELL,70.09,72.19,reported
2025-11-18,Makati City,RON 100,PETRON,68.03,68.89,reported
2025-11-18,Makati City,RON 91,CALTEX,57.94,65.93,reported
2025-11-18,Makati City,RON 91,FLYING,,,no_report
2025-11-18,Makati City,RON 91,INDEPENDENT,55.5,55.5,reported
2025-11-18,Makati City,RON 91,PETRON,56.7,58.2,reported
2025-11-18,Makati City,RON 91,PHOENIX,58.2,58.2,reported
2025-11-18,Makati City,RON 91,SHELL,61.59,62.4,reported
2025-11-18,Makati City,RON 91,TOTAL,,,no_report
2025-11-18,Makati City,RON 91,UNIOIL,59.2,60.0,reported
2025-11-18,Makati City,RON 95,CALTEX,59.45,73.83,reported
2025-11-18,Makati City,RON 95,INDEPENDENT,57.0,57.0,reported
2025-11-18,Makati City,RON 95,PETRON,58.0,59.7,reported
2025-11-18,Makati City,RON 95,PHOENIX,59.7,59.7,reported
2025-11-18,Makati City,RON 95,SHELL,69.78,70.59,reported
2025-11-18,Makati City,RON 95,UNIOIL,61.7,62.5,reported
2025-11-18,Makati City,RON 97,PHOENIX,72.0,72.0,reported
2025-11-18,Makati City,RON 97,SHELL,71.75,76.59,reported
2025-11-18,Makati City,RON 97,UNIOIL,67.0,67.0,reported
2025-11-18,Manila City,DIESEL,CALTEX,62.3,62.65,reported
2025-11-18,Manila City,DIESEL,FLYING,55.13,57.65,reported
2025-11-18,Manila City,DIESEL,INDEPENDENT,53.92,58.2,reported
2025-11-18,Manila City,DIESEL,PETRON,58.19,62.4,reported
2025-11-18,Manila City,DIESEL,SEAOIL,56.65,59.3,reported
2025-11-18,Manila City,DIESEL,SHELL,61.6,63.65,reported
2025-11-18,Manila City,DIESEL,TOTAL,56.5,63.65,reported
2025-11-18,Manila City,DIESEL PLUS,INDEPENDENT,60.2,60.2,reported
2025-11-18,Manila City,DIESEL PLUS,PETRON,61.19,65.4,reported
2025-11-18,Manila City,DIESEL PLUS,SHELL,71.19,74.74,reported
2025-11-18,Manila City,DIESEL PLUS,TOTAL,58.5,58.5,reported
2025-11-18,Manila City,KEROSENE,INDEPENDENT,76.5,76.5,reported
2025-11-18,Manila City,KEROSENE,PETRON,79.36,79.6,reported
2025-11-18,Manila City,RON 100,PETRON,68.91,71.81,reported
2025-11-18,Manila City,RON 91,CALTEX,61.6,61.94,reported
2025-11-18,Manila City,RON 91,FLYING,55.05,57.65,reported
2025-11-18,Manila City,RON 91,INDEPENDENT,54.95,58.0,reported
2025-11-18,Manila City,RON 91,PETRON,57.09,60.1,reported
2025-11-18,Manila City,RON 91,SEAOIL,55.55,57.7,reported
2025-11-18,Manila City,RON 91,SHELL,61.34,63.39,reported
2025-11-18,Manila City,RON 91,TOTAL,56.7,63.99,reported
2025-11-18,Manila City,RON 95,CALTEX,63.99,67.0,reported
2025-11-18,Manila City,RON 95,FLYING,56.55,59.0,reported
2025-11-18,Manila City,RON 95,INDEPENDENT,56.29,59.2,reported
2025-11-18,Manila City,RON 95,PETRON,58.09,61.6,reported
2025-11-18,Manila City,RON 95,SHELL,69.53,71.58,reported
2025-11-18,Manila City,RON 95,TOTAL,58.95,71.89,reported
2025-11-18,Manila City,RON 97,SEAOIL,57.05,58.7,reported
2025-11-18,Manila City,RON 97,SHELL,71.24,80.68,reported
2025-11-18,Muntinlupa City,DIESEL,CALTEX,63.7,64.28,reported
2025-11-18,Muntinlupa City,DIESEL,FLYING,56.5,56.5,reported
2025-11-18,Muntinlupa City,DIESEL,PETRON,58.5,62.15,reported
2025-11-18,Muntinlupa City,DIESEL,PHOENIX,59.2,61.65,reported
2025-11-18,Muntinlupa City,DIESEL,SEAOIL,60.7,61.0,reported
2025-11-18,Muntinlupa City,DIESEL,SHELL,62.0,65.65,reported
2025-11-18,Muntinlupa City,DIESEL,TOTAL,66.2,66.2,reported
2025-11-18,Muntinlupa City,DIESEL,UNIOIL,60.6,62.3,reported
2025-11-18,Muntinlupa City,DIESEL PLUS,PETRON,61.5,65.15,reported
2025-11-18,Muntinlupa City,DIESEL PLUS,SHELL,70.9,75.11,reported
2025-11-18,Muntinlupa City,DIESEL PLUS,TOTAL,69.2,69.2,reported
2025-11-18,Muntinlupa City,KEROSENE,CALTEX,79.94,79.94,reported
2025-11-18,Muntinlupa City,RON 100,PETRON,67.08,67.08,reported
2025-11-18,Muntinlupa City,RON 91,CALTEX,62.1,62.62,reported
2025-11-18,Muntinlupa City,RON 91,FLYING,54.7,54.7,reported
2025-11-18,Muntinlupa City,RON 91,PETRON,56.2,58.8,reported
2025-11-18,Muntinlupa City,RON 91,PHOENIX,57.5,58.3,reported
2025-11-18,Muntinlupa City,RON 91,PTT,,,no_report
2025-11-18,Muntinlupa City,RON 91,SEAOIL,59.6,65.1,reported
2025-11-18,Muntinlupa City,RON 91,SHELL,61.59,63.89,reported
2025-11-18,Muntinlupa City,RON 91,TOTAL,63.21,63.21,reported
2025-11-18,Muntinlupa City,RON 91,UNIOIL,60.65,60.65,reported
2025-11-18,Muntinlupa City,RON 95,CALTEX,67.45,67.46,reported
2025-11-18,Muntinlupa City,RON 95,FLYING,56.15,56.15,reported
2025-11-18,Muntinlupa City,RON 95,PETRON,57.55,60.3,reported
2025-11-18,Muntinlupa City,RON 95,PHOENIX,59.0,59.8,reported
2025-11-18,Muntinlupa City,RON 95,SHELL,70.29,71.98,reported
2025-11-18,Muntinlupa City,RON 95,TOTAL,65.21,65.21,reported
2025-11-18,Muntinlupa City,RON 95,UNIOIL,62.15,64.85,reported
2025-11-18,Muntinlupa City,RON 97,SEAOIL,61.45,65.92,reported
2025-11-18,Muntinlupa City,RON 97,SHELL,73.29,74.98,reported
2025-11-18,Parañaque City,DIESEL,CALTEX,61.9,63.65,reported
2025-11-18,Parañaque City,DIESEL,FLYING,57.95,57.95,reported
2025-11-18,Parañaque City,DIESEL,INDEPENDENT,59.4,61.45,reported
2025-11-18,Parañaque City,DIESEL,PETRON,58.0,63.15,reported
2025-11-18,Parañaque City,DIESEL,SEAOIL,58.9,59.45,reported
2025-11-18,Parañaque City,DIESEL,SHELL,61.09,66.65,reported
2025-11-18,Parañaque City,DIESEL,TOTAL,64.7,64.7,reported
2025-11-18,Parañaque City,DIESEL,UNIOIL,60.05,60.95,reported
2025-11-18,Parañaque City,DIESEL PLUS,CALTEX,63.91,65.65,reported
2025-11-18,Parañaque City,DIESEL PLUS,PETRON,61.0,66.16,reported
2025-11-18,Parañaque City,DIESEL PLUS,SHELL,70.68,77.03,reported
2025-11-18,Parañaque City,DIESEL PLUS,TOTAL,75.0,75.0,reported
2025-11-18,Parañaque City,KEROSENE,INDEPENDENT,75.3,75.3,reported
2025-11-18,Parañaque City,RON 100,PETRON,68.04,70.26,reported
2025-11-18,Parañaque City,RON 91,CALTEX,61.57,62.3,reported
2025-11-18,Parañaque City,RON 91,FLYING,56.6,56.6,reported
2025-11-18,Parañaque City,RON 91,INDEPENDENT,58.5,59.7,reported
2025-11-18,Parañaque City,RON 91,PETRON,56.7,58.6,reported
2025-11-18,Parañaque City,RON 91,PTT,,,no_report
2025-11-18,Parañaque City,RON 91,SEAOIL,56.3,58.6,reported
2025-11-18,Parañaque City,RON 91,SHELL,60.5,65.95,reported
2025-11-18,Parañaque City,RON 91,TOTAL,61.9,61.9,reported
2025-11-18,Parañaque City,RON 91,UNIOIL,59.15,59.5,reported
2025-11-18,Parañaque City,RON 95,CALTEX,63.86,64.8,reported
2025-11-18,Parañaque City,RON 95,FLYING,57.89,57.9,reported
2025-11-18,Parañaque City,RON 95,INDEPENDENT,59.0,61.0,reported
2025-11-18,Parañaque City,RON 95,PETRON,58.0,59.9,reported
2025-11-18,Parañaque City,RON 95,SHELL,69.0,71.45,reported
2025-11-18,Parañaque City,RON 95,TOTAL,62.9,62.9,reported
2025-11-18,Parañaque City,RON 95,UNIOIL,60.65,61.9,reported
2025-11-18,Parañaque City,RON 97,SEAOIL,57.35,59.6,reported
2025-11-18,Parañaque City,RON 97,SHELL,70.4,72.95,reported
2025-11-18,Parañaque City,RON 97,UNIOIL,69.2,69.2,reported
2025-11-18,Pasay City,DIESEL,CALTEX,63.97,64.51,reported
2025-11-18,Pasay City,DIESEL,INDEPENDENT,54.79,56.59,reported
2025-11-18,Pasay City,DIESEL,PETRON,58.1,62.69,reported
2025-11-18,Pasay City,DIESEL,PTT,58.3,60.05,reported
2025-11-18,Pasay City,DIESEL,SHELL,61.09,65.49,reported
2025-11-18,Pasay City,DIESEL,TOTAL,63.75,71.1,reported
2025-11-18,Pasay City,DIESEL PLUS,CALTEX,66.46,66.46,reported
2025-11-18,Pasay City,DIESEL PLUS,PETRON,63.05,65.69,reported
2025-11-18,Pasay City,DIESEL PLUS,PTT,61.05,61.05,reported
2025-11-18,Pasay City,DIESEL PLUS,SHELL,70.68,73.89,reported
2025-11-18,Pasay City,DIESEL PLUS,TOTAL,64.75,74.1,reported
2025-11-18,Pasay City,KEROSENE,CALTEX,91.2,91.2,reported
2025-11-18,Pasay City,KEROSENE,PETRON,80.31,80.31,reported
2025-11-18,Pasay City,RON 100,PETRON,71.01,71.01,reported
2025-11-18,Pasay City,RON 91,CALTEX,62.03,63.21,reported
2025-11-18,Pasay City,RON 91,FLYING,,,no_report
2025-11-18,Pasay City,RON 91,INDEPENDENT,55.5,55.9,reported
2025-11-18,Pasay City,RON 91,PETRON,56.6,61.1,reported
2025-11-18,Pasay City,RON 91,PTT,56.8,59.14,reported
2025-11-18,Pasay City,RON 91,SEAOIL,,,no_report
2025-11-18,Pasay City,RON 91,SHELL,60.5,65.65,reported
2025-11-18,Pasay City,RON 91,TOTAL,62.15,69.55,reported
2025-11-18,Pasay City,RON 95,CALTEX,70.28,72.98,reported
2025-11-18,Pasay City,RON 95,INDEPENDENT,57.0,57.2,reported
2025-11-18,Pasay City,RON 95,PETRON,57.8,62.6,reported
2025-11-18,Pasay City,RON 95,PTT,58.0,60.64,reported
2025-11-18,Pasay City,RON 95,SHELL,69.0,73.52,reported
2025-11-18,Pasay City,RON 95,TOTAL,65.9,71.05,reported
2025-11-18,Pasay City,RON 97,SHELL,70.8,76.52,reported
2025-11-18,Pasig City,DIESEL,CALTEX,62.9,67.19,reported
2025-11-18,Pasig City,DIESEL,FLYING,54.98,56.75,reported
2025-11-18,Pasig City,DIESEL,INDEPENDENT,55.65,59.5,reported
2025-11-18,Pasig City,DIESEL,PETRON,57.35,61.49,reported
2025-11-18,Pasig City,DIESEL,PHOENIX,55.95,62.81,reported
2025-11-18,Pasig City,DIESEL,SEAOIL,58.6,59.2,reported
2025-11-18,Pasig City,DIESEL,SHELL,61.45,62.7,reported
2025-11-18,Pasig City,DIESEL,TOTAL,62.81,62.81,reported
2025-11-18,Pasig City,DIESEL,UNIOIL,60.2,62.4,reported
2025-11-18,Pasig City,DIESEL PLUS,CALTEX,64.9,64.9,reported
2025-11-18,Pasig City,DIESEL PLUS,PETRON,60.35,64.49,reported
2025-11-18,Pasig City,DIESEL PLUS,SHELL,71.09,72.63,reported
2025-11-18,Pasig City,KEROSENE,PETRON,80.58,80.58,reported
2025-11-18,Pasig City,RON 100,PETRON,67.05,70.69,reported
2025-11-18,Pasig City,RON 91,CALTEX,61.3,63.69,reported
2025-11-18,Pasig City,RON 91,FLYING,53.85,54.45,reported
2025-11-18,Pasig City,RON 91,INDEPENDENT,53.85,54.95,reported
2025-11-18,Pasig City,RON 91,PETRON,55.4,59.69,reported
2025-11-18,Pasig City,RON 91,PHOENIX,53.95,61.5,reported
2025-11-18,Pasig City,RON 91,SEAOIL,56.3,57.7,reported
2025-11-18,Pasig City,RON 91,SHELL,60.19,62.7,reported
2025-11-18,Pasig City,RON 91,TOTAL,60.6,60.6,reported
2025-11-18,Pasig City,RON 91,UNIOIL,58.75,60.0,reported
2025-11-18,Pasig City,RON 95,CALTEX,65.11,70.55,reported
2025-11-18,Pasig City,RON 95,FLYING,54.85,55.45,reported
2025-11-18,Pasig City,RON 95,INDEPENDENT,54.85,56.85,reported
2025-11-18,Pasig City,RON 95,PETRON,57.05,60.7,reported
2025-11-18,Pasig City,RON 95,PHOENIX,54.95,63.5,reported
2025-11-18,Pasig City,RON 95,SHELL,69.6,70.89,reported
2025-11-18,Pasig City,RON 95,UNIOIL,61.25,63.08,reported
2025-11-18,Pasig City,RON 97,SEAOIL,57.3,59.7,reported
2025-11-18,Pasig City,RON 97,SHELL,72.78,73.89,reported
2025-11-18,Pasig City,RON 97,UNIOIL,65.25,67.6,reported
2025-11-18,Quezon City,DIESEL,CALTEX,60.45,63.2,reported
2025-11-18,Quezon City,DIESEL,FLYING,54.4,56.1,reported
2025-11-18,Quezon City,DIESEL,INDEPENDENT,52.17,53.2,reported
2025-11-18,Quezon City,DIESEL,PETRON,57.59,59.2,reported
2025-11-18,Quezon City,DIESEL,PHOENIX,57.7,63.4,reported
2025-11-18,Quezon City,DIESEL,SEAOIL,54.6,57.9,reported
2025-11-18,Quezon City,DIESEL,SHELL,61.85,63.59,reported
2025-11-18,Quezon City,DIESEL,UNIOIL,59.1,60.5,reported
2025-11-18,Quezon City,DIESEL PLUS,CALTEX,63.25,63.25,reported
2025-11-18,Quezon City,DIESEL PLUS,PETRON,60.59,62.2,reported
2025-11-18,Quezon City,DIESEL PLUS,SHELL,71.24,73.13,reported
2025-11-18,Quezon City,KEROSENE,PETRON,79.79,81.21,reported
2025-11-18,Quezon City,RON 100,PETRON,67.16,68.7,reported
2025-11-18,Quezon City,RON 91,CALTEX,59.15,63.8,reported
2025-11-18,Quezon City,RON 91,FLYING,52.65,55.0,reported
2025-11-18,Quezon City,RON 91,INDEPENDENT,52.35,53.15,reported
2025-11-18,Quezon City,RON 91,PETRON,55.35,57.44,reported
2025-11-18,Quezon City,RON 91,PHOENIX,56.0,62.75,reported
2025-11-18,Quezon City,RON 91,SEAOIL,54.95,55.85,reported
2025-11-18,Quezon City,RON 91,SHELL,59.65,61.67,reported
2025-11-18,Quezon City,RON 91,UNIOIL,56.85,57.2,reported
2025-11-18,Quezon City,RON 95,CALTEX,62.6,71.3,reported
2025-11-18,Quezon City,RON 95,FLYING,53.3,56.0,reported
2025-11-18,Quezon City,RON 95,INDEPENDENT,52.5,53.8,reported
2025-11-18,Quezon City,RON 95,PETRON,56.8,58.7,reported
2025-11-18,Quezon City,RON 95,PHOENIX,57.3,66.15,reported
2025-11-18,Quezon City,RON 95,SHELL,67.95,69.86,reported
2025-11-18,Quezon City,RON 95,UNIOIL,59.8,60.0,reported
2025-11-18,Quezon City,RON 97,SEAOIL,56.0,57.0,reported
2025-11-18,Quezon City,RON 97,SHELL,71.44,72.86,reported
2025-11-18,Quezon City,RON 97,UNIOIL,65.1,65.1,reported
2025-11-18,Taguig Cty,DIESEL,CALTEX,57.95,64.2,reported
2025-11-18,Taguig Cty,DIESEL,FLYING,57.95,58.37,reported
2025-11-18,Taguig Cty,DIESEL,INDEPENDENT,58.37,62.89,reported
2025-11-18,Taguig Cty,DIESEL,PETRON,59.96,60.7,reported
2025-11-18,Taguig Cty,DIESEL,SEAOIL,57.95,57.95,reported
2025-11-18,Taguig Cty,DIESEL,SHELL,62.19,63.8,reported
2025-11-18,Taguig Cty,DIESEL PLUS,CALTEX,73.17,73.17,reported
2025-11-18,Taguig Cty,DIESEL PLUS,PETRON,61.7,63.61,reported
2025-11-18,Taguig Cty,DIESEL PLUS,SHELL,72.3,73.17,reported
2025-11-18,Taguig Cty,KEROSENE,CALTEX,86.0,94.79,reported
2025-11-18,Taguig Cty,RON 100,PETRON,70.47,70.62,reported
2025-11-18,Taguig Cty,RON 91,CALTEX,57.0,65.95,reported
2025-11-18,Taguig Cty,RON 91,FLYING,57.0,57.7,reported
2025-11-18,Taguig Cty,RON 91,INDEPENDENT,57.2,62.49,reported
2025-11-18,Taguig Cty,RON 91,PETRON,58.05,59.46,reported
2025-11-18,Taguig Cty,RON 91,PHOENIX,,,no_report
2025-11-18,Taguig Cty,RON 91,SEAOIL,56.35,56.35,reported
2025-11-18,Taguig Cty,RON 91,SHELL,62.19,63.45,reported
2025-11-18,Taguig Cty,RON 91,TOTAL,,,no_report
2025-11-18,Taguig Cty,RON 91,UNIOIL,,,no_report
2025-11-18,Taguig Cty,RON 95,CALTEX,57.55,71.23,reported
2025-11-18,Taguig Cty,RON 95,FLYING,57.55,59.2,reported
2025-11-18,Taguig Cty,RON 95,INDEPENDENT,59.2,62.99,reported
2025-11-18,Taguig Cty,RON 95,PETRON,59.5,60.75,reported
2025-11-18,Taguig Cty,RON 95,SHELL,69.02,70.6,reported
2025-11-18,Taguig Cty,RON 97,SEAOIL,57.6,57.6,reported
2025-11-18,Taguig Cty,RON 97,SHELL,72.85,73.6,reported
2025-11-25,Caloocan City,DIESEL,CALTEX,61.25,61.25,reported
2025-11-25,Caloocan City,DIESEL,FLYING,55.04,56.5,reported
2025-11-25,Caloocan City,DIESEL,INDEPENDENT,49.0,57.65,reported
2025-11-25,Caloocan City,DIESEL,PETRON,58.04,65.1,reported
2025-11-25,Caloocan City,DIESEL,SEAOIL,54.6,55.1,reported
2025-11-25,Caloocan City,DIESEL,SHELL,61.7,63.2,reported
2025-11-25,Caloocan City,DIESEL,UNIOIL,58.99,58.99,reported
2025-11-25,Caloocan City,DIESEL PLUS,PETRON,68.1,68.1,reported
2025-11-25,Caloocan City,DIESEL PLUS,SHELL,70.2,71.98,reported
2025-11-25,Caloocan City,KEROSENE,PETRON,78.59,80.17,reported
2025-11-25,Caloocan City,RON 91,CALTEX,59.5,59.5,reported
2025-11-25,Caloocan City,RON 91,FLYING,52.15,53.2,reported
2025-11-25,Caloocan City,RON 91,INDEPENDENT,49.0,56.7,reported
2025-11-25,Caloocan City,RON 91,PETRON,55.7,61.45,reported
2025-11-25,Caloocan City,RON 91,SEAOIL,51.8,54.7,reported
2025-11-25,Caloocan City,RON 91,SHELL,58.53,60.84,reported
2025-11-25,Caloocan City,RON 91,UNIOIL,58.3,58.3,reported
2025-11-25,Caloocan City,RON 95,CALTEX,66.48,66.48,reported
2025-11-25,Caloocan City,RON 95,FLYING,52.8,54.3,reported
2025-11-25,Caloocan City,RON 95,INDEPENDENT,50.0,58.2,reported
2025-11-25,Caloocan City,RON 95,PETRON,56.8,62.95,reported
2025-11-25,Caloocan City,RON 95,SHELL,66.6,69.03,reported
2025-11-25,Caloocan City,RON 95,UNIOIL,60.79,60.79,reported
2025-11-25,Caloocan City,RON 97,SEAOIL,52.8,56.1,reported
2025-11-25,Caloocan City,RON 97,SHELL,72.03,73.39,reported
2025-11-25,Makati City,DIESEL,CALTEX,59.92,66.0,reported
2025-11-25,Makati City,DIESEL,INDEPENDENT,53.5,53.5,reported
2025-11-25,Makati City,DIESEL,PETRON,57.4,58.6,reported
2025-11-25,Makati City,DIESEL,PHOENIX,60.6,60.6,reported
2025-11-25,Makati City,DIESEL,SHELL,61.1,61.5,reported
2025-11-25,Makati City,DIESEL,UNIOIL,59.6,61.1,reported
2025-11-25,Makati City,DIESEL PLUS,CALTEX,64.83,68.5,reported
2025-11-25,Makati City,DIESEL PLUS,PETRON,60.4,61.6,reported
2025-11-25,Makati City,DIESEL PLUS,SHELL,70.49,70.69,reported
2025-11-25,Makati City,RON 100,PETRON,66.82,67.83,reported
2025-11-25,Makati City,RON 91,CALTEX,57.74,65.73,reported
2025-11-25,Makati City,RON 91,FLYING,,,no_report
2025-11-25,Makati City,RON 91,INDEPENDENT,55.5,55.5,reported
2025-11-25,Makati City,RON 91,PETRON,56.1,56.5,reported
2025-11-25,Makati City,RON 91,PHOENIX,58.0,58.0,reported
2025-11-25,Makati City,RON 91,SHELL,61.39,61.65,reported
2025-11-25,Makati City,RON 91,TOTAL,,,no_report
2025-11-25,Makati City,RON 91,UNIOIL,57.51,59.0,reported
2025-11-25,Makati City,RON 95,CALTEX,59.25,73.63,reported
2025-11-25,Makati City,RON 95,INDEPENDENT,57.0,57.0,reported
2025-11-25,Makati City,RON 95,PETRON,57.6,57.8,reported
2025-11-25,Makati City,RON 95,PHOENIX,59.5,59.5,reported
2025-11-25,Makati City,RON 95,SHELL,69.58,70.05,reported
2025-11-25,Makati City,RON 95,UNIOIL,59.8,61.5,reported
2025-11-25,Makati City,RON 97,PHOENIX,71.8,71.8,reported
2025-11-25,Makati City,RON 97,SHELL,71.29,71.55,reported
2025-11-25,Makati City,RON 97,UNIOIL,66.8,66.8,reported
2025-11-25,Manila City,DIESEL,CALTEX,62.9,63.25,reported
2025-11-25,Manila City,DIESEL,FLYING,55.72,58.25,reported
2025-11-25,Manila City,DIESEL,INDEPENDENT,54.36,56.4,reported
2025-11-25,Manila City,DIESEL,PETRON,58.79,63.0,reported
2025-11-25,Manila City,DIESEL,SEAOIL,56.4,59.9,reported
2025-11-25,Manila City,DIESEL,SHELL,62.2,63.95,reported
2025-11-25,Manila City,DIESEL,TOTAL,57.65,64.25,reported
2025-11-25,Manila City,DIESEL PLUS,INDEPENDENT,57.4,57.4,reported
2025-11-25,Manila City,DIESEL PLUS,PETRON,61.79,66.0,reported
2025-11-25,Manila City,DIESEL PLUS,SHELL,71.19,73.2,reported
2025-11-25,Manila City,DIESEL PLUS,TOTAL,59.65,59.65,reported
2025-11-25,Manila City,KEROSENE,INDEPENDENT,77.0,77.0,reported
2025-11-25,Manila City,KEROSENE,PETRON,82.61,82.85,reported
2025-11-25,Manila City,RON 100,PETRON,68.71,71.61,reported
2025-11-25,Manila City,RON 91,CALTEX,61.4,61.74,reported
2025-11-25,Manila City,RON 91,FLYING,53.65,57.45,reported
2025-11-25,Manila City,RON 91,INDEPENDENT,54.7,55.6,reported
2025-11-25,Manila City,RON 91,PETRON,56.89,59.9,reported
2025-11-25,Manila City,RON 91,SEAOIL,54.85,57.5,reported
2025-11-25,Manila City,RON 91,SHELL,61.14,62.28,reported
2025-11-25,Manila City,RON 91,TOTAL,57.65,63.19,reported
2025-11-25,Manila City,RON 95,CALTEX,63.79,66.8,reported
2025-11-25,Manila City,RON 95,FLYING,55.35,58.8,reported
2025-11-25,Manila City,RON 95,INDEPENDENT,56.1,58.5,reported
2025-11-25,Manila City,RON 95,PETRON,57.89,61.4,reported
2025-11-25,Manila City,RON 95,SHELL,69.33,70.68,reported
2025-11-25,Manila City,RON 95,TOTAL,59.85,71.69,reported
2025-11-25,Manila City,RON 97,SEAOIL,56.5,58.5,reported
2025-11-25,Manila City,RON 97,SHELL,71.04,80.38,reported
2025-11-25,Muntinlupa City,DIESEL,CALTEX,62.67,64.3,reported
2025-11-25,Muntinlupa City,DIESEL,FLYING,56.7,56.7,reported
2025-11-25,Muntinlupa City,DIESEL,PETRON,59.1,62.75,reported
2025-11-25,Muntinlupa City,DIESEL,PHOENIX,59.3,62.25,reported
2025-11-25,Muntinlupa City,DIESEL,SEAOIL,59.1,61.6,reported
2025-11-25,Muntinlupa City,DIESEL,SHELL,62.3,66.25,reported
2025-11-25,Muntinlupa City,DIESEL,TOTAL,66.8,66.8,reported
2025-11-25,Muntinlupa City,DIESEL,UNIOIL,61.2,62.9,reported
2025-11-25,Muntinlupa City,DIESEL PLUS,PETRON,62.1,65.75,reported
2025-11-25,Muntinlupa City,DIESEL PLUS,SHELL,67.81,74.75,reported
2025-11-25,Muntinlupa City,DIESEL PLUS,TOTAL,69.8,69.8,reported
2025-11-25,Muntinlupa City,KEROSENE,CALTEX,82.44,82.44,reported
2025-11-25,Muntinlupa City,RON 100,PETRON,66.88,68.34,reported
2025-11-25,Muntinlupa City,RON 91,CALTEX,61.9,61.91,reported
2025-11-25,Muntinlupa City,RON 91,FLYING,52.15,52.15,reported
2025-11-25,Muntinlupa City,RON 91,PETRON,56.0,58.6,reported
2025-11-25,Muntinlupa City,RON 91,PHOENIX,57.8,58.1,reported
2025-11-25,Muntinlupa City,RON 91,PTT,,,no_report
2025-11-25,Muntinlupa City,RON 91,SEAOIL,56.0,64.9,reported
2025-11-25,Muntinlupa City,RON 91,SHELL,59.5,62.9,reported
2025-11-25,Muntinlupa City,RON 91,TOTAL,63.01,63.01,reported
2025-11-25,Muntinlupa City,RON 91,UNIOIL,57.8,57.8,reported
2025-11-25,Muntinlupa City,RON 95,CALTEX,63.96,67.25,reported
2025-11-25,Muntinlupa City,RON 95,FLYING,53.4,53.4,reported
2025-11-25,Muntinlupa City,RON 95,PETRON,57.45,60.1,reported
2025-11-25,Muntinlupa City,RON 95,PHOENIX,58.8,59.6,reported
2025-11-25,Muntinlupa City,RON 95,SHELL,66.84,70.0,reported
2025-11-25,Muntinlupa City,RON 95,TOTAL,65.01,65.01,reported
2025-11-25,Muntinlupa City,RON 95,UNIOIL,60.39,64.65,reported
2025-11-25,Muntinlupa City,RON 97,SEAOIL,57.95,65.72,reported
2025-11-25,Muntinlupa City,RON 97,SHELL,70.78,73.89,reported
2025-11-25,Parañaque City,DIESEL,CALTEX,62.5,64.25,reported
2025-11-25,Parañaque City,DIESEL,FLYING,58.55,58.55,reported
2025-11-25,Parañaque City,DIESEL,INDEPENDENT,60.0,61.0,reported
2025-11-25,Parañaque City,DIESEL,PETRON,58.6,63.75,reported
2025-11-25,Parañaque City,DIESEL,SEAOIL,58.8,60.05,reported
2025-11-25,Parañaque City,DIESEL,SHELL,61.39,67.25,reported
2025-11-25,Parañaque City,DIESEL,TOTAL,65.3,65.3,reported
2025-11-25,Parañaque City,DIESEL,UNIOIL,60.65,61.55,reported
2025-11-25,Parañaque City,DIESEL PLUS,CALTEX,64.51,66.25,reported
2025-11-25,Parañaque City,DIESEL PLUS,PETRON,61.6,66.76,reported
2025-11-25,Parañaque City,DIESEL PLUS,SHELL,70.38,77.29,reported
2025-11-25,Parañaque City,DIESEL PLUS,TOTAL,75.6,75.6,reported
2025-11-25,Parañaque City,KEROSENE,INDEPENDENT,76.6,76.6,reported
2025-11-25,Parañaque City,RON 100,PETRON,67.84,70.06,reported
2025-11-25,Parañaque City,RON 91,CALTEX,61.37,62.1,reported
2025-11-25,Parañaque City,RON 91,FLYING,56.4,56.4,reported
2025-11-25,Parañaque City,RON 91,INDEPENDENT,56.85,58.3,reported
2025-11-25,Parañaque City,RON 91,PETRON,56.5,58.4,reported
2025-11-25,Parañaque City,RON 91,PTT,,,no_report
2025-11-25,Parañaque City,RON 91,SEAOIL,56.1,58.4,reported
2025-11-25,Parañaque City,RON 91,SHELL,60.3,62.15,reported
2025-11-25,Parañaque City,RON 91,TOTAL,61.7,61.7,reported
2025-11-25,Parañaque City,RON 91,UNIOIL,58.95,59.4,reported
2025-11-25,Parañaque City,RON 95,CALTEX,63.66,64.6,reported
2025-11-25,Parañaque City,RON 95,FLYING,57.69,57.7,reported
2025-11-25,Parañaque City,RON 95,INDEPENDENT,58.8,58.85,reported
2025-11-25,Parañaque City,RON 95,PETRON,57.8,59.7,reported
2025-11-25,Parañaque City,RON 95,SHELL,68.7,71.03,reported
2025-11-25,Parañaque City,RON 95,TOTAL,62.7,62.7,reported
2025-11-25,Parañaque City,RON 95,UNIOIL,60.45,61.7,reported
2025-11-25,Parañaque City,RON 97,SEAOIL,57.15,59.4,reported
2025-11-25,Parañaque City,RON 97,SHELL,70.2,72.75,reported
2025-11-25,Parañaque City,RON 97,UNIOIL,69.0,69.0,reported
2025-11-25,Pasay City,DIESEL,CALTEX,64.57,65.11,reported
2025-11-25,Pasay City,DIESEL,INDEPENDENT,54.79,57.19,reported
2025-11-25,Pasay City,DIESEL,PETRON,58.7,63.3,reported
2025-11-25,Pasay City,DIESEL,PTT,58.9,60.65,reported
2025-11-25,Pasay City,DIESEL,SHELL,61.39,66.09,reported
2025-11-25,Pasay City,DIESEL,TOTAL,62.35,71.7,reported
2025-11-25,Pasay City,DIESEL PLUS,CALTEX,67.06,67.06,reported
2025-11-25,Pasay City,DIESEL PLUS,PETRON,63.65,66.3,reported
2025-11-25,Pasay City,DIESEL PLUS,PTT,61.65,61.65,reported
2025-11-25,Pasay City,DIESEL PLUS,SHELL,70.38,74.49,reported
2025-11-25,Pasay City,DIESEL PLUS,TOTAL,62.35,74.7,reported
2025-11-25,Pasay City,KEROSENE,CALTEX,93.7,93.7,reported
2025-11-25,Pasay City,RON 100,PETRON,70.81,70.81,reported
2025-11-25,Pasay City,RON 91,CALTEX,61.83,63.01,reported
2025-11-25,Pasay City,RON 91,FLYING,,,no_report
2025-11-25,Pasay City,RON 91,INDEPENDENT,55.5,55.9,reported
2025-11-25,Pasay City,RON 91,PETRON,56.4,60.9,reported
2025-11-25,Pasay City,RON 91,PTT,56.5,58.94,reported
2025-11-25,Pasay City,RON 91,SEAOIL,,,no_report
2025-11-25,Pasay City,RON 91,SHELL,60.3,65.45,reported
2025-11-25,Pasay City,RON 91,TOTAL,59.45,69.35,reported
2025-11-25,Pasay City,RON 95,CALTEX,70.08,72.78,reported
2025-11-25,Pasay City,RON 95,INDEPENDENT,57.0,57.0,reported
2025-11-25,Pasay City,RON 95,PETRON,57.6,62.4,reported
2025-11-25,Pasay City,RON 95,PTT,57.8,60.44,reported
2025-11-25,Pasay City,RON 95,SHELL,68.7,73.32,reported
2025-11-25,Pasay City,RON 95,TOTAL,62.7,70.85,reported
2025-11-25,Pasay City,RON 97,SHELL,70.6,76.32,reported
2025-11-25,Pasig City,DIESEL,CALTEX,63.5,67.79,reported
2025-11-25,Pasig City,DIESEL,FLYING,55.35,56.65,reported
2025-11-25,Pasig City,DIESEL,INDEPENDENT,55.55,59.2,reported
2025-11-25,Pasig City,DIESEL,PETRON,57.97,62.09,reported
2025-11-25,Pasig City,DIESEL,PHOENIX,55.95,62.7,reported
2025-11-25,Pasig City,DIESEL,SEAOIL,58.28,59.8,reported
2025-11-25,Pasig City,DIESEL,SHELL,60.65,62.79,reported
2025-11-25,Pasig City,DIESEL,TOTAL,59.91,59.91,reported
2025-11-25,Pasig City,DIESEL,UNIOIL,58.95,63.0,reported
2025-11-25,Pasig City,DIESEL PLUS,CALTEX,65.5,65.5,reported
2025-11-25,Pasig City,DIESEL PLUS,PETRON,60.91,65.09,reported
2025-11-25,Pasig City,DIESEL PLUS,SHELL,70.21,72.24,reported
2025-11-25,Pasig City,KEROSENE,PETRON,82.93,82.93,reported
2025-11-25,Pasig City,RON 100,PETRON,66.85,70.49,reported
2025-11-25,Pasig City,RON 91,CALTEX,61.1,63.49,reported
2025-11-25,Pasig City,RON 91,FLYING,52.75,53.35,reported
2025-11-25,Pasig City,RON 91,INDEPENDENT,52.75,55.54,reported
2025-11-25,Pasig City,RON 91,PETRON,55.22,59.49,reported
2025-11-25,Pasig City,RON 91,PHOENIX,53.95,61.3,reported
2025-11-25,Pasig City,RON 91,SEAOIL,54.7,57.5,reported
2025-11-25,Pasig City,RON 91,SHELL,59.51,62.5,reported
2025-11-25,Pasig City,RON 91,TOTAL,55.9,55.9,reported
2025-11-25,Pasig City,RON 91,UNIOIL,56.2,59.8,reported
2025-11-25,Pasig City,RON 95,CALTEX,64.91,70.35,reported
2025-11-25,Pasig City,RON 95,FLYING,53.75,54.55,reported
2025-11-25,Pasig City,RON 95,INDEPENDENT,53.75,57.04,reported
2025-11-25,Pasig City,RON 95,PETRON,56.86,60.5,reported
2025-11-25,Pasig City,RON 95,PHOENIX,54.95,63.3,reported
2025-11-25,Pasig City,RON 95,SHELL,67.3,70.59,reported
2025-11-25,Pasig City,RON 95,UNIOIL,58.85,62.88,reported
2025-11-25,Pasig City,RON 97,SEAOIL,55.7,59.5,reported
2025-11-25,Pasig City,RON 97,SHELL,71.18,73.69,reported
2025-11-25,Pasig City,RON 97,UNIOIL,65.05,67.4,reported
2025-11-25,Quezon City,DIESEL,CALTEX,61.05,63.8,reported
2025-11-25,Quezon City,DIESEL,FLYING,54.42,56.71,reported
2025-11-25,Quezon City,DIESEL,INDEPENDENT,52.1,53.2,reported
2025-11-25,Quezon City,DIESEL,PETRON,58.19,59.8,reported
2025-11-25,Quezon City,DIESEL,PHOENIX,56.8,64.0,reported
2025-11-25,Quezon City,DIESEL,SEAOIL,54.1,57.9,reported
2025-11-25,Quezon City,DIESEL,SHELL,61.69,62.0,reported
2025-11-25,Quezon City,DIESEL,UNIOIL,59.7,61.0,reported
2025-11-25,Quezon City,DIESEL PLUS,CALTEX,62.55,62.55,reported
2025-11-25,Quezon City,DIESEL PLUS,PETRON,61.19,62.8,reported
2025-11-25,Quezon City,DIESEL PLUS,SHELL,71.39,73.14,reported
2025-11-25,Quezon City,KEROSENE,PETRON,83.04,84.62,reported
2025-11-25,Quezon City,RON 100,PETRON,66.96,68.5,reported
2025-11-25,Quezon City,RON 91,CALTEX,58.95,63.6,reported
2025-11-25,Quezon City,RON 91,FLYING,52.15,54.97,reported
2025-11-25,Quezon City,RON 91,INDEPENDENT,51.7,52.25,reported
2025-11-25,Quezon City,RON 91,PETRON,55.15,57.24,reported
2025-11-25,Quezon City,RON 91,PHOENIX,55.1,62.55,reported
2025-11-25,Quezon City,RON 91,SEAOIL,54.6,55.65,reported
2025-11-25,Quezon City,RON 91,SHELL,59.45,60.15,reported
2025-11-25,Quezon City,RON 91,UNIOIL,56.65,57.0,reported
2025-11-25,Quezon City,RON 95,CALTEX,62.4,71.1,reported
2025-11-25,Quezon City,RON 95,FLYING,52.6,55.4,reported
2025-11-25,Quezon City,RON 95,INDEPENDENT,52.3,53.3,reported
2025-11-25,Quezon City,RON 95,PETRON,56.6,58.5,reported
2025-11-25,Quezon City,RON 95,PHOENIX,56.6,65.95,reported
2025-11-25,Quezon City,RON 95,SHELL,67.68,69.66,reported
2025-11-25,Quezon City,RON 95,UNIOIL,59.6,59.8,reported
2025-11-25,Quezon City,RON 97,SEAOIL,55.6,56.8,reported
2025-11-25,Quezon City,RON 97,SHELL,71.24,72.66,reported
2025-11-25,Quezon City,RON 97,UNIOIL,64.9,64.9,reported
2025-11-25,Taguig Cty,DIESEL,CALTEX,57.35,64.54,reported
2025-11-25,Taguig Cty,DIESEL,FLYING,57.35,58.57,reported
2025-11-25,Taguig Cty,DIESEL,INDEPENDENT,58.57,61.0,reported
2025-11-25,Taguig Cty,DIESEL,PETRON,59.3,61.21,reported
2025-11-25,Taguig Cty,DIESEL,SEAOIL,58.2,58.2,reported
2025-11-25,Taguig Cty,DIESEL,SHELL,61.89,64.4,reported
2025-11-25,Taguig Cty,DIESEL PLUS,CALTEX,73.77,73.77,reported
2025-11-25,Taguig Cty,DIESEL PLUS,PETRON,60.3,64.21,reported
2025-11-25,Taguig Cty,DIESEL PLUS,SHELL,70.53,73.04,reported
2025-11-25,Taguig Cty,KEROSENE,CALTEX,86.0,97.29,reported
2025-11-25,Taguig Cty,RON 100,PETRON,68.95,70.27,reported
2025-11-25,Taguig Cty,RON 91,CALTEX,55.7,65.75,reported
2025-11-25,Taguig Cty,RON 91,FLYING,55.6,56.14,reported
2025-11-25,Taguig Cty,RON 91,INDEPENDENT,56.14,59.49,reported
2025-11-25,Taguig Cty,RON 91,PETRON,57.45,59.26,reported
2025-11-25,Taguig Cty,RON 91,PHOENIX,,,no_report
2025-11-25,Taguig Cty,RON 91,SEAOIL,55.85,55.85,reported
2025-11-25,Taguig Cty,RON 91,SHELL,61.75,62.99,reported
2025-11-25,Taguig Cty,RON 91,TOTAL,,,no_report
2025-11-25,Taguig Cty,RON 91,UNIOIL,,,no_report
2025-11-25,Taguig Cty,RON 95,CALTEX,56.22,71.03,reported
2025-11-25,Taguig Cty,RON 95,FLYING,56.15,57.35,reported
2025-11-25,Taguig Cty,RON 95,INDEPENDENT,57.38,59.99,reported
2025-11-25,Taguig Cty,RON 95,PETRON,58.95,60.55,reported
2025-11-25,Taguig Cty,RON 95,SHELL,68.82,70.18,reported
2025-11-25,Taguig Cty,RON 97,SEAOIL,57.0,57.0,reported
2025-11-25,Taguig Cty,RON 97,SHELL,72.65,73.18,reported
2025-12-02,Caloocan City,DIESEL,CALTEX,58.35,58.35,reported
2025-12-02,Caloocan City,DIESEL,FLYING,51.55,52.6,reported
2025-12-02,Caloocan City,DIESEL,INDEPENDENT,51.0,55.35,reported
2025-12-02,Caloocan City,DIESEL,PETRON,53.8,62.2,reported
2025-12-02,Caloocan City,DIESEL,SEAOIL,51.7,52.2,reported
2025-12-02,Caloocan City,DIESEL,SHELL,57.35,60.3,reported
2025-12-02,Caloocan City,DIESEL,UNIOIL,55.99,55.99,reported
2025-12-02,Caloocan City,DIESEL PLUS,PETRON,65.2,65.2,reported
2025-12-02,Caloocan City,DIESEL PLUS,SHELL,67.0,69.08,reported
2025-12-02,Caloocan City,KEROSENE,PETRON,78.64,80.22,reported
2025-12-02,Caloocan City,RON 91,CALTEX,59.83,59.83,reported
2025-12-02,Caloocan City,RON 91,FLYING,51.9,53.4,reported
2025-12-02,Caloocan City,RON 91,INDEPENDENT,51.0,56.7,reported
2025-12-02,Caloocan City,RON 91,PETRON,54.4,61.65,reported
2025-12-02,Caloocan City,RON 91,SEAOIL,52.0,54.9,reported
2025-12-02,Caloocan City,RON 91,SHELL,58.18,61.04,reported
2025-12-02,Caloocan City,RON 91,UNIOIL,58.5,58.5,reported
2025-12-02,Caloocan City,RON 95,CALTEX,66.48,66.48,reported
2025-12-02,Caloocan City,RON 95,FLYING,52.5,54.5,reported
2025-12-02,Caloocan City,RON 95,INDEPENDENT,51.75,58.2,reported
2025-12-02,Caloocan City,RON 95,PETRON,55.5,63.15,reported
2025-12-02,Caloocan City,RON 95,SHELL,65.6,69.23,reported
2025-12-02,Caloocan City,RON 95,UNIOIL,60.99,60.99,reported
2025-12-02,Caloocan City,RON 97,SEAOIL,53.0,56.3,reported
2025-12-02,Caloocan City,RON 97,SHELL,71.52,72.23,reported
2025-12-02,Makati City,DIESEL,CALTEX,54.92,62.85,reported
2025-12-02,Makati City,DIESEL,INDEPENDENT,53.5,53.5,reported
2025-12-02,Makati City,DIESEL,PETRON,54.5,57.7,reported
2025-12-02,Makati City,DIESEL,PHOENIX,54.5,54.5,reported
2025-12-02,Makati City,DIESEL,SHELL,58.2,58.6,reported
2025-12-02,Makati City,DIESEL,UNIOIL,55.0,55.7,reported
2025-12-02,Makati City,DIESEL PLUS,CALTEX,61.93,72.18,reported
2025-12-02,Makati City,DIESEL PLUS,PETRON,57.5,58.7,reported
2025-12-02,Makati City,DIESEL PLUS,SHELL,67.19,67.59,reported
2025-12-02,Makati City,RON 100,PETRON,67.02,68.03,reported
2025-12-02,Makati City,RON 91,CALTEX,56.3,62.85,reported
2025-12-02,Makati City,RON 91,FLYING,,,no_report
2025-12-02,Makati City,RON 91,INDEPENDENT,55.5,55.5,reported
2025-12-02,Makati City,RON 91,PETRON,56.29,56.7,reported
2025-12-02,Makati City,RON 91,PHOENIX,56.3,56.3,reported
2025-12-02,Makati City,RON 91,SHELL,60.2,61.0,reported
2025-12-02,Makati City,RON 91,TOTAL,,,no_report
2025-12-02,Makati City,RON 91,UNIOIL,56.7,57.3,reported
2025-12-02,Makati City,RON 95,CALTEX,57.8,71.25,reported
2025-12-02,Makati City,RON 95,INDEPENDENT,57.0,57.0,reported
2025-12-02,Makati City,RON 95,PETRON,57.79,58.0,reported
2025-12-02,Makati City,RON 95,PHOENIX,57.8,57.8,reported
2025-12-02,Makati City,RON 95,SHELL,68.1,69.78,reported
2025-12-02,Makati City,RON 95,UNIOIL,58.0,59.8,reported
2025-12-02,Makati City,RON 97,PHOENIX,72.0,72.0,reported
2025-12-02,Makati City,RON 97,SHELL,70.1,71.49,reported
2025-12-02,Makati City,RON 97,UNIOIL,67.0,67.0,reported
2025-12-02,Manila City,DIESEL,CALTEX,59.4,60.35,reported
2025-12-02,Manila City,DIESEL,FLYING,52.21,55.35,reported
2025-12-02,Manila City,DIESEL,INDEPENDENT,52.2,54.49,reported
2025-12-02,Manila City,DIESEL,PETRON,54.6,56.3,reported
2025-12-02,Manila City,DIESEL,SEAOIL,53.5,54.6,reported
2025-12-02,Manila City,DIESEL,SHELL,58.7,61.05,reported
2025-12-02,Manila City,DIESEL,TOTAL,55.9,61.35,reported
2025-12-02,Manila City,DIESEL PLUS,INDEPENDENT,56.0,56.0,reported
2025-12-02,Manila City,DIESEL PLUS,PETRON,57.6,59.3,reported
2025-12-02,Manila City,DIESEL PLUS,SHELL,67.7,70.04,reported
2025-12-02,Manila City,DIESEL PLUS,TOTAL,57.9,57.9,reported
2025-12-02,Manila City,KEROSENE,INDEPENDENT,76.0,76.0,reported
2025-12-02,Manila City,KEROSENE,PETRON,79.41,79.67,reported
2025-12-02,Manila City,RON 100,PETRON,68.71,71.61,reported
2025-12-02,Manila City,RON 91,CALTEX,61.6,61.94,reported
2025-12-02,Manila City,RON 91,FLYING,53.85,57.65,reported
2025-12-02,Manila City,RON 91,INDEPENDENT,54.1,55.8,reported
2025-12-02,Manila City,RON 91,PETRON,56.2,58.8,reported
2025-12-02,Manila City,RON 91,SEAOIL,53.65,56.2,reported
2025-12-02,Manila City,RON 91,SHELL,60.8,62.2,reported
2025-12-02,Manila City,RON 91,TOTAL,56.8,63.39,reported
2025-12-02,Manila City,RON 95,CALTEX,64.7,67.0,reported
2025-12-02,Manila City,RON 95,FLYING,55.55,59.0,reported
2025-12-02,Manila City,RON 95,INDEPENDENT,55.1,58.7,reported
2025-12-02,Manila City,RON 95,PETRON,58.09,60.41,reported
2025-12-02,Manila City,RON 95,SHELL,69.2,70.6,reported
2025-12-02,Manila City,RON 95,TOTAL,59.5,71.89,reported
2025-12-02,Manila City,RON 97,SEAOIL,56.6,57.7,reported
2025-12-02,Manila City,RON 97,SHELL,70.7,78.01,reported
2025-12-02,Muntinlupa City,DIESEL,CALTEX,59.7,59.77,reported
2025-12-02,Muntinlupa City,DIESEL,FLYING,54.2,54.2,reported
2025-12-02,Muntinlupa City,DIESEL,PETRON,56.2,59.85,reported
2025-12-02,Muntinlupa City,DIESEL,PHOENIX,59.35,59.8,reported
2025-12-02,Muntinlupa City,DIESEL,SEAOIL,56.2,58.7,reported
2025-12-02,Muntinlupa City,DIESEL,SHELL,59.19,62.35,reported
2025-12-02,Muntinlupa City,DIESEL,TOTAL,63.91,63.91,reported
2025-12-02,Muntinlupa City,DIESEL,UNIOIL,57.4,57.9,reported
2025-12-02,Muntinlupa City,DIESEL PLUS,PETRON,59.2,62.85,reported
2025-12-02,Muntinlupa City,DIESEL PLUS,SHELL,64.91,71.85,reported
2025-12-02,Muntinlupa City,DIESEL PLUS,TOTAL,66.91,66.91,reported
2025-12-02,Muntinlupa City,KEROSENE,CALTEX,79.24,79.24,reported
2025-12-02,Muntinlupa City,RON 100,PETRON,67.08,69.64,reported
2025-12-02,Muntinlupa City,RON 91,CALTEX,60.1,62.11,reported
2025-12-02,Muntinlupa City,RON 91,FLYING,52.2,52.2,reported
2025-12-02,Muntinlupa City,RON 91,PETRON,56.2,58.8,reported
2025-12-02,Muntinlupa City,RON 91,PHOENIX,57.5,58.3,reported
2025-12-02,Muntinlupa City,RON 91,PTT,,,no_report
2025-12-02,Muntinlupa City,RON 91,SEAOIL,56.2,65.1,reported
2025-12-02,Muntinlupa City,RON 91,SHELL,59.7,62.3,reported
2025-12-02,Muntinlupa City,RON 91,TOTAL,63.21,63.21,reported
2025-12-02,Muntinlupa City,RON 91,UNIOIL,58.0,58.0,reported
2025-12-02,Muntinlupa City,RON 95,CALTEX,64.16,65.2,reported
2025-12-02,Muntinlupa City,RON 95,FLYING,53.65,53.65,reported
2025-12-02,Muntinlupa City,RON 95,PETRON,57.65,60.3,reported
2025-12-02,Muntinlupa City,RON 95,PHOENIX,59.0,59.8,reported
2025-12-02,Muntinlupa City,RON 95,SHELL,67.04,70.2,reported
2025-12-02,Muntinlupa City,RON 95,TOTAL,65.21,65.21,reported
2025-12-02,Muntinlupa City,RON 95,UNIOIL,60.59,61.0,reported
2025-12-02,Muntinlupa City,RON 97,SEAOIL,58.15,65.92,reported
2025-12-02,Muntinlupa City,RON 97,SHELL,70.04,73.2,reported
2025-12-02,Parañaque City,DIESEL,CALTEX,59.6,59.65,reported
2025-12-02,Parañaque City,DIESEL,FLYING,55.65,55.65,reported
2025-12-02,Parañaque City,DIESEL,INDEPENDENT,57.6,58.1,reported
2025-12-02,Parañaque City,DIESEL,PETRON,55.7,60.85,reported
2025-12-02,Parañaque City,DIESEL,SEAOIL,55.9,56.65,reported
2025-12-02,Parañaque City,DIESEL,SHELL,56.69,62.95,reported
2025-12-02,Parañaque City,DIESEL,TOTAL,62.4,62.4,reported
2025-12-02,Parañaque City,DIESEL,UNIOIL,57.75,58.65,reported
2025-12-02,Parañaque City,DIESEL PLUS,CALTEX,61.61,63.35,reported
2025-12-02,Parañaque City,DIESEL PLUS,PETRON,58.7,63.86,reported
2025-12-02,Parañaque City,DIESEL PLUS,SHELL,66.19,71.45,reported
2025-12-02,Parañaque City,DIESEL PLUS,TOTAL,72.7,72.7,reported
2025-12-02,Parañaque City,KEROSENE,INDEPENDENT,73.4,73.4,reported
2025-12-02,Parañaque City,RON 100,PETRON,68.04,70.26,reported
2025-12-02,Parañaque City,RON 91,CALTEX,61.6,61.67,reported
2025-12-02,Parañaque City,RON 91,FLYING,56.6,56.6,reported
2025-12-02,Parañaque City,RON 91,INDEPENDENT,57.05,57.6,reported
2025-12-02,Parañaque City,RON 91,PETRON,56.7,58.6,reported
2025-12-02,Parañaque City,RON 91,PTT,,,no_report
2025-12-02,Parañaque City,RON 91,SEAOIL,55.8,58.6,reported
2025-12-02,Parañaque City,RON 91,SHELL,59.2,61.7,reported
2025-12-02,Parañaque City,RON 91,TOTAL,61.9,61.9,reported
2025-12-02,Parañaque City,RON 91,UNIOIL,59.15,59.6,reported
2025-12-02,Parañaque City,RON 95,CALTEX,63.86,63.89,reported
2025-12-02,Parañaque City,RON 95,FLYING,57.89,57.9,reported
2025-12-02,Parañaque City,RON 95,INDEPENDENT,59.05,59.05,reported
2025-12-02,Parañaque City,RON 95,PETRON,58.0,59.9,reported
2025-12-02,Parañaque City,RON 95,SHELL,67.46,70.1,reported
2025-12-02,Parañaque City,RON 95,TOTAL,62.9,62.9,reported
2025-12-02,Parañaque City,RON 95,UNIOIL,60.65,61.9,reported
2025-12-02,Parañaque City,RON 97,SEAOIL,56.85,59.6,reported
2025-12-02,Parañaque City,RON 97,SHELL,69.1,72.7,reported
2025-12-02,Parañaque City,RON 97,UNIOIL,69.2,69.2,reported
2025-12-02,Pasay City,DIESEL,CALTEX,59.9,61.2,reported
2025-12-02,Pasay City,DIESEL,INDEPENDENT,53.79,54.29,reported
2025-12-02,Pasay City,DIESEL,PETRON,56.8,57.75,reported
2025-12-02,Pasay City,DIESEL,PTT,56.0,57.75,reported
2025-12-02,Pasay City,DIESEL,SHELL,56.69,61.1,reported
2025-12-02,Pasay City,DIESEL,TOTAL,68.8,68.8,reported
2025-12-02,Pasay City,DIESEL PLUS,CALTEX,62.3,62.3,reported
2025-12-02,Pasay City,DIESEL PLUS,PETRON,60.75,60.75,reported
2025-12-02,Pasay City,DIESEL PLUS,PTT,58.75,58.75,reported
2025-12-02,Pasay City,DIESEL PLUS,SHELL,66.19,70.1,reported
2025-12-02,Pasay City,DIESEL PLUS,TOTAL,71.8,71.8,reported
2025-12-02,Pasay City,KEROSENE,CALTEX,90.5,90.5,reported
2025-12-02,Pasay City,KEROSENE,PETRON,80.36,80.36,reported
2025-12-02,Pasay City,RON 100,PETRON,68.6,71.01,reported
2025-12-02,Pasay City,RON 91,CALTEX,62.15,63.21,reported
2025-12-02,Pasay City,RON 91,FLYING,,,no_report
2025-12-02,Pasay City,RON 91,INDEPENDENT,55.3,55.7,reported
2025-12-02,Pasay City,RON 91,PETRON,56.6,59.15,reported
2025-12-02,Pasay City,RON 91,PTT,56.8,59.14,reported
2025-12-02,Pasay City,RON 91,SEAOIL,,,no_report
2025-12-02,Pasay City,RON 91,SHELL,59.2,62.65,reported
2025-12-02,Pasay City,RON 91,TOTAL,69.55,69.55,reported
2025-12-02,Pasay City,RON 95,CALTEX,71.09,71.4,reported
2025-12-02,Pasay City,RON 95,INDEPENDENT,55.7,57.2,reported
2025-12-02,Pasay City,RON 95,PETRON,57.8,60.65,reported
2025-12-02,Pasay City,RON 95,PTT,60.0,60.64,reported
2025-12-02,Pasay City,RON 95,SHELL,67.6,70.91,reported
2025-12-02,Pasay City,RON 95,TOTAL,71.05,71.05,reported
2025-12-02,Pasay City,RON 97,SHELL,70.0,72.48,reported
2025-12-02,Pasig City,DIESEL,CALTEX,58.4,62.4,reported
2025-12-02,Pasig City,DIESEL,FLYING,52.38,52.75,reported
2025-12-02,Pasig City,DIESEL,INDEPENDENT,52.65,59.09,reported
2025-12-02,Pasig City,DIESEL,PETRON,55.07,59.19,reported
2025-12-02,Pasig City,DIESEL,PHOENIX,53.65,59.8,reported
2025-12-02,Pasig City,DIESEL,SEAOIL,54.77,56.9,reported
2025-12-02,Pasig City,DIESEL,SHELL,57.75,59.89,reported
2025-12-02,Pasig City,DIESEL,TOTAL,57.01,57.01,reported
2025-12-02,Pasig City,DIESEL,UNIOIL,56.05,60.1,reported
2025-12-02,Pasig City,DIESEL PLUS,CALTEX,60.4,60.4,reported
2025-12-02,Pasig City,DIESEL PLUS,PETRON,58.07,62.19,reported
2025-12-02,Pasig City,DIESEL PLUS,SHELL,66.25,68.1,reported
2025-12-02,Pasig City,KEROSENE,PETRON,79.73,79.73,reported
2025-12-02,Pasig City,RON 100,PETRON,67.05,70.69,reported
2025-12-02,Pasig City,RON 91,CALTEX,59.01,63.5,reported
2025-12-02,Pasig City,RON 91,FLYING,52.95,53.35,reported
2025-12-02,Pasig City,RON 91,INDEPENDENT,52.95,55.34,reported
2025-12-02,Pasig City,RON 91,PETRON,55.42,59.69,reported
2025-12-02,Pasig City,RON 91,PHOENIX,53.95,61.5,reported
2025-12-02,Pasig City,RON 91,SEAOIL,54.9,57.7,reported
2025-12-02,Pasig City,RON 91,SHELL,59.71,62.7,reported
2025-12-02,Pasig City,RON 91,TOTAL,56.1,56.1,reported
2025-12-02,Pasig City,RON 91,UNIOIL,56.4,60.0,reported
2025-12-02,Pasig City,RON 95,CALTEX,62.51,70.52,reported
2025-12-02,Pasig City,RON 95,FLYING,53.95,54.1,reported
2025-12-02,Pasig City,RON 95,INDEPENDENT,53.95,56.84,reported
2025-12-02,Pasig City,RON 95,PETRON,57.06,60.7,reported
2025-12-02,Pasig City,RON 95,PHOENIX,54.95,63.5,reported
2025-12-02,Pasig City,RON 95,SHELL,67.5,70.89,reported
2025-12-02,Pasig City,RON 95,UNIOIL,59.05,63.08,reported
2025-12-02,Pasig City,RON 97,SEAOIL,55.9,59.7,reported
2025-12-02,Pasig City,RON 97,SHELL,71.38,73.89,reported
2025-12-02,Pasig City,RON 97,UNIOIL,65.25,67.4,reported
2025-12-02,Quezon City,DIESEL,CALTEX,56.85,60.9,reported
2025-12-02,Quezon City,DIESEL,FLYING,50.93,53.81,reported
2025-12-02,Quezon City,DIESEL,INDEPENDENT,49.47,52.17,reported
2025-12-02,Quezon City,DIESEL,PETRON,54.9,56.05,reported
2025-12-02,Quezon City,DIESEL,PHOENIX,52.27,61.1,reported
2025-12-02,Quezon City,DIESEL,SEAOIL,51.2,55.0,reported
2025-12-02,Quezon City,DIESEL,SHELL,58.4,59.1,reported
2025-12-02,Quezon City,DIESEL,UNIOIL,56.79,56.8,reported
2025-12-02,Quezon City,DIESEL PLUS,CALTEX,59.65,59.65,reported
2025-12-02,Quezon City,DIESEL PLUS,PETRON,57.9,59.05,reported
2025-12-02,Quezon City,DIESEL PLUS,SHELL,67.6,70.24,reported
2025-12-02,Quezon City,KEROSENE,PETRON,79.84,81.42,reported
2025-12-02,Quezon City,RON 100,PETRON,67.16,67.77,reported
2025-12-02,Quezon City,RON 91,CALTEX,58.15,63.6,reported
2025-12-02,Quezon City,RON 91,FLYING,52.35,54.6,reported
2025-12-02,Quezon City,RON 91,INDEPENDENT,51.5,52.25,reported
2025-12-02,Quezon City,RON 91,PETRON,55.35,57.0,reported
2025-12-02,Quezon City,RON 91,PHOENIX,54.8,62.75,reported
2025-12-02,Quezon City,RON 91,SEAOIL,54.8,55.85,reported
2025-12-02,Quezon City,RON 91,SHELL,59.65,60.15,reported
2025-12-02,Quezon City,RON 91,UNIOIL,56.84,56.85,reported
2025-12-02,Quezon City,RON 95,CALTEX,62.8,71.1,reported
2025-12-02,Quezon City,RON 95,FLYING,52.8,55.6,reported
2025-12-02,Quezon City,RON 95,INDEPENDENT,52.3,53.3,reported
2025-12-02,Quezon City,RON 95,PETRON,56.8,58.3,reported
2025-12-02,Quezon City,RON 95,PHOENIX,56.19,66.15,reported
2025-12-02,Quezon City,RON 95,SHELL,67.2,69.86,reported
2025-12-02,Quezon City,RON 95,UNIOIL,59.8,59.8,reported
2025-12-02,Quezon City,RON 97,SEAOIL,55.8,57.0,reported
2025-12-02,Quezon City,RON 97,SHELL,70.25,72.86,reported
2025-12-02,Quezon City,RON 97,UNIOIL,65.1,65.1,reported
2025-12-02,Taguig Cty,DIESEL,CALTEX,57.3,61.5,reported
2025-12-02,Taguig Cty,DIESEL,FLYING,54.4,54.67,reported
2025-12-02,Taguig Cty,DIESEL,INDEPENDENT,54.29,61.0,reported
2025-12-02,Taguig Cty,DIESEL,PETRON,56.1,57.66,reported
2025-12-02,Taguig Cty,DIESEL,SEAOIL,54.6,54.6,reported
2025-12-02,Taguig Cty,DIESEL,SHELL,58.99,61.29,reported
2025-12-02,Taguig Cty,DIESEL PLUS,CALTEX,70.89,70.89,reported
2025-12-02,Taguig Cty,DIESEL PLUS,PETRON,57.4,60.65,reported
2025-12-02,Taguig Cty,DIESEL PLUS,SHELL,67.49,68.39,reported
2025-12-02,Taguig Cty,KEROSENE,CALTEX,82.8,94.09,reported
2025-12-02,Taguig Cty,RON 100,PETRON,67.44,69.15,reported
2025-12-02,Taguig Cty,RON 91,CALTEX,55.7,63.35,reported
2025-12-02,Taguig Cty,RON 91,FLYING,55.34,55.7,reported
2025-12-02,Taguig Cty,RON 91,INDEPENDENT,55.44,59.49,reported
2025-12-02,Taguig Cty,RON 91,PETRON,56.2,58.05,reported
2025-12-02,Taguig Cty,RON 91,PHOENIX,,,no_report
2025-12-02,Taguig Cty,RON 91,SEAOIL,55.8,55.8,reported
2025-12-02,Taguig Cty,RON 91,SHELL,58.81,62.95,reported
2025-12-02,Taguig Cty,RON 91,TOTAL,,,no_report
2025-12-02,Taguig Cty,RON 91,UNIOIL,,,no_report
2025-12-02,Taguig Cty,RON 95,CALTEX,56.2,69.75,reported
2025-12-02,Taguig Cty,RON 95,FLYING,56.2,56.58,reported
2025-12-02,Taguig Cty,RON 95,INDEPENDENT,56.58,59.99,reported
2025-12-02,Taguig Cty,RON 95,PETRON,57.7,59.5,reported
2025-12-02,Taguig Cty,RON 95,SHELL,68.75,69.85,reported
2025-12-02,Taguig Cty,RON 97,SEAOIL,56.8,56.8,reported
2025-12-02,Taguig Cty,RON 97,SHELL,72.85,73.38,reported
2025-12-09,Caloocan City,DIESEL,CALTEX,57.5,57.5,reported
2025-12-09,Caloocan City,DIESEL,FLYING,51.37,52.6,reported
2025-12-09,Caloocan City,DIESEL,INDEPENDENT,49.5,55.35,reported
2025-12-09,Caloocan City,DIESEL,PETRON,52.2,55.75,reported
2025-12-09,Caloocan City,DIESEL,SEAOIL,51.7,52.2,reported
2025-12-09,Caloocan City,DIESEL,SHELL,57.35,60.3,reported
2025-12-09,Caloocan City,DIESEL,UNIOIL,55.88,55.88,reported
2025-12-09,Caloocan City,DIESEL PLUS,PETRON,65.2,65.2,reported
2025-12-09,Caloocan City,DIESEL PLUS,SHELL,67.0,69.08,reported
2025-12-09,Caloocan City,KEROSENE,PETRON,78.64,80.22,reported
2025-12-09,Caloocan City,RON 91,CALTEX,60.9,60.9,reported
2025-12-09,Caloocan City,RON 91,FLYING,53.1,54.6,reported
2025-12-09,Caloocan City,RON 91,INDEPENDENT,51.0,57.9,reported
2025-12-09,Caloocan City,RON 91,PETRON,55.6,62.85,reported
2025-12-09,Caloocan City,RON 91,SEAOIL,52.2,54.9,reported
2025-12-09,Caloocan City,RON 91,SHELL,59.38,62.24,reported
2025-12-09,Caloocan City,RON 91,UNIOIL,57.9,57.9,reported
2025-12-09,Caloocan City,RON 95,CALTEX,67.68,67.68,reported
2025-12-09,Caloocan City,RON 95,FLYING,53.5,55.7,reported
2025-12-09,Caloocan City,RON 95,INDEPENDENT,51.75,59.4,reported
2025-12-09,Caloocan City,RON 95,PETRON,56.7,64.35,reported
2025-12-09,Caloocan City,RON 95,SHELL,66.8,70.43,reported
2025-12-09,Caloocan City,RON 95,UNIOIL,61.1,61.1,reported
2025-12-09,Caloocan City,RON 97,SEAOIL,53.2,55.99,reported
2025-12-09,Caloocan City,RON 97,SHELL,72.72,73.43,reported
2025-12-09,Makati City,DIESEL,CALTEX,54.92,59.85,reported
2025-12-09,Makati City,DIESEL,INDEPENDENT,53.5,53.5,reported
2025-12-09,Makati City,DIESEL,PETRON,54.5,55.7,reported
2025-12-09,Makati City,DIESEL,PHOENIX,54.5,54.5,reported
2025-12-09,Makati City,DIESEL,SHELL,57.6,58.41,reported
2025-12-09,Makati City,DIESEL,UNIOIL,55.0,55.7,reported
2025-12-09,Makati City,DIESEL PLUS,CALTEX,61.93,69.59,reported
2025-12-09,Makati City,DIESEL PLUS,PETRON,57.5,58.7,reported
2025-12-09,Makati City,DIESEL PLUS,SHELL,66.6,67.41,reported
2025-12-09,Makati City,RON 100,PETRON,68.22,69.23,reported
2025-12-09,Makati City,RON 91,CALTEX,57.5,64.45,reported
2025-12-09,Makati City,RON 91,FLYING,,,no_report
2025-12-09,Makati City,RON 91,INDEPENDENT,55.5,55.5,reported
2025-12-09,Makati City,RON 91,PETRON,57.49,57.9,reported
2025-12-09,Makati City,RON 91,PHOENIX,57.5,57.5,reported
2025-12-09,Makati City,RON 91,SHELL,61.4,61.8,reported
2025-12-09,Makati City,RON 91,TOTAL,,,no_report
2025-12-09,Makati City,RON 91,UNIOIL,57.9,58.5,reported
2025-12-09,Makati City,RON 95,CALTEX,59.0,73.05,reported
2025-12-09,Makati City,RON 95,INDEPENDENT,57.0,57.0,reported
2025-12-09,Makati City,RON 95,PETRON,58.99,59.2,reported
2025-12-09,Makati City,RON 95,PHOENIX,59.0,59.0,reported
2025-12-09,Makati City,RON 95,SHELL,69.3,69.7,reported
2025-12-09,Makati City,RON 95,UNIOIL,59.2,61.0,reported
2025-12-09,Makati City,RON 97,PHOENIX,71.3,71.3,reported
2025-12-09,Makati City,RON 97,SHELL,71.3,72.1,reported
2025-12-09,Makati City,RON 97,UNIOIL,68.2,68.2,reported
2025-12-09,Manila City,DIESEL,CALTEX,58.1,58.3,reported
2025-12-09,Manila City,DIESEL,FLYING,52.2,53.7,reported
2025-12-09,Manila City,DIESEL,INDEPENDENT,52.19,54.0,reported
2025-12-09,Manila City,DIESEL,PETRON,54.6,56.3,reported
2025-12-09,Manila City,DIESEL,SEAOIL,53.0,54.6,reported
2025-12-09,Manila City,DIESEL,SHELL,57.3,59.4,reported
2025-12-09,Manila City,DIESEL,TOTAL,55.9,61.35,reported
2025-12-09,Manila City,DIESEL PLUS,INDEPENDENT,56.0,56.0,reported
2025-12-09,Manila City,DIESEL PLUS,PETRON,57.6,59.3,reported
2025-12-09,Manila City,DIESEL PLUS,SHELL,66.3,68.4,reported
2025-12-09,Manila City,DIESEL PLUS,TOTAL,57.9,57.9,reported
2025-12-09,Manila City,KEROSENE,INDEPENDENT,76.0,76.0,reported
2025-12-09,Manila City,KEROSENE,PETRON,79.41,79.67,reported
2025-12-09,Manila City,RON 100,PETRON,68.14,71.74,reported
2025-12-09,Manila City,RON 91,CALTEX,61.3,62.04,reported
2025-12-09,Manila City,RON 91,FLYING,55.05,56.2,reported
2025-12-09,Manila City,RON 91,INDEPENDENT,53.98,55.8,reported
2025-12-09,Manila City,RON 91,PETRON,56.3,60.0,reported
2025-12-09,Manila City,RON 91,SEAOIL,53.5,57.4,reported
2025-12-09,Manila City,RON 91,SHELL,61.21,63.1,reported
2025-12-09,Manila City,RON 91,TOTAL,56.8,64.59,reported
2025-12-09,Manila City,RON 95,CALTEX,65.6,65.9,reported
2025-12-09,Manila City,RON 95,FLYING,56.59,57.6,reported
2025-12-09,Manila City,RON 95,INDEPENDENT,55.38,58.7,reported
2025-12-09,Manila City,RON 95,PETRON,57.3,61.5,reported
2025-12-09,Manila City,RON 95,SHELL,69.11,71.0,reported
2025-12-09,Manila City,RON 95,TOTAL,59.5,73.09,reported
2025-12-09,Manila City,RON 97,SEAOIL,56.4,58.9,reported
2025-12-09,Manila City,RON 97,SHELL,71.11,75.74,reported
2025-12-09,Muntinlupa City,DIESEL,CALTEX,59.7,59.77,reported
2025-12-09,Muntinlupa City,DIESEL,FLYING,54.2,54.2,reported
2025-12-09,Muntinlupa City,DIESEL,PETRON,56.2,59.85,reported
2025-12-09,Muntinlupa City,DIESEL,PHOENIX,56.9,59.35,reported
2025-12-09,Muntinlupa City,DIESEL,SEAOIL,56.2,58.7,reported
2025-12-09,Muntinlupa City,DIESEL,SHELL,58.4,62.35,reported
2025-12-09,Muntinlupa City,DIESEL,TOTAL,61.41,63.9,reported
2025-12-09,Muntinlupa City,DIESEL,UNIOIL,54.0,57.9,reported
2025-12-09,Muntinlupa City,DIESEL PLUS,PETRON,59.2,62.85,reported
2025-12-09,Muntinlupa City,DIESEL PLUS,SHELL,64.91,70.85,reported
2025-12-09,Muntinlupa City,DIESEL PLUS,TOTAL,66.9,66.9,reported
2025-12-09,Muntinlupa City,KEROSENE,CALTEX,79.24,79.24,reported
2025-12-09,Muntinlupa City,RON 100,PETRON,68.28,70.94,reported
2025-12-09,Muntinlupa City,RON 91,CALTEX,61.3,62.22,reported
2025-12-09,Muntinlupa City,RON 91,FLYING,53.4,53.4,reported
2025-12-09,Muntinlupa City,RON 91,PETRON,57.4,60.0,reported
2025-12-09,Muntinlupa City,RON 91,PHOENIX,58.7,59.5,reported
2025-12-09,Muntinlupa City,RON 91,PTT,,,no_report
2025-12-09,Muntinlupa City,RON 91,SEAOIL,57.4,66.3,reported
2025-12-09,Muntinlupa City,RON 91,SHELL,60.9,63.5,reported
2025-12-09,Muntinlupa City,RON 91,TOTAL,64.39,64.41,reported
2025-12-09,Muntinlupa City,RON 91,UNIOIL,59.39,59.39,reported
2025-12-09,Muntinlupa City,RON 95,CALTEX,65.36,66.4,reported
2025-12-09,Muntinlupa City,RON 95,FLYING,54.85,54.85,reported
2025-12-09,Muntinlupa City,RON 95,PETRON,58.85,61.5,reported
2025-12-09,Muntinlupa City,RON 95,PHOENIX,60.2,61.0,reported
2025-12-09,Muntinlupa City,RON 95,SHELL,68.24,71.4,reported
2025-12-09,Muntinlupa City,RON 95,TOTAL,66.41,68.15,reported
2025-12-09,Muntinlupa City,RON 95,UNIOIL,61.79,62.2,reported
2025-12-09,Muntinlupa City,RON 97,SEAOIL,59.35,67.12,reported
2025-12-09,Muntinlupa City,RON 97,SHELL,71.24,74.4,reported
2025-12-09,Parañaque City,DIESEL,CALTEX,59.6,60.81,reported
2025-12-09,Parañaque City,DIESEL,FLYING,55.65,55.65,reported
2025-12-09,Parañaque City,DIESEL,INDEPENDENT,57.1,58.1,reported
2025-12-09,Parañaque City,DIESEL,PETRON,54.5,59.35,reported
2025-12-09,Parañaque City,DIESEL,SEAOIL,56.65,57.65,reported
2025-12-09,Parañaque City,DIESEL,SHELL,56.69,62.35,reported
2025-12-09,Parañaque City,DIESEL,TOTAL,62.4,62.4,reported
2025-12-09,Parañaque City,DIESEL,UNIOIL,57.3,57.75,reported
2025-12-09,Parañaque City,DIESEL PLUS,CALTEX,61.61,63.35,reported
2025-12-09,Parañaque City,DIESEL PLUS,PETRON,57.5,62.35,reported
2025-12-09,Parañaque City,DIESEL PLUS,SHELL,65.69,71.45,reported
2025-12-09,Parañaque City,DIESEL PLUS,TOTAL,72.7,72.7,reported
2025-12-09,Parañaque City,KEROSENE,INDEPENDENT,73.4,73.4,reported
2025-12-09,Parañaque City,RON 100,PETRON,67.05,70.11,reported
2025-12-09,Parañaque City,RON 91,CALTEX,62.4,62.8,reported
2025-12-09,Parañaque City,RON 91,FLYING,57.79,57.8,reported
2025-12-09,Parañaque City,RON 91,INDEPENDENT,58.25,59.7,reported
2025-12-09,Parañaque City,RON 91,PETRON,55.7,58.2,reported
2025-12-09,Parañaque City,RON 91,PTT,,,no_report
2025-12-09,Parañaque City,RON 91,SEAOIL,57.0,58.0,reported
2025-12-09,Parañaque City,RON 91,SHELL,60.4,62.9,reported
2025-12-09,Parañaque City,RON 91,TOTAL,63.1,63.1,reported
2025-12-09,Parañaque City,RON 91,UNIOIL,59.2,60.35,reported
2025-12-09,Parañaque City,RON 95,CALTEX,65.06,65.4,reported
2025-12-09,Parañaque City,RON 95,FLYING,57.09,57.09,reported
2025-12-09,Parañaque City,RON 95,INDEPENDENT,60.2,60.25,reported
2025-12-09,Parañaque City,RON 95,PETRON,57.0,59.71,reported
2025-12-09,Parañaque City,RON 95,SHELL,68.3,70.8,reported
2025-12-09,Parañaque City,RON 95,TOTAL,64.1,64.1,reported
2025-12-09,Parañaque City,RON 95,UNIOIL,61.7,61.85,reported
2025-12-09,Parañaque City,RON 97,SEAOIL,58.05,59.0,reported
2025-12-09,Parañaque City,RON 97,SHELL,70.3,73.6,reported
2025-12-09,Parañaque City,RON 97,UNIOIL,70.4,70.4,reported
2025-12-09,Pasay City,DIESEL,CALTEX,59.9,61.2,reported
2025-12-09,Pasay City,DIESEL,INDEPENDENT,52.99,53.49,reported
2025-12-09,Pasay City,DIESEL,PETRON,54.79,57.75,reported
2025-12-09,Pasay City,DIESEL,PTT,53.7,57.75,reported
2025-12-09,Pasay City,DIESEL,SHELL,56.69,61.1,reported
2025-12-09,Pasay City,DIESEL,TOTAL,68.8,68.8,reported
2025-12-09,Pasay City,DIESEL PLUS,CALTEX,62.38,62.38,reported
2025-12-09,Pasay City,DIESEL PLUS,PETRON,60.75,60.75,reported
2025-12-09,Pasay City,DIESEL PLUS,PTT,58.75,58.75,reported
2025-12-09,Pasay City,DIESEL PLUS,SHELL,65.69,70.1,reported
2025-12-09,Pasay City,DIESEL PLUS,TOTAL,71.8,71.8,reported
2025-12-09,Pasay City,KEROSENE,CALTEX,90.5,90.5,reported
2025-12-09,Pasay City,KEROSENE,PETRON,80.36,80.36,reported
2025-12-09,Pasay City,RON 100,PETRON,67.24,72.21,reported
2025-12-09,Pasay City,RON 91,CALTEX,63.35,64.41,reported
2025-12-09,Pasay City,RON 91,FLYING,,,no_report
2025-12-09,Pasay City,RON 91,INDEPENDENT,54.1,54.94,reported
2025-12-09,Pasay City,RON 91,PETRON,55.7,60.35,reported
2025-12-09,Pasay City,RON 91,PTT,59.9,60.34,reported
2025-12-09,Pasay City,RON 91,SEAOIL,,,no_report
2025-12-09,Pasay City,RON 91,SHELL,60.4,63.71,reported
2025-12-09,Pasay City,RON 91,TOTAL,70.75,70.75,reported
2025-12-09,Pasay City,RON 95,CALTEX,72.29,72.6,reported
2025-12-09,Pasay City,RON 95,INDEPENDENT,54.8,55.8,reported
2025-12-09,Pasay City,RON 95,PETRON,57.2,61.85,reported
2025-12-09,Pasay City,RON 95,PTT,57.4,61.84,reported
2025-12-09,Pasay City,RON 95,SHELL,68.3,71.61,reported
2025-12-09,Pasay City,RON 95,TOTAL,72.25,72.25,reported
2025-12-09,Pasay City,RON 97,SHELL,71.2,73.68,reported
2025-12-09,Pasig City,DIESEL,CALTEX,58.4,62.4,reported
2025-12-09,Pasig City,DIESEL,FLYING,52.33,53.2,reported
2025-12-09,Pasig City,DIESEL,INDEPENDENT,52.65,56.9,reported
2025-12-09,Pasig City,DIESEL,PETRON,54.13,57.5,reported
2025-12-09,Pasig City,DIESEL,PHOENIX,53.65,59.8,reported
2025-12-09,Pasig City,DIESEL,SEAOIL,54.39,56.9,reported
2025-12-09,Pasig City,DIESEL,SHELL,57.75,59.6,reported
2025-12-09,Pasig City,DIESEL,TOTAL,57.01,57.01,reported
2025-12-09,Pasig City,DIESEL,UNIOIL,55.15,56.25,reported
2025-12-09,Pasig City,DIESEL PLUS,CALTEX,60.4,60.4,reported
2025-12-09,Pasig City,DIESEL PLUS,PETRON,57.13,60.2,reported
2025-12-09,Pasig City,DIESEL PLUS,SHELL,66.25,68.1,reported
2025-12-09,Pasig City,KEROSENE,PETRON,79.73,79.73,reported
2025-12-09,Pasig City,RON 100,PETRON,66.64,71.89,reported
2025-12-09,Pasig City,RON 91,CALTEX,60.21,64.7,reported
2025-12-09,Pasig City,RON 91,FLYING,54.0,54.35,reported
2025-12-09,Pasig City,RON 91,INDEPENDENT,54.05,55.15,reported
2025-12-09,Pasig City,RON 91,PETRON,55.36,60.89,reported
2025-12-09,Pasig City,RON 91,PHOENIX,55.15,62.7,reported
2025-12-09,Pasig City,RON 91,SEAOIL,55.5,58.9,reported
2025-12-09,Pasig City,RON 91,SHELL,59.19,63.9,reported
2025-12-09,Pasig City,RON 91,TOTAL,57.3,57.3,reported
2025-12-09,Pasig City,RON 91,UNIOIL,57.25,58.35,reported
2025-12-09,Pasig City,RON 95,CALTEX,63.71,71.72,reported
2025-12-09,Pasig City,RON 95,FLYING,55.0,55.15,reported
2025-12-09,Pasig City,RON 95,INDEPENDENT,55.15,56.15,reported
2025-12-09,Pasig City,RON 95,PETRON,56.85,61.9,reported
2025-12-09,Pasig City,RON 95,PHOENIX,56.15,64.7,reported
2025-12-09,Pasig City,RON 95,SHELL,68.7,72.09,reported
2025-12-09,Pasig City,RON 95,UNIOIL,59.75,60.55,reported
2025-12-09,Pasig City,RON 97,SEAOIL,56.5,60.9,reported
2025-12-09,Pasig City,RON 97,SHELL,72.58,75.09,reported
2025-12-09,Pasig City,RON 97,UNIOIL,66.45,68.8,reported
2025-12-09,Quezon City,DIESEL,CALTEX,56.85,60.9,reported
2025-12-09,Quezon City,DIESEL,FLYING,50.75,53.81,reported
2025-12-09,Quezon City,DIESEL,INDEPENDENT,49.27,50.2,reported
2025-12-09,Quezon City,DIESEL,PETRON,53.15,54.9,reported
2025-12-09,Quezon City,DIESEL,PHOENIX,52.27,61.1,reported
2025-12-09,Quezon City,DIESEL,SEAOIL,52.3,55.0,reported
2025-12-09,Quezon City,DIESEL,SHELL,57.99,58.25,reported
2025-12-09,Quezon City,DIESEL,UNIOIL,56.79,56.8,reported
2025-12-09,Quezon City,DIESEL PLUS,CALTEX,59.65,59.65,reported
2025-12-09,Quezon City,DIESEL PLUS,PETRON,56.15,57.9,reported
2025-12-09,Quezon City,DIESEL PLUS,SHELL,66.6,68.2,reported
2025-12-09,Quezon City,KEROSENE,PETRON,79.84,81.42,reported
2025-12-09,Quezon City,RON 100,PETRON,64.84,68.54,reported
2025-12-09,Quezon City,RON 91,CALTEX,59.35,63.6,reported
2025-12-09,Quezon City,RON 91,FLYING,53.35,55.06,reported
2025-12-09,Quezon City,RON 91,INDEPENDENT,51.8,52.25,reported
2025-12-09,Quezon City,RON 91,PETRON,55.24,57.31,reported
2025-12-09,Quezon City,RON 91,PHOENIX,56.0,63.95,reported
2025-12-09,Quezon City,RON 91,SEAOIL,54.6,57.05,reported
2025-12-09,Quezon City,RON 91,SHELL,60.85,61.15,reported
2025-12-09,Quezon City,RON 91,UNIOIL,56.84,58.05,reported
2025-12-09,Quezon City,RON 95,CALTEX,64.0,69.1,reported
2025-12-09,Quezon City,RON 95,FLYING,53.8,55.49,reported
2025-12-09,Quezon City,RON 95,INDEPENDENT,52.3,53.3,reported
2025-12-09,Quezon City,RON 95,PETRON,56.24,58.81,reported
2025-12-09,Quezon City,RON 95,PHOENIX,57.39,67.35,reported
2025-12-09,Quezon City,RON 95,SHELL,68.1,68.75,reported
2025-12-09,Quezon City,RON 95,UNIOIL,59.8,61.0,reported
2025-12-09,Quezon City,RON 97,SEAOIL,55.6,58.2,reported
2025-12-09,Quezon City,RON 97,SHELL,71.1,71.39,reported
2025-12-09,Quezon City,RON 97,UNIOIL,66.3,66.3,reported
2025-12-09,Taguig Cty,DIESEL,CALTEX,54.4,61.29,reported
2025-12-09,Taguig Cty,DIESEL,FLYING,53.67,54.4,reported
2025-12-09,Taguig Cty,DIESEL,INDEPENDENT,53.67,57.99,reported
2025-12-09,Taguig Cty,DIESEL,PETRON,53.8,54.8,reported
2025-12-09,Taguig Cty,DIESEL,SEAOIL,54.6,54.6,reported
2025-12-09,Taguig Cty,DIESEL,SHELL,58.99,61.29,reported
2025-12-09,Taguig Cty,DIESEL PLUS,CALTEX,67.63,67.63,reported
2025-12-09,Taguig Cty,DIESEL PLUS,PETRON,57.01,57.8,reported
2025-12-09,Taguig Cty,DIESEL PLUS,SHELL,67.49,68.39,reported
2025-12-09,Taguig Cty,KEROSENE,CALTEX,86.0,94.09,reported
2025-12-09,Taguig Cty,RON 100,PETRON,67.08,67.88,reported
2025-12-09,Taguig Cty,RON 91,CALTEX,56.9,64.15,reported
2025-12-09,Taguig Cty,RON 91,FLYING,55.54,56.9,reported
2025-12-09,Taguig Cty,RON 91,INDEPENDENT,55.54,59.49,reported
2025-12-09,Taguig Cty,RON 91,PETRON,55.7,57.3,reported
2025-12-09,Taguig Cty,RON 91,PHOENIX,,,no_report
2025-12-09,Taguig Cty,RON 91,SEAOIL,57.0,57.0,reported
2025-12-09,Taguig Cty,RON 91,SHELL,60.01,64.19,reported
2025-12-09,Taguig Cty,RON 91,TOTAL,,,no_report
2025-12-09,Taguig Cty,RON 91,UNIOIL,,,no_report
2025-12-09,Taguig Cty,RON 95,CALTEX,57.4,70.95,reported
2025-12-09,Taguig Cty,RON 95,FLYING,56.78,57.4,reported
2025-12-09,Taguig Cty,RON 95,INDEPENDENT,56.78,59.99,reported
2025-12-09,Taguig Cty,RON 95,PETRON,57.0,58.8,reported
2025-12-09,Taguig Cty,RON 95,SHELL,68.8,71.05,reported
2025-12-09,Taguig Cty,RON 97,SEAOIL,58.0,58.0,reported
2025-12-09,Taguig Cty,RON 97,SHELL,74.05,74.58,reported
2025-12-16,Caloocan City,DIESEL,CALTEX,56.9,56.9,reported
2025-12-16,Caloocan City,DIESEL,FLYING,50.69,53.3,reported
2025-12-16,Caloocan City,DIESEL,INDEPENDENT,49.3,55.15,reported
2025-12-16,Caloocan City,DIESEL,PETRON,53.6,57.75,reported
2025-12-16,Caloocan City,DIESEL,SEAOIL,50.8,52.0,reported
2025-12-16,Caloocan City,DIESEL,SHELL,56.75,58.2,reported
2025-12-16,Caloocan City,DIESEL,UNIOIL,54.99,54.99,reported
2025-12-16,Caloocan City,DIESEL PLUS,PETRON,63.55,63.55,reported
2025-12-16,Caloocan City,DIESEL PLUS,SHELL,65.5,68.6,reported
2025-12-16,Caloocan City,KEROSENE,PETRON,78.44,80.02,reported
2025-12-16,Caloocan City,RON 91,CALTEX,61.1,61.1,reported
2025-12-16,Caloocan City,RON 91,FLYING,52.4,54.2,reported
2025-12-16,Caloocan City,RON 91,INDEPENDENT,51.0,58.1,reported
2025-12-16,Caloocan City,RON 91,PETRON,55.8,60.3,reported
2025-12-16,Caloocan City,RON 91,SEAOIL,52.35,55.0,reported
2025-12-16,Caloocan City,RON 91,SHELL,59.15,62.44,reported
2025-12-16,Caloocan City,RON 91,UNIOIL,57.99,57.99,reported
2025-12-16,Caloocan City,RON 95,CALTEX,67.68,67.68,reported
2025-12-16,Caloocan City,RON 95,FLYING,53.1,55.2,reported
2025-12-16,Caloocan City,RON 95,INDEPENDENT,51.75,59.6,reported
2025-12-16,Caloocan City,RON 95,PETRON,56.9,61.8,reported
2025-12-16,Caloocan City,RON 95,SHELL,67.0,70.0,reported
2025-12-16,Caloocan City,RON 95,UNIOIL,61.3,61.3,reported
2025-12-16,Caloocan City,RON 97,SEAOIL,53.35,56.1,reported
2025-12-16,Caloocan City,RON 97,SHELL,72.92,73.0,reported
2025-12-16,Makati City,DIESEL,CALTEX,54.72,59.65,reported
2025-12-16,Makati City,DIESEL,INDEPENDENT,53.5,53.5,reported
2025-12-16,Makati City,DIESEL,PETRON,54.3,54.7,reported
2025-12-16,Makati City,DIESEL,PHOENIX,54.3,54.3,reported
2025-12-16,Makati City,DIESEL,SHELL,57.0,57.4,reported
2025-12-16,Makati City,DIESEL,UNIOIL,54.8,55.5,reported
2025-12-16,Makati City,DIESEL PLUS,CALTEX,59.45,69.39,reported
2025-12-16,Makati City,DIESEL PLUS,PETRON,57.3,57.7,reported
2025-12-16,Makati City,DIESEL PLUS,SHELL,65.81,67.0,reported
2025-12-16,Makati City,RON 100,PETRON,67.25,68.66,reported
2025-12-16,Makati City,RON 91,CALTEX,57.7,64.65,reported
2025-12-16,Makati City,RON 91,FLYING,,,no_report
2025-12-16,Makati City,RON 91,INDEPENDENT,55.5,55.5,reported
2025-12-16,Makati City,RON 91,PETRON,55.89,57.7,reported
2025-12-16,Makati City,RON 91,PHOENIX,57.7,57.7,reported
2025-12-16,Makati City,RON 91,SHELL,59.64,60.09,reported
2025-12-16,Makati City,RON 91,TOTAL,,,no_report
2025-12-16,Makati City,RON 91,UNIOIL,58.1,58.7,reported
2025-12-16,Makati City,RON 95,CALTEX,59.2,73.25,reported
2025-12-16,Makati City,RON 95,INDEPENDENT,57.0,57.0,reported
2025-12-16,Makati City,RON 95,PETRON,57.2,59.2,reported
2025-12-16,Makati City,RON 95,PHOENIX,59.2,59.2,reported
2025-12-16,Makati City,RON 95,SHELL,69.5,69.9,reported
2025-12-16,Makati City,RON 95,UNIOIL,59.4,61.2,reported
2025-12-16,Makati City,RON 97,PHOENIX,71.5,71.5,reported
2025-12-16,Makati City,RON 97,SHELL,69.59,72.3,reported
2025-12-16,Makati City,RON 97,UNIOIL,68.4,68.4,reported
2025-12-16,Manila City,DIESEL,CALTEX,57.9,58.1,reported
2025-12-16,Manila City,DIESEL,FLYING,51.98,53.5,reported
2025-12-16,Manila City,DIESEL,INDEPENDENT,51.79,53.2,reported
2025-12-16,Manila City,DIESEL,PETRON,54.4,59.1,reported
2025-12-16,Manila City,DIESEL,SEAOIL,52.8,54.4,reported
2025-12-16,Manila City,DIESEL,SHELL,56.6,58.5,reported
2025-12-16,Manila City,DIESEL,TOTAL,53.7,61.15,reported
2025-12-16,Manila City,DIESEL PLUS,INDEPENDENT,55.2,55.2,reported
2025-12-16,Manila City,DIESEL PLUS,PETRON,56.1,58.7,reported
2025-12-16,Manila City,DIESEL PLUS,SHELL,66.1,67.5,reported
2025-12-16,Manila City,DIESEL PLUS,TOTAL,55.7,55.7,reported
2025-12-16,Manila City,KEROSENE,INDEPENDENT,74.9,74.9,reported
2025-12-16,Manila City,KEROSENE,PETRON,79.21,79.47,reported
2025-12-16,Manila City,RON 100,PETRON,69.34,71.94,reported
2025-12-16,Manila City,RON 91,CALTEX,59.99,62.24,reported
2025-12-16,Manila City,RON 91,FLYING,53.7,56.4,reported
2025-12-16,Manila City,RON 91,INDEPENDENT,53.79,56.0,reported
2025-12-16,Manila City,RON 91,PETRON,56.5,60.2,reported
2025-12-16,Manila City,RON 91,SEAOIL,53.7,57.62,reported
2025-12-16,Manila City,RON 91,SHELL,58.39,61.81,reported
2025-12-16,Manila City,RON 91,TOTAL,56.7,64.79,reported
2025-12-16,Manila City,RON 95,CALTEX,65.8,66.1,reported
2025-12-16,Manila City,RON 95,FLYING,56.37,57.8,reported
2025-12-16,Manila City,RON 95,INDEPENDENT,55.37,58.5,reported
2025-12-16,Manila City,RON 95,PETRON,57.5,61.7,reported
2025-12-16,Manila City,RON 95,SHELL,68.89,70.64,reported
2025-12-16,Manila City,RON 95,TOTAL,58.7,73.29,reported
2025-12-16,Manila City,RON 97,SEAOIL,56.6,59.1,reported
2025-12-16,Manila City,RON 97,SHELL,70.6,72.64,reported
2025-12-16,Muntinlupa City,DIESEL,CALTEX,59.5,59.57,reported
2025-12-16,Muntinlupa City,DIESEL,FLYING,53.7,53.7,reported
2025-12-16,Muntinlupa City,DIESEL,PETRON,56.0,59.64,reported
2025-12-16,Muntinlupa City,DIESEL,PHOENIX,56.7,59.15,reported
2025-12-16,Muntinlupa City,DIESEL,SEAOIL,56.0,58.5,reported
2025-12-16,Muntinlupa City,DIESEL,SHELL,58.2,62.15,reported
2025-12-16,Muntinlupa City,DIESEL,TOTAL,59.65,61.21,reported
2025-12-16,Muntinlupa City,DIESEL,UNIOIL,53.9,57.7,reported
2025-12-16,Muntinlupa City,DIESEL PLUS,PETRON,59.0,62.64,reported
2025-12-16,Muntinlupa City,DIESEL PLUS,SHELL,64.71,70.65,reported
2025-12-16,Muntinlupa City,DIESEL PLUS,TOTAL,62.65,62.65,reported
2025-12-16,Muntinlupa City,KEROSENE,CALTEX,79.04,79.04,reported
2025-12-16,Muntinlupa City,RON 100,PETRON,68.48,71.14,reported
2025-12-16,Muntinlupa City,RON 91,CALTEX,61.5,62.42,reported
2025-12-16,Muntinlupa City,RON 91,FLYING,52.4,52.4,reported
2025-12-16,Muntinlupa City,RON 91,PETRON,57.6,60.2,reported
2025-12-16,Muntinlupa City,RON 91,PHOENIX,58.9,59.7,reported
2025-12-16,Muntinlupa City,RON 91,PTT,,,no_report
2025-12-16,Muntinlupa City,RON 91,SEAOIL,57.6,66.5,reported
2025-12-16,Muntinlupa City,RON 91,SHELL,59.59,62.19,reported
2025-12-16,Muntinlupa City,RON 91,TOTAL,60.2,64.59,reported
2025-12-16,Muntinlupa City,RON 91,UNIOIL,59.59,59.59,reported
2025-12-16,Muntinlupa City,RON 95,CALTEX,65.56,66.6,reported
2025-12-16,Muntinlupa City,RON 95,FLYING,53.85,53.85,reported
2025-12-16,Muntinlupa City,RON 95,PETRON,59.05,61.7,reported
2025-12-16,Muntinlupa City,RON 95,PHOENIX,60.4,61.2,reported
2025-12-16,Muntinlupa City,RON 95,SHELL,68.44,71.6,reported
2025-12-16,Muntinlupa City,RON 95,TOTAL,61.8,68.35,reported
2025-12-16,Muntinlupa City,RON 95,UNIOIL,61.99,62.4,reported
2025-12-16,Muntinlupa City,RON 97,SEAOIL,59.55,66.32,reported
2025-12-16,Muntinlupa City,RON 97,SHELL,71.44,74.6,reported
2025-12-16,Parañaque City,DIESEL,CALTEX,58.1,59.4,reported
2025-12-16,Parañaque City,DIESEL,FLYING,54.1,54.1,reported
2025-12-16,Parañaque City,DIESEL,INDEPENDENT,55.6,57.9,reported
2025-12-16,Parañaque City,DIESEL,PETRON,54.3,59.15,reported
2025-12-16,Parañaque City,DIESEL,SEAOIL,56.1,56.95,reported
2025-12-16,Parañaque City,DIESEL,SHELL,56.49,62.15,reported
2025-12-16,Parañaque City,DIESEL,TOTAL,62.2,62.2,reported
2025-12-16,Parañaque City,DIESEL,UNIOIL,57.1,57.75,reported
2025-12-16,Parañaque City,DIESEL PLUS,CALTEX,60.1,61.41,reported
2025-12-16,Parañaque City,DIESEL PLUS,PETRON,57.3,62.15,reported
2025-12-16,Parañaque City,DIESEL PLUS,SHELL,65.49,70.65,reported
2025-12-16,Parañaque City,DIESEL PLUS,TOTAL,72.5,72.5,reported
2025-12-16,Parañaque City,KEROSENE,INDEPENDENT,73.2,73.2,reported
2025-12-16,Parañaque City,RON 100,PETRON,67.25,70.3,reported
2025-12-16,Parañaque City,RON 91,CALTEX,61.4,63.0,reported
2025-12-16,Parañaque City,RON 91,FLYING,56.4,56.4,reported
2025-12-16,Parañaque City,RON 91,INDEPENDENT,57.9,58.45,reported
2025-12-16,Parañaque City,RON 91,PETRON,55.91,58.4,reported
2025-12-16,Parañaque City,RON 91,PTT,,,no_report
2025-12-16,Parañaque City,RON 91,SEAOIL,57.2,57.7,reported
2025-12-16,Parañaque City,RON 91,SHELL,58.94,62.09,reported
2025-12-16,Parañaque City,RON 91,TOTAL,63.3,63.3,reported
2025-12-16,Parañaque City,RON 91,UNIOIL,59.4,60.55,reported
2025-12-16,Parañaque City,RON 95,CALTEX,63.91,65.29,reported
2025-12-16,Parañaque City,RON 95,FLYING,57.9,57.9,reported
2025-12-16,Parañaque City,RON 95,INDEPENDENT,59.4,60.25,reported
2025-12-16,Parañaque City,RON 95,PETRON,57.2,59.91,reported
2025-12-16,Parañaque City,RON 95,SHELL,67.63,71.0,reported
2025-12-16,Parañaque City,RON 95,TOTAL,64.3,64.3,reported
2025-12-16,Parañaque City,RON 95,UNIOIL,61.9,62.05,reported
2025-12-16,Parañaque City,RON 97,SEAOIL,58.2,58.75,reported
2025-12-16,Parañaque City,RON 97,SHELL,63.94,72.85,reported
2025-12-16,Parañaque City,RON 97,UNIOIL,70.6,70.6,reported
2025-12-16,Pasay City,DIESEL,CALTEX,59.85,61.0,reported
2025-12-16,Pasay City,DIESEL,INDEPENDENT,52.79,53.29,reported
2025-12-16,Pasay City,DIESEL,PETRON,53.3,57.55,reported
2025-12-16,Pasay City,DIESEL,PTT,53.5,57.55,reported
2025-12-16,Pasay City,DIESEL,SHELL,56.49,59.05,reported
2025-12-16,Pasay City,DIESEL,TOTAL,68.6,68.6,reported
2025-12-16,Pasay City,DIESEL PLUS,CALTEX,61.85,61.85,reported
2025-12-16,Pasay City,DIESEL PLUS,PETRON,60.55,60.55,reported
2025-12-16,Pasay City,DIESEL PLUS,PTT,58.55,58.55,reported
2025-12-16,Pasay City,DIESEL PLUS,SHELL,65.49,68.55,reported
2025-12-16,Pasay City,DIESEL PLUS,TOTAL,71.6,71.6,reported
2025-12-16,Pasay City,KEROSENE,CALTEX,90.3,90.3,reported
2025-12-16,Pasay City,KEROSENE,PETRON,80.16,80.16,reported
2025-12-16,Pasay City,RON 100,PETRON,67.44,72.41,reported
2025-12-16,Pasay City,RON 91,CALTEX,61.92,64.61,reported
2025-12-16,Pasay City,RON 91,FLYING,,,no_report
2025-12-16,Pasay City,RON 91,INDEPENDENT,54.5,55.14,reported
2025-12-16,Pasay City,RON 91,PETRON,55.9,60.55,reported
2025-12-16,Pasay City,RON 91,PTT,56.1,60.54,reported
2025-12-16,Pasay City,RON 91,SEAOIL,,,no_report
2025-12-16,Pasay City,RON 91,SHELL,59.88,64.05,reported
2025-12-16,Pasay City,RON 91,TOTAL,70.95,70.95,reported
2025-12-16,Pasay City,RON 95,CALTEX,65.41,72.8,reported
2025-12-16,Pasay City,RON 95,INDEPENDENT,54.8,56.0,reported
2025-12-16,Pasay City,RON 95,PETRON,57.4,62.05,reported
2025-12-16,Pasay City,RON 95,PTT,57.6,62.04,reported
2025-12-16,Pasay City,RON 95,SHELL,68.5,70.38,reported
2025-12-16,Pasay City,RON 95,TOTAL,72.45,72.45,reported
2025-12-16,Pasay City,RON 97,SHELL,71.4,73.88,reported
2025-12-16,Pasig City,DIESEL,CALTEX,57.59,62.2,reported
2025-12-16,Pasig City,DIESEL,FLYING,50.85,54.05,reported
2025-12-16,Pasig City,DIESEL,INDEPENDENT,50.85,56.9,reported
2025-12-16,Pasig City,DIESEL,PETRON,52.97,54.2,reported
2025-12-16,Pasig City,DIESEL,PHOENIX,51.85,57.6,reported
2025-12-16,Pasig City,DIESEL,SEAOIL,53.72,54.2,reported
2025-12-16,Pasig City,DIESEL,SHELL,57.4,59.2,reported
2025-12-16,Pasig City,DIESEL,TOTAL,56.81,56.81,reported
2025-12-16,Pasig City,DIESEL,UNIOIL,54.95,56.05,reported
2025-12-16,Pasig City,DIESEL PLUS,CALTEX,59.59,59.59,reported
2025-12-16,Pasig City,DIESEL PLUS,PETRON,55.2,56.95,reported
2025-12-16,Pasig City,DIESEL PLUS,SHELL,65.95,67.9,reported
2025-12-16,Pasig City,KEROSENE,PETRON,79.73,79.73,reported
2025-12-16,Pasig City,RON 100,PETRON,66.84,67.98,reported
2025-12-16,Pasig City,RON 91,CALTEX,59.3,64.9,reported
2025-12-16,Pasig City,RON 91,FLYING,53.15,54.15,reported
2025-12-16,Pasig City,RON 91,INDEPENDENT,53.35,55.25,reported
2025-12-16,Pasig City,RON 91,PETRON,55.44,56.44,reported
2025-12-16,Pasig City,RON 91,PHOENIX,54.95,58.9,reported
2025-12-16,Pasig City,RON 91,SEAOIL,54.5,55.7,reported
2025-12-16,Pasig City,RON 91,SHELL,50.59,63.63,reported
2025-12-16,Pasig City,RON 91,TOTAL,57.5,57.5,reported
2025-12-16,Pasig City,RON 91,UNIOIL,57.45,58.55,reported
2025-12-16,Pasig City,RON 95,CALTEX,62.82,71.92,reported
2025-12-16,Pasig City,RON 95,FLYING,54.15,54.8,reported
2025-12-16,Pasig City,RON 95,INDEPENDENT,54.25,56.75,reported
2025-12-16,Pasig City,RON 95,PETRON,56.44,57.94,reported
2025-12-16,Pasig City,RON 95,PHOENIX,55.25,60.9,reported
2025-12-16,Pasig City,RON 95,SHELL,67.25,72.29,reported
2025-12-16,Pasig City,RON 95,UNIOIL,59.95,60.75,reported
2025-12-16,Pasig City,RON 97,SEAOIL,55.8,57.7,reported
2025-12-16,Pasig City,RON 97,SHELL,70.58,75.29,reported
2025-12-16,Pasig City,RON 97,UNIOIL,66.65,69.0,reported
2025-12-16,Quezon City,DIESEL,CALTEX,56.65,60.7,reported
2025-12-16,Quezon City,DIESEL,FLYING,50.0,51.45,reported
2025-12-16,Quezon City,DIESEL,INDEPENDENT,49.07,49.99,reported
2025-12-16,Quezon City,DIESEL,PETRON,52.97,54.7,reported
2025-12-16,Quezon City,DIESEL,PHOENIX,51.2,59.6,reported
2025-12-16,Quezon City,DIESEL,SEAOIL,52.1,54.8,reported
2025-12-16,Quezon City,DIESEL,SHELL,57.79,58.05,reported
2025-12-16,Quezon City,DIESEL,UNIOIL,54.45,54.6,reported
2025-12-16,Quezon City,DIESEL PLUS,CALTEX,58.35,58.35,reported
2025-12-16,Quezon City,DIESEL PLUS,PETRON,55.97,57.7,reported
2025-12-16,Quezon City,DIESEL PLUS,SHELL,66.4,68.0,reported
2025-12-16,Quezon City,KEROSENE,PETRON,79.64,81.22,reported
2025-12-16,Quezon City,RON 100,PETRON,65.04,68.74,reported
2025-12-16,Quezon City,RON 91,CALTEX,59.55,63.8,reported
2025-12-16,Quezon City,RON 91,FLYING,52.3,53.95,reported
2025-12-16,Quezon City,RON 91,INDEPENDENT,51.4,52.1,reported
2025-12-16,Quezon City,RON 91,PETRON,55.44,57.51,reported
2025-12-16,Quezon City,RON 91,PHOENIX,55.0,62.35,reported
2025-12-16,Quezon City,RON 91,SEAOIL,54.18,57.25,reported
2025-12-16,Quezon City,RON 91,SHELL,60.28,61.35,reported
2025-12-16,Quezon City,RON 91,UNIOIL,56.19,56.94,reported
2025-12-16,Quezon City,RON 95,CALTEX,64.2,69.3,reported
2025-12-16,Quezon City,RON 95,FLYING,52.8,54.95,reported
2025-12-16,Quezon City,RON 95,INDEPENDENT,52.1,53.3,reported
2025-12-16,Quezon City,RON 95,PETRON,56.44,59.01,reported
2025-12-16,Quezon City,RON 95,PHOENIX,56.3,64.5,reported
2025-12-16,Quezon City,RON 95,SHELL,68.3,68.95,reported
2025-12-16,Quezon City,RON 95,UNIOIL,59.2,59.44,reported
2025-12-16,Quezon City,RON 97,SEAOIL,55.58,58.4,reported
2025-12-16,Quezon City,RON 97,SHELL,71.3,71.59,reported
2025-12-16,Quezon City,RON 97,UNIOIL,66.5,67.65,reported
2025-12-16,Taguig Cty,DIESEL,CALTEX,53.5,59.95,reported
2025-12-16,Taguig Cty,DIESEL,FLYING,53.3,53.75,reported
2025-12-16,Taguig Cty,DIESEL,INDEPENDENT,53.3,57.99,reported
2025-12-16,Taguig Cty,DIESEL,PETRON,53.6,54.6,reported
2025-12-16,Taguig Cty,DIESEL,SEAOIL,52.7,52.7,reported
2025-12-16,Taguig Cty,DIESEL,SHELL,57.1,57.8,reported
2025-12-16,Taguig Cty,DIESEL PLUS,CALTEX,67.43,67.43,reported
2025-12-16,Taguig Cty,DIESEL PLUS,PETRON,54.6,57.6,reported
2025-12-16,Taguig Cty,DIESEL PLUS,SHELL,65.8,67.9,reported
2025-12-16,Taguig Cty,KEROSENE,CALTEX,86.0,93.89,reported
2025-12-16,Taguig Cty,RON 100,PETRON,66.98,68.08,reported
2025-12-16,Taguig Cty,RON 91,CALTEX,55.7,62.95,reported
2025-12-16,Taguig Cty,RON 91,FLYING,55.4,55.7,reported
2025-12-16,Taguig Cty,RON 91,INDEPENDENT,55.4,59.49,reported
2025-12-16,Taguig Cty,RON 91,PETRON,55.9,57.5,reported
2025-12-16,Taguig Cty,RON 91,PHOENIX,,,no_report
2025-12-16,Taguig Cty,RON 91,SEAOIL,54.4,54.4,reported
2025-12-16,Taguig Cty,RON 91,SHELL,57.89,60.09,reported
2025-12-16,Taguig Cty,RON 91,TOTAL,,,no_report
2025-12-16,Taguig Cty,RON 91,UNIOIL,,,no_report
2025-12-16,Taguig Cty,RON 95,CALTEX,56.3,70.8,reported
2025-12-16,Taguig Cty,RON 95,FLYING,56.3,56.7,reported
2025-12-16,Taguig Cty,RON 95,INDEPENDENT,56.7,59.99,reported
2025-12-16,Taguig Cty,RON 95,PETRON,57.2,58.99,reported
2025-12-16,Taguig Cty,RON 95,SHELL,67.1,70.38,reported
2025-12-16,Taguig Cty,RON 97,SEAOIL,54.9,54.9,reported
2025-12-16,Taguig Cty,RON 97,SHELL,71.0,73.49,reported
2025-12-23,Caloocan City,DIESEL,CALTEX,57.7,57.7,reported
2025-12-23,Caloocan City,DIESEL,FLYING,48.5,52.0,reported
2025-12-23,Caloocan City,DIESEL,INDEPENDENT,48.5,52.85,reported
2025-12-23,Caloocan City,DIESEL,PETRON,52.3,56.55,reported
2025-12-23,Caloocan City,DIESEL,SEAOIL,48.7,50.7,reported
2025-12-23,Caloocan City,DIESEL,SHELL,54.0,54.75,reported
2025-12-23,Caloocan City,DIESEL,UNIOIL,53.55,53.55,reported
2025-12-23,Caloocan City,DIESEL PLUS,PETRON,62.45,62.45,reported
2025-12-23,Caloocan City,DIESEL PLUS,SHELL,63.95,64.7,reported
2025-12-23,Caloocan City,KEROSENE,PETRON,76.84,78.42,reported
2025-12-23,Caloocan City,RON 91,CALTEX,59.75,59.75,reported
2025-12-23,Caloocan City,RON 91,FLYING,50.5,53.2,reported
2025-12-23,Caloocan City,RON 91,INDEPENDENT,51.0,55.8,reported
2025-12-23,Caloocan City,RON 91,PETRON,53.7,59.3,reported
2025-12-23,Caloocan City,RON 91,SEAOIL,51.2,54.2,reported
2025-12-23,Caloocan City,RON 91,SHELL,56.15,60.3,reported
2025-12-23,Caloocan City,RON 91,UNIOIL,55.99,55.99,reported
2025-12-23,Caloocan City,RON 95,CALTEX,66.98,66.98,reported
2025-12-23,Caloocan City,RON 95,FLYING,51.2,54.2,reported
2025-12-23,Caloocan City,RON 95,INDEPENDENT,51.75,57.3,reported
2025-12-23,Caloocan City,RON 95,PETRON,54.9,60.8,reported
2025-12-23,Caloocan City,RON 95,SHELL,65.45,68.13,reported
2025-12-23,Caloocan City,RON 95,UNIOIL,58.6,58.6,reported
2025-12-23,Caloocan City,RON 97,SEAOIL,52.25,55.3,reported
2025-12-23,Caloocan City,RON 97,SHELL,71.13,71.54,reported
2025-12-23,Makati City,DIESEL,CALTEX,53.92,58.35,reported
2025-12-23,Makati City,DIESEL,PETRON,52.5,53.0,reported
2025-12-23,Makati City,DIESEL,PHOENIX,53.0,53.0,reported
2025-12-23,Makati City,DIESEL,SHELL,55.7,56.01,reported
2025-12-23,Makati City,DIESEL,UNIOIL,53.0,53.5,reported
2025-12-23,Makati City,DIESEL PLUS,CALTEX,58.15,68.09,reported
2025-12-23,Makati City,DIESEL PLUS,PETRON,55.5,56.0,reported
2025-12-23,Makati City,DIESEL PLUS,SHELL,64.2,64.51,reported
2025-12-23,Makati City,RON 100,PETRON,66.45,67.62,reported
2025-12-23,Makati City,RON 91,CALTEX,56.9,63.85,reported
2025-12-23,Makati City,RON 91,FLYING,,,no_report
2025-12-23,Makati City,RON 91,PETRON,55.09,56.9,reported
2025-12-23,Makati City,RON 91,PHOENIX,56.9,56.9,reported
2025-12-23,Makati City,RON 91,SHELL,58.89,59.29,reported
2025-12-23,Makati City,RON 91,TOTAL,,,no_report
2025-12-23,Makati City,RON 91,UNIOIL,55.1,57.9,reported
2025-12-23,Makati City,RON 95,CALTEX,58.4,72.45,reported
2025-12-23,Makati City,RON 95,PETRON,56.4,58.4,reported
2025-12-23,Makati City,RON 95,PHOENIX,58.4,58.4,reported
2025-12-23,Makati City,RON 95,SHELL,65.28,69.1,reported
2025-12-23,Makati City,RON 95,UNIOIL,56.4,60.4,reported
2025-12-23,Makati City,RON 97,PHOENIX,70.7,70.7,reported
2025-12-23,Makati City,RON 97,SHELL,66.99,71.1,reported
2025-12-23,Makati City,RON 97,UNIOIL,67.6,67.6,reported
2025-12-23,Manila City,DIESEL,CALTEX,55.8,56.6,reported
2025-12-23,Manila City,DIESEL,FLYING,50.67,51.4,reported
2025-12-23,Manila City,DIESEL,INDEPENDENT,50.65,52.2,reported
2025-12-23,Manila City,DIESEL,PETRON,52.9,54.8,reported
2025-12-23,Manila City,DIESEL,SEAOIL,51.5,53.1,reported
2025-12-23,Manila City,DIESEL,SHELL,54.88,56.3,reported
2025-12-23,Manila City,DIESEL,TOTAL,53.7,59.85,reported
2025-12-23,Manila City,DIESEL PLUS,INDEPENDENT,54.0,54.0,reported
2025-12-23,Manila City,DIESEL PLUS,PETRON,55.9,57.8,reported
2025-12-23,Manila City,DIESEL PLUS,SHELL,63.8,65.9,reported
2025-12-23,Manila City,DIESEL PLUS,TOTAL,55.7,55.7,reported
2025-12-23,Manila City,KEROSENE,INDEPENDENT,73.6,73.6,reported
2025-12-23,Manila City,KEROSENE,PETRON,77.61,77.87,reported
2025-12-23,Manila City,RON 100,PETRON,67.79,71.14,reported
2025-12-23,Manila City,RON 91,CALTEX,58.99,60.61,reported
2025-12-23,Manila City,RON 91,FLYING,52.7,54.5,reported
2025-12-23,Manila City,RON 91,INDEPENDENT,53.79,55.2,reported
2025-12-23,Manila City,RON 91,PETRON,55.7,59.4,reported
2025-12-23,Manila City,RON 91,SEAOIL,52.9,56.82,reported
2025-12-23,Manila City,RON 91,SHELL,57.59,59.68,reported
2025-12-23,Manila City,RON 91,TOTAL,56.77,63.99,reported
2025-12-23,Manila City,RON 95,CALTEX,65.0,65.3,reported
2025-12-23,Manila City,RON 95,FLYING,54.77,55.9,reported
2025-12-23,Manila City,RON 95,INDEPENDENT,55.15,57.5,reported
2025-12-23,Manila City,RON 95,PETRON,56.7,60.9,reported
2025-12-23,Manila City,RON 95,SHELL,64.68,69.2,reported
2025-12-23,Manila City,RON 95,TOTAL,58.7,72.49,reported
2025-12-23,Manila City,RON 97,SEAOIL,55.8,59.9,reported
2025-12-23,Manila City,RON 97,SHELL,68.6,70.91,reported
2025-12-23,Muntinlupa City,DIESEL,CALTEX,58.2,58.27,reported
2025-12-23,Muntinlupa City,DIESEL,FLYING,51.9,51.9,reported
2025-12-23,Muntinlupa City,DIESEL,PETRON,53.4,55.51,reported
2025-12-23,Muntinlupa City,DIESEL,PHOENIX,55.4,57.85,reported
2025-12-23,Muntinlupa City,DIESEL,SEAOIL,54.7,57.2,reported
2025-12-23,Muntinlupa City,DIESEL,SHELL,56.69,60.84,reported
2025-12-23,Muntinlupa City,DIESEL,TOTAL,58.35,58.35,reported
2025-12-23,Muntinlupa City,DIESEL,UNIOIL,52.6,56.4,reported
2025-12-23,Muntinlupa City,DIESEL PLUS,PETRON,56.4,58.51,reported
2025-12-23,Muntinlupa City,DIESEL PLUS,SHELL,63.41,69.35,reported
2025-12-23,Muntinlupa City,DIESEL PLUS,TOTAL,61.37,61.37,reported
2025-12-23,Muntinlupa City,KEROSENE,CALTEX,77.44,77.44,reported
2025-12-23,Muntinlupa City,RON 100,PETRON,65.47,70.34,reported
2025-12-23,Muntinlupa City,RON 91,CALTEX,60.7,61.62,reported
2025-12-23,Muntinlupa City,RON 91,FLYING,51.4,51.4,reported
2025-12-23,Muntinlupa City,RON 91,PETRON,53.9,58.45,reported
2025-12-23,Muntinlupa City,RON 91,PHOENIX,58.1,58.9,reported
2025-12-23,Muntinlupa City,RON 91,PTT,,,no_report
2025-12-23,Muntinlupa City,RON 91,SEAOIL,56.88,65.7,reported
2025-12-23,Muntinlupa City,RON 91,SHELL,58.79,61.39,reported
2025-12-23,Muntinlupa City,RON 91,TOTAL,59.4,59.4,reported
2025-12-23,Muntinlupa City,RON 91,UNIOIL,58.79,58.79,reported
2025-12-23,Muntinlupa City,RON 95,CALTEX,64.76,65.8,reported
2025-12-23,Muntinlupa City,RON 95,FLYING,52.85,52.85,reported
2025-12-23,Muntinlupa City,RON 95,PETRON,55.5,59.65,reported
2025-12-23,Muntinlupa City,RON 95,PHOENIX,59.6,60.4,reported
2025-12-23,Muntinlupa City,RON 95,SHELL,67.64,70.8,reported
2025-12-23,Muntinlupa City,RON 95,TOTAL,61.0,61.0,reported
2025-12-23,Muntinlupa City,RON 95,UNIOIL,61.19,61.6,reported
2025-12-23,Muntinlupa City,RON 97,SEAOIL,58.75,66.52,reported
2025-12-23,Muntinlupa City,RON 97,SHELL,70.64,73.8,reported
2025-12-23,Parañaque City,DIESEL,CALTEX,56.8,58.1,reported
2025-12-23,Parañaque City,DIESEL,FLYING,52.79,52.8,reported
2025-12-23,Parañaque City,DIESEL,INDEPENDENT,53.8,56.6,reported
2025-12-23,Parañaque City,DIESEL,PETRON,54.8,57.85,reported
2025-12-23,Parañaque City,DIESEL,SEAOIL,54.8,55.65,reported
2025-12-23,Parañaque City,DIESEL,SHELL,55.19,62.15,reported
2025-12-23,Parañaque City,DIESEL,TOTAL,60.9,60.9,reported
2025-12-23,Parañaque City,DIESEL,UNIOIL,55.8,56.45,reported
2025-12-23,Parañaque City,DIESEL PLUS,CALTEX,58.8,60.11,reported
2025-12-23,Parañaque City,DIESEL PLUS,PETRON,57.8,60.85,reported
2025-12-23,Parañaque City,DIESEL PLUS,SHELL,63.69,70.65,reported
2025-12-23,Parañaque City,DIESEL PLUS,TOTAL,71.3,71.3,reported
2025-12-23,Parañaque City,KEROSENE,INDEPENDENT,71.6,71.6,reported
2025-12-23,Parañaque City,RON 100,PETRON,68.04,69.51,reported
2025-12-23,Parañaque City,RON 91,CALTEX,59.59,62.17,reported
2025-12-23,Parañaque City,RON 91,FLYING,55.6,55.6,reported
2025-12-23,Parañaque City,RON 91,INDEPENDENT,56.1,57.65,reported
2025-12-23,Parañaque City,RON 91,PETRON,56.15,57.6,reported
2025-12-23,Parañaque City,RON 91,PTT,,,no_report
2025-12-23,Parañaque City,RON 91,SEAOIL,56.9,57.0,reported
2025-12-23,Parañaque City,RON 91,SHELL,58.64,59.49,reported
2025-12-23,Parañaque City,RON 91,TOTAL,62.5,62.5,reported
2025-12-23,Parañaque City,RON 91,UNIOIL,58.5,59.75,reported
2025-12-23,Parañaque City,RON 95,CALTEX,63.11,64.49,reported
2025-12-23,Parañaque City,RON 95,FLYING,57.1,57.1,reported
2025-12-23,Parañaque City,RON 95,INDEPENDENT,57.6,59.45,reported
2025-12-23,Parañaque City,RON 95,PETRON,57.64,59.11,reported
2025-12-23,Parañaque City,RON 95,SHELL,66.83,68.9,reported
2025-12-23,Parañaque City,RON 95,TOTAL,63.5,63.5,reported
2025-12-23,Parañaque City,RON 95,UNIOIL,61.1,61.25,reported
2025-12-23,Parañaque City,RON 97,SEAOIL,57.95,58.0,reported
2025-12-23,Parañaque City,RON 97,SHELL,68.54,72.85,reported
2025-12-23,Parañaque City,RON 97,UNIOIL,69.8,69.8,reported
2025-12-23,Pasay City,DIESEL,CALTEX,58.38,59.7,reported
2025-12-23,Pasay City,DIESEL,INDEPENDENT,51.5,51.99,reported
2025-12-23,Pasay City,DIESEL,PETRON,51.99,56.25,reported
2025-12-23,Pasay City,DIESEL,PTT,53.5,56.25,reported
2025-12-23,Pasay City,DIESEL,SHELL,54.8,57.75,reported
2025-12-23,Pasay City,DIESEL,TOTAL,67.3,67.3,reported
2025-12-23,Pasay City,DIESEL PLUS,CALTEX,60.38,60.38,reported
2025-12-23,Pasay City,DIESEL PLUS,PETRON,59.25,59.25,reported
2025-12-23,Pasay City,DIESEL PLUS,PTT,57.25,57.25,reported
2025-12-23,Pasay City,DIESEL PLUS,SHELL,63.69,66.25,reported
2025-12-23,Pasay City,DIESEL PLUS,TOTAL,70.3,70.3,reported
2025-12-23,Pasay City,KEROSENE,CALTEX,88.7,88.7,reported
2025-12-23,Pasay City,KEROSENE,PETRON,78.56,78.56,reported
2025-12-23,Pasay City,RON 100,PETRON,66.64,71.61,reported
2025-12-23,Pasay City,RON 91,CALTEX,61.12,63.81,reported
2025-12-23,Pasay City,RON 91,FLYING,,,no_report
2025-12-23,Pasay City,RON 91,INDEPENDENT,53.7,54.34,reported
2025-12-23,Pasay City,RON 91,PETRON,55.1,59.75,reported
2025-12-23,Pasay City,RON 91,PTT,56.1,59.74,reported
2025-12-23,Pasay City,RON 91,SEAOIL,,,no_report
2025-12-23,Pasay City,RON 91,SHELL,58.64,61.74,reported
2025-12-23,Pasay City,RON 91,TOTAL,70.15,70.15,reported
2025-12-23,Pasay City,RON 95,CALTEX,64.61,72.0,reported
2025-12-23,Pasay City,RON 95,INDEPENDENT,54.0,55.2,reported
2025-12-23,Pasay City,RON 95,PETRON,56.6,61.25,reported
2025-12-23,Pasay City,RON 95,PTT,57.6,61.24,reported
2025-12-23,Pasay City,RON 95,SHELL,66.83,69.23,reported
2025-12-23,Pasay City,RON 95,TOTAL,71.65,71.65,reported
2025-12-23,Pasay City,RON 97,SHELL,70.6,73.08,reported
2025-12-23,Pasig City,DIESEL,CALTEX,56.49,60.9,reported
2025-12-23,Pasig City,DIESEL,FLYING,49.4,52.25,reported
2025-12-23,Pasig City,DIESEL,INDEPENDENT,52.75,54.35,reported
2025-12-23,Pasig City,DIESEL,PETRON,52.63,55.7,reported
2025-12-23,Pasig City,DIESEL,PHOENIX,51.85,56.3,reported
2025-12-23,Pasig City,DIESEL,SEAOIL,51.88,54.2,reported
2025-12-23,Pasig City,DIESEL,SHELL,54.1,57.9,reported
2025-12-23,Pasig City,DIESEL,TOTAL,55.51,55.51,reported
2025-12-23,Pasig City,DIESEL,UNIOIL,53.65,54.75,reported
2025-12-23,Pasig City,DIESEL PLUS,CALTEX,58.49,58.49,reported
2025-12-23,Pasig City,DIESEL PLUS,PETRON,55.63,58.7,reported
2025-12-23,Pasig City,DIESEL PLUS,SHELL,64.6,66.4,reported
2025-12-23,Pasig City,KEROSENE,PETRON,77.93,77.93,reported
2025-12-23,Pasig City,RON 100,PETRON,66.04,67.18,reported
2025-12-23,Pasig City,RON 91,CALTEX,57.99,64.1,reported
2025-12-23,Pasig City,RON 91,FLYING,51.55,52.9,reported
2025-12-23,Pasig City,RON 91,INDEPENDENT,52.55,54.35,reported
2025-12-23,Pasig City,RON 91,PETRON,55.05,55.76,reported
2025-12-23,Pasig City,RON 91,PHOENIX,54.75,58.1,reported
2025-12-23,Pasig City,RON 91,SEAOIL,53.1,54.9,reported
2025-12-23,Pasig City,RON 91,SHELL,57.04,62.83,reported
2025-12-23,Pasig City,RON 91,TOTAL,56.7,56.7,reported
2025-12-23,Pasig City,RON 91,UNIOIL,56.65,57.75,reported
2025-12-23,Pasig City,RON 95,CALTEX,66.78,71.12,reported
2025-12-23,Pasig City,RON 95,FLYING,52.55,53.3,reported
2025-12-23,Pasig City,RON 95,INDEPENDENT,53.55,55.35,reported
2025-12-23,Pasig City,RON 95,PETRON,56.25,57.14,reported
2025-12-23,Pasig City,RON 95,PHOENIX,55.25,60.1,reported
2025-12-23,Pasig City,RON 95,SHELL,66.43,71.49,reported
2025-12-23,Pasig City,RON 95,UNIOIL,59.15,59.95,reported
2025-12-23,Pasig City,RON 97,SEAOIL,54.4,56.9,reported
2025-12-23,Pasig City,RON 97,SHELL,69.43,74.49,reported
2025-12-23,Pasig City,RON 97,UNIOIL,65.85,68.2,reported
2025-12-23,Quezon City,DIESEL,CALTEX,55.35,59.4,reported
2025-12-23,Quezon City,DIESEL,FLYING,48.35,50.17,reported
2025-12-23,Quezon City,DIESEL,INDEPENDENT,48.3,49.07,reported
2025-12-23,Quezon City,DIESEL,PETRON,51.1,53.29,reported
2025-12-23,Quezon City,DIESEL,PHOENIX,49.9,58.3,reported
2025-12-23,Quezon City,DIESEL,SEAOIL,50.8,51.5,reported
2025-12-23,Quezon City,DIESEL,SHELL,55.45,56.75,reported
2025-12-23,Quezon City,DIESEL,UNIOIL,53.15,53.3,reported
2025-12-23,Quezon City,DIESEL PLUS,CALTEX,57.05,57.05,reported
2025-12-23,Quezon City,DIESEL PLUS,PETRON,54.1,56.29,reported
2025-12-23,Quezon City,DIESEL PLUS,SHELL,64.99,66.7,reported
2025-12-23,Quezon City,KEROSENE,PETRON,78.04,79.46,reported
2025-12-23,Quezon City,RON 100,PETRON,64.76,67.94,reported
2025-12-23,Quezon City,RON 91,CALTEX,58.75,63.0,reported
2025-12-23,Quezon City,RON 91,FLYING,51.3,53.15,reported
2025-12-23,Quezon City,RON 91,INDEPENDENT,50.4,51.95,reported
2025-12-23,Quezon City,RON 91,PETRON,53.19,56.4,reported
2025-12-23,Quezon City,RON 91,PHOENIX,53.0,61.55,reported
2025-12-23,Quezon City,RON 91,SEAOIL,53.17,54.8,reported
2025-12-23,Quezon City,RON 91,SHELL,59.35,60.55,reported
2025-12-23,Quezon City,RON 91,UNIOIL,55.39,56.14,reported
2025-12-23,Quezon City,RON 95,CALTEX,63.4,68.5,reported
2025-12-23,Quezon City,RON 95,FLYING,51.8,54.15,reported
2025-12-23,Quezon City,RON 95,INDEPENDENT,51.15,53.3,reported
2025-12-23,Quezon City,RON 95,PETRON,55.64,57.9,reported
2025-12-23,Quezon City,RON 95,PHOENIX,54.3,63.7,reported
2025-12-23,Quezon City,RON 95,SHELL,67.5,68.15,reported
2025-12-23,Quezon City,RON 95,UNIOIL,58.4,58.64,reported
2025-12-23,Quezon City,RON 97,SEAOIL,54.57,56.14,reported
2025-12-23,Quezon City,RON 97,SHELL,70.5,70.79,reported
2025-12-23,Quezon City,RON 97,UNIOIL,65.7,66.85,reported
2025-12-23,Taguig Cty,DIESEL,CALTEX,53.4,58.65,reported
2025-12-23,Taguig Cty,DIESEL,FLYING,50.75,52.1,reported
2025-12-23,Taguig Cty,DIESEL,INDEPENDENT,53.28,57.99,reported
2025-12-23,Taguig Cty,DIESEL,PETRON,52.3,53.3,reported
2025-12-23,Taguig Cty,DIESEL,SEAOIL,50.8,50.8,reported
2025-12-23,Taguig Cty,DIESEL,SHELL,53.92,57.3,reported
2025-12-23,Taguig Cty,DIESEL PLUS,CALTEX,66.13,66.13,reported
2025-12-23,Taguig Cty,DIESEL PLUS,PETRON,53.3,56.3,reported
2025-12-23,Taguig Cty,DIESEL PLUS,SHELL,62.42,65.8,reported
2025-12-23,Taguig Cty,KEROSENE,CALTEX,84.4,92.29,reported
2025-12-23,Taguig Cty,RON 100,PETRON,66.17,67.28,reported
2025-12-23,Taguig Cty,RON 91,CALTEX,55.0,62.15,reported
2025-12-23,Taguig Cty,RON 91,FLYING,53.6,54.2,reported
2025-12-23,Taguig Cty,RON 91,INDEPENDENT,56.68,59.49,reported
2025-12-23,Taguig Cty,RON 91,PETRON,55.1,56.7,reported
2025-12-23,Taguig Cty,RON 91,PHOENIX,,,no_report
2025-12-23,Taguig Cty,RON 91,SEAOIL,53.0,53.0,reported
2025-12-23,Taguig Cty,RON 91,SHELL,57.09,58.81,reported
2025-12-23,Taguig Cty,RON 91,TOTAL,,,no_report
2025-12-23,Taguig Cty,RON 91,UNIOIL,,,no_report
2025-12-23,Taguig Cty,RON 95,CALTEX,55.9,70.0,reported
2025-12-23,Taguig Cty,RON 95,FLYING,54.25,55.1,reported
2025-12-23,Taguig Cty,RON 95,INDEPENDENT,58.18,59.99,reported
2025-12-23,Taguig Cty,RON 95,PETRON,56.4,58.19,reported
2025-12-23,Taguig Cty,RON 95,SHELL,65.28,67.64,reported
2025-12-23,Taguig Cty,RON 97,SEAOIL,53.5,53.5,reported
2025-12-23,Taguig Cty,RON 97,SHELL,68.28,71.0,reported
2025-12-30,Caloocan City,DIESEL,CALTEX,56.0,56.0,reported
2025-12-30,Caloocan City,DIESEL,FLYING,48.9,51.3,reported
2025-12-30,Caloocan City,DIESEL,INDEPENDENT,48.5,53.45,reported
2025-12-30,Caloocan City,DIESEL,PETRON,51.75,57.25,reported
2025-12-30,Caloocan City,DIESEL,SEAOIL,48.37,50.37,reported
2025-12-30,Caloocan City,DIESEL,SHELL,54.27,54.8,reported
2025-12-30,Caloocan City,DIESEL,UNIOIL,53.85,53.85,reported
2025-12-30,Caloocan City,DIESEL PLUS,PETRON,62.45,62.45,reported
2025-12-30,Caloocan City,DIESEL PLUS,SHELL,63.2,64.95,reported
2025-12-30,Caloocan City,KEROSENE,PETRON,77.44,79.02,reported
2025-12-30,Caloocan City,RON 91,CALTEX,59.75,59.75,reported
2025-12-30,Caloocan City,RON 91,FLYING,50.15,51.8,reported
2025-12-30,Caloocan City,RON 91,INDEPENDENT,51.0,55.8,reported
2025-12-30,Caloocan City,RON 91,PETRON,53.31,59.3,reported
2025-12-30,Caloocan City,RON 91,SEAOIL,51.25,54.2,reported
2025-12-30,Caloocan City,RON 91,SHELL,56.15,60.3,reported
2025-12-30,Caloocan City,RON 91,UNIOIL,55.99,55.99,reported
2025-12-30,Caloocan City,RON 95,CALTEX,66.5,66.5,reported
2025-12-30,Caloocan City,RON 95,FLYING,51.15,52.8,reported
2025-12-30,Caloocan City,RON 95,INDEPENDENT,51.75,57.3,reported
2025-12-30,Caloocan City,RON 95,PETRON,54.3,60.8,reported
2025-12-30,Caloocan City,RON 95,SHELL,64.34,68.13,reported
2025-12-30,Caloocan City,RON 95,UNIOIL,56.6,56.6,reported
2025-12-30,Caloocan City,RON 97,SEAOIL,52.25,55.3,reported
2025-12-30,Caloocan City,RON 97,SHELL,70.55,71.13,reported
2025-12-30,Makati City,DIESEL,CALTEX,54.02,58.95,reported
2025-12-30,Makati City,DIESEL,PETRON,53.1,53.6,reported
2025-12-30,Makati City,DIESEL,PHOENIX,53.1,53.1,reported
2025-12-30,Makati City,DIESEL,SHELL,56.3,56.61,reported
2025-12-30,Makati City,DIESEL,UNIOIL,53.6,54.1,reported
2025-12-30,Makati City,DIESEL PLUS,CALTEX,58.45,68.69,reported
2025-12-30,Makati City,DIESEL PLUS,PETRON,56.1,56.6,reported
2025-12-30,Makati City,DIESEL PLUS,SHELL,64.8,65.11,reported
2025-12-30,Makati City,RON 100,PETRON,64.16,66.82,reported
2025-12-30,Makati City,RON 91,CALTEX,53.8,63.85,reported
2025-12-30,Makati City,RON 91,FLYING,,,no_report
2025-12-30,Makati City,RON 91,PETRON,53.1,55.25,reported
2025-12-30,Makati City,RON 91,PHOENIX,53.1,53.1,reported
2025-12-30,Makati City,RON 91,SHELL,58.89,59.29,reported
2025-12-30,Makati City,RON 91,TOTAL,,,no_report
2025-12-30,Makati City,RON 91,UNIOIL,55.1,57.9,reported
2025-12-30,Makati City,RON 95,CALTEX,58.4,72.45,reported
2025-12-30,Makati City,RON 95,PETRON,54.9,56.75,reported
2025-12-30,Makati City,RON 95,PHOENIX,54.9,54.9,reported
2025-12-30,Makati City,RON 95,SHELL,65.28,69.1,reported
2025-12-30,Makati City,RON 95,UNIOIL,56.4,60.4,reported
2025-12-30,Makati City,RON 97,PHOENIX,68.79,68.79,reported
2025-12-30,Makati City,RON 97,SHELL,66.99,71.1,reported
2025-12-30,Makati City,RON 97,UNIOIL,67.6,67.6,reported
2025-12-30,Manila City,DIESEL,CALTEX,55.9,56.7,reported
2025-12-30,Manila City,DIESEL,FLYING,51.26,52.0,reported
2025-12-30,Manila City,DIESEL,INDEPENDENT,50.19,51.3,reported
2025-12-30,Manila City,DIESEL,PETRON,52.2,54.6,reported
2025-12-30,Manila City,DIESEL,SEAOIL,52.1,53.7,reported
2025-12-30,Manila City,DIESEL,SHELL,54.9,56.9,reported
2025-12-30,Manila City,DIESEL,TOTAL,53.7,57.95,reported
2025-12-30,Manila City,DIESEL PLUS,INDEPENDENT,53.3,53.3,reported
2025-12-30,Manila City,DIESEL PLUS,PETRON,55.2,57.6,reported
2025-12-30,Manila City,DIESEL PLUS,SHELL,64.4,66.5,reported
2025-12-30,Manila City,DIESEL PLUS,TOTAL,55.7,55.7,reported
2025-12-30,Manila City,KEROSENE,INDEPENDENT,73.5,73.5,reported
2025-12-30,Manila City,KEROSENE,PETRON,78.21,78.47,reported
2025-12-30,Manila City,RON 100,PETRON,63.87,68.96,reported
2025-12-30,Manila City,RON 91,CALTEX,58.1,58.7,reported
2025-12-30,Manila City,RON 91,FLYING,52.6,54.5,reported
2025-12-30,Manila City,RON 91,INDEPENDENT,53.89,54.4,reported
2025-12-30,Manila City,RON 91,PETRON,52.3,56.4,reported
2025-12-30,Manila City,RON 91,SEAOIL,52.9,56.4,reported
2025-12-30,Manila City,RON 91,SHELL,57.59,59.08,reported
2025-12-30,Manila City,RON 91,TOTAL,56.7,63.99,reported
2025-12-30,Manila City,RON 95,CALTEX,63.19,63.49,reported
2025-12-30,Manila City,RON 95,FLYING,54.56,55.9,reported
2025-12-30,Manila City,RON 95,INDEPENDENT,55.15,56.5,reported
2025-12-30,Manila City,RON 95,PETRON,56.7,60.9,reported
2025-12-30,Manila City,RON 95,SHELL,64.68,69.2,reported
2025-12-30,Manila City,RON 95,TOTAL,58.7,72.49,reported
2025-12-30,Manila City,RON 97,SEAOIL,55.8,58.3,reported
2025-12-30,Manila City,RON 97,SHELL,68.6,70.91,reported
2025-12-30,Muntinlupa City,DIESEL,CALTEX,58.0,58.87,reported
2025-12-30,Muntinlupa City,DIESEL,FLYING,52.3,52.3,reported
2025-12-30,Muntinlupa City,DIESEL,PETRON,53.4,56.11,reported
2025-12-30,Muntinlupa City,DIESEL,PHOENIX,56.0,58.0,reported
2025-12-30,Muntinlupa City,DIESEL,SEAOIL,55.3,57.8,reported
2025-12-30,Muntinlupa City,DIESEL,SHELL,57.29,59.51,reported
2025-12-30,Muntinlupa City,DIESEL,TOTAL,60.65,60.65,reported
2025-12-30,Muntinlupa City,DIESEL,UNIOIL,56.2,57.0,reported
2025-12-30,Muntinlupa City,DIESEL PLUS,PETRON,56.4,59.11,reported
2025-12-30,Muntinlupa City,DIESEL PLUS,SHELL,64.01,69.94,reported
2025-12-30,Muntinlupa City,DIESEL PLUS,TOTAL,63.65,63.65,reported
2025-12-30,Muntinlupa City,KEROSENE,CALTEX,78.04,78.04,reported
2025-12-30,Muntinlupa City,RON 100,PETRON,65.47,70.34,reported
2025-12-30,Muntinlupa City,RON 91,CALTEX,59.81,60.12,reported
2025-12-30,Muntinlupa City,RON 91,FLYING,51.2,51.2,reported
2025-12-30,Muntinlupa City,RON 91,PETRON,53.9,58.45,reported
2025-12-30,Muntinlupa City,RON 91,PHOENIX,58.1,58.35,reported
2025-12-30,Muntinlupa City,RON 91,PTT,,,no_report
2025-12-30,Muntinlupa City,RON 91,SEAOIL,56.8,65.7,reported
2025-12-30,Muntinlupa City,RON 91,SHELL,56.39,61.39,reported
2025-12-30,Muntinlupa City,RON 91,TOTAL,59.6,59.6,reported
2025-12-30,Muntinlupa City,RON 91,UNIOIL,58.79,58.79,reported
2025-12-30,Muntinlupa City,RON 95,CALTEX,63.95,64.76,reported
2025-12-30,Muntinlupa City,RON 95,FLYING,52.6,52.6,reported
2025-12-30,Muntinlupa City,RON 95,PETRON,55.5,59.65,reported
2025-12-30,Muntinlupa City,RON 95,PHOENIX,59.55,59.6,reported
2025-12-30,Muntinlupa City,RON 95,SHELL,66.98,69.58,reported
2025-12-30,Muntinlupa City,RON 95,TOTAL,60.6,60.6,reported
2025-12-30,Muntinlupa City,RON 95,UNIOIL,61.19,61.6,reported
2025-12-30,Muntinlupa City,RON 97,SEAOIL,58.75,66.52,reported
2025-12-30,Muntinlupa City,RON 97,SHELL,69.98,72.58,reported
2025-12-30,Parañaque City,DIESEL,CALTEX,57.4,57.6,reported
2025-12-30,Parañaque City,DIESEL,FLYING,53.39,53.4,reported
2025-12-30,Parañaque City,DIESEL,INDEPENDENT,54.4,56.6,reported
2025-12-30,Parañaque City,DIESEL,PETRON,55.4,58.45,reported
2025-12-30,Parañaque City,DIESEL,SEAOIL,55.4,56.25,reported
2025-12-30,Parañaque City,DIESEL,SHELL,55.25,60.95,reported
2025-12-30,Parañaque City,DIESEL,TOTAL,61.5,61.5,reported
2025-12-30,Parañaque City,DIESEL,UNIOIL,56.25,56.4,reported
2025-12-30,Parañaque City,DIESEL PLUS,CALTEX,59.0,59.4,reported
2025-12-30,Parañaque City,DIESEL PLUS,PETRON,58.4,61.45,reported
2025-12-30,Parañaque City,DIESEL PLUS,SHELL,64.29,69.45,reported
2025-12-30,Parañaque City,DIESEL PLUS,TOTAL,71.9,71.9,reported
2025-12-30,Parañaque City,KEROSENE,INDEPENDENT,71.7,71.7,reported
2025-12-30,Parañaque City,RON 100,PETRON,68.04,69.51,reported
2025-12-30,Parañaque City,RON 91,CALTEX,59.59,60.6,reported
2025-12-30,Parañaque City,RON 91,FLYING,55.6,55.6,reported
2025-12-30,Parañaque City,RON 91,INDEPENDENT,56.1,57.15,reported
2025-12-30,Parañaque City,RON 91,PETRON,56.15,57.6,reported
2025-12-30,Parañaque City,RON 91,PTT,,,no_report
2025-12-30,Parañaque City,RON 91,SEAOIL,56.9,57.0,reported
2025-12-30,Parañaque City,RON 91,SHELL,58.14,61.24,reported
2025-12-30,Parañaque City,RON 91,TOTAL,62.5,62.5,reported
2025-12-30,Parañaque City,RON 91,UNIOIL,58.5,59.75,reported
2025-12-30,Parañaque City,RON 95,CALTEX,62.91,64.49,reported
2025-12-30,Parañaque City,RON 95,FLYING,57.1,57.11,reported
2025-12-30,Parañaque City,RON 95,INDEPENDENT,57.6,58.95,reported
2025-12-30,Parañaque City,RON 95,PETRON,57.64,59.11,reported
2025-12-30,Parañaque City,RON 95,SHELL,66.33,69.43,reported
2025-12-30,Parañaque City,RON 95,TOTAL,63.5,63.5,reported
2025-12-30,Parañaque City,RON 95,UNIOIL,61.1,61.25,reported
2025-12-30,Parañaque City,RON 97,SEAOIL,57.95,58.0,reported
2025-12-30,Parañaque City,RON 97,SHELL,68.54,69.88,reported
2025-12-30,Parañaque City,RON 97,UNIOIL,69.8,69.8,reported
2025-12-30,Pasay City,DIESEL,CALTEX,58.98,60.3,reported
2025-12-30,Pasay City,DIESEL,INDEPENDENT,51.5,52.59,reported
2025-12-30,Pasay City,DIESEL,PETRON,52.3,56.85,reported
2025-12-30,Pasay City,DIESEL,PTT,52.8,56.85,reported
2025-12-30,Pasay City,DIESEL,SHELL,54.49,58.35,reported
2025-12-30,Pasay City,DIESEL,TOTAL,67.9,67.9,reported
2025-12-30,Pasay City,DIESEL PLUS,CALTEX,60.98,60.98,reported
2025-12-30,Pasay City,DIESEL PLUS,PETRON,59.85,59.85,reported
2025-12-30,Pasay City,DIESEL PLUS,PTT,57.85,57.85,reported
2025-12-30,Pasay City,DIESEL PLUS,SHELL,64.0,66.85,reported
2025-12-30,Pasay City,DIESEL PLUS,TOTAL,70.9,70.9,reported
2025-12-30,Pasay City,KEROSENE,CALTEX,89.3,89.3,reported
2025-12-30,Pasay City,KEROSENE,PETRON,79.16,79.16,reported
2025-12-30,Pasay City,RON 100,PETRON,66.99,71.61,reported
2025-12-30,Pasay City,RON 91,CALTEX,61.12,63.81,reported
2025-12-30,Pasay City,RON 91,FLYING,,,no_report
2025-12-30,Pasay City,RON 91,INDEPENDENT,53.2,54.34,reported
2025-12-30,Pasay City,RON 91,PETRON,53.2,59.75,reported
2025-12-30,Pasay City,RON 91,PTT,55.3,59.74,reported
2025-12-30,Pasay City,RON 91,SEAOIL,,,no_report
2025-12-30,Pasay City,RON 91,SHELL,57.09,61.74,reported
2025-12-30,Pasay City,RON 91,TOTAL,70.15,70.15,reported
2025-12-30,Pasay City,RON 95,CALTEX,64.61,72.0,reported
2025-12-30,Pasay City,RON 95,INDEPENDENT,53.7,55.2,reported
2025-12-30,Pasay City,RON 95,PETRON,54.7,61.25,reported
2025-12-30,Pasay City,RON 95,PTT,56.8,61.24,reported
2025-12-30,Pasay City,RON 95,SHELL,65.28,69.23,reported
2025-12-30,Pasay City,RON 95,TOTAL,71.65,71.65,reported
2025-12-30,Pasay City,RON 97,SHELL,66.99,72.23,reported
2025-12-30,Pasig City,DIESEL,CALTEX,57.09,61.5,reported
2025-12-30,Pasig City,DIESEL,FLYING,49.65,51.38,reported
2025-12-30,Pasig City,DIESEL,INDEPENDENT,52.55,54.35,reported
2025-12-30,Pasig City,DIESEL,PETRON,53.23,56.3,reported
2025-12-30,Pasig City,DIESEL,PHOENIX,51.0,56.9,reported
2025-12-30,Pasig City,DIESEL,SEAOIL,52.48,53.5,reported
2025-12-30,Pasig City,DIESEL,SHELL,54.7,57.09,reported
2025-12-30,Pasig City,DIESEL,TOTAL,56.11,56.11,reported
2025-12-30,Pasig City,DIESEL,UNIOIL,54.25,55.35,reported
2025-12-30,Pasig City,DIESEL PLUS,CALTEX,59.09,59.09,reported
2025-12-30,Pasig City,DIESEL PLUS,PETRON,54.5,59.3,reported
2025-12-30,Pasig City,DIESEL PLUS,SHELL,63.2,67.0,reported
2025-12-30,Pasig City,KEROSENE,PETRON,78.53,78.53,reported
2025-12-30,Pasig City,RON 100,PETRON,66.04,67.18,reported
2025-12-30,Pasig City,RON 91,CALTEX,57.99,64.1,reported
2025-12-30,Pasig City,RON 91,FLYING,51.5,51.55,reported
2025-12-30,Pasig City,RON 91,INDEPENDENT,52.75,54.35,reported
2025-12-30,Pasig City,RON 91,PETRON,54.76,55.64,reported
2025-12-30,Pasig City,RON 91,PHOENIX,53.9,58.1,reported
2025-12-30,Pasig City,RON 91,SEAOIL,53.1,54.9,reported
2025-12-30,Pasig City,RON 91,SHELL,57.04,60.69,reported
2025-12-30,Pasig City,RON 91,TOTAL,56.7,56.7,reported
2025-12-30,Pasig City,RON 91,UNIOIL,56.65,57.75,reported
2025-12-30,Pasig City,RON 95,CALTEX,66.78,71.12,reported
2025-12-30,Pasig City,RON 95,FLYING,52.5,52.55,reported
2025-12-30,Pasig City,RON 95,INDEPENDENT,53.55,55.35,reported
2025-12-30,Pasig City,RON 95,PETRON,56.25,57.14,reported
2025-12-30,Pasig City,RON 95,PHOENIX,54.3,60.1,reported
2025-12-30,Pasig City,RON 95,SHELL,65.23,71.02,reported
2025-12-30,Pasig City,RON 95,UNIOIL,59.15,59.95,reported
2025-12-30,Pasig City,RON 97,SEAOIL,54.4,56.9,reported
2025-12-30,Pasig City,RON 97,SHELL,69.43,74.02,reported
2025-12-30,Pasig City,RON 97,UNIOIL,65.85,68.2,reported
2025-12-30,Quezon City,DIESEL,CALTEX,55.95,60.0,reported
2025-12-30,Quezon City,DIESEL,FLYING,48.96,50.77,reported
2025-12-30,Quezon City,DIESEL,INDEPENDENT,47.77,48.69,reported
2025-12-30,Quezon City,DIESEL,PETRON,51.35,53.89,reported
2025-12-30,Quezon City,DIESEL,PHOENIX,50.5,58.9,reported
2025-12-30,Quezon City,DIESEL,SEAOIL,51.4,52.1,reported
2025-12-30,Quezon City,DIESEL,SHELL,54.5,57.2,reported
2025-12-30,Quezon City,DIESEL,UNIOIL,53.75,53.9,reported
2025-12-30,Quezon City,DIESEL PLUS,CALTEX,57.65,57.65,reported
2025-12-30,Quezon City,DIESEL PLUS,PETRON,54.35,56.89,reported
2025-12-30,Quezon City,DIESEL PLUS,SHELL,65.59,66.1,reported
2025-12-30,Quezon City,KEROSENE,PETRON,78.64,82.22,reported
2025-12-30,Quezon City,RON 100,PETRON,64.58,67.94,reported
2025-12-30,Quezon City,RON 91,CALTEX,58.75,63.0,reported
2025-12-30,Quezon City,RON 91,FLYING,51.2,53.15,reported
2025-12-30,Quezon City,RON 91,INDEPENDENT,50.0,51.2,reported
2025-12-30,Quezon City,RON 91,PETRON,53.1,56.4,reported
2025-12-30,Quezon City,RON 91,PHOENIX,53.0,61.55,reported
2025-12-30,Quezon City,RON 91,SEAOIL,52.2,54.8,reported
2025-12-30,Quezon City,RON 91,SHELL,58.05,60.55,reported
2025-12-30,Quezon City,RON 91,UNIOIL,55.39,56.14,reported
2025-12-30,Quezon City,RON 95,CALTEX,63.4,68.5,reported
2025-12-30,Quezon City,RON 95,FLYING,51.7,54.15,reported
2025-12-30,Quezon City,RON 95,INDEPENDENT,50.9,52.8,reported
2025-12-30,Quezon City,RON 95,PETRON,54.15,57.9,reported
2025-12-30,Quezon City,RON 95,PHOENIX,54.3,63.7,reported
2025-12-30,Quezon City,RON 95,SHELL,67.5,68.15,reported
2025-12-30,Quezon City,RON 95,UNIOIL,58.4,58.64,reported
2025-12-30,Quezon City,RON 97,SEAOIL,53.7,56.14,reported
2025-12-30,Quezon City,RON 97,SHELL,70.5,70.79,reported
2025-12-30,Quezon City,RON 97,UNIOIL,65.7,66.85,reported
2025-12-30,Taguig Cty,DIESEL,CALTEX,54.0,59.25,reported
2025-12-30,Taguig Cty,DIESEL,FLYING,49.65,51.35,reported
2025-12-30,Taguig Cty,DIESEL,INDEPENDENT,51.35,57.99,reported
2025-12-30,Taguig Cty,DIESEL,PETRON,52.9,53.9,reported
2025-12-30,Taguig Cty,DIESEL,SEAOIL,51.4,51.4,reported
2025-12-30,Taguig Cty,DIESEL,SHELL,54.52,55.9,reported
2025-12-30,Taguig Cty,DIESEL PLUS,CALTEX,66.73,66.73,reported
2025-12-30,Taguig Cty,DIESEL PLUS,PETRON,53.9,56.11,reported
2025-12-30,Taguig Cty,DIESEL PLUS,SHELL,63.02,64.4,reported
2025-12-30,Taguig Cty,KEROSENE,CALTEX,85.0,92.89,reported
2025-12-30,Taguig Cty,RON 100,PETRON,66.17,67.29,reported
2025-12-30,Taguig Cty,RON 91,CALTEX,55.0,62.15,reported
2025-12-30,Taguig Cty,RON 91,FLYING,52.5,53.6,reported
2025-12-30,Taguig Cty,RON 91,INDEPENDENT,53.6,59.49,reported
2025-12-30,Taguig Cty,RON 91,PETRON,55.1,56.7,reported
2025-12-30,Taguig Cty,RON 91,PHOENIX,,,no_report
2025-12-30,Taguig Cty,RON 91,SEAOIL,53.0,53.0,reported
2025-12-30,Taguig Cty,RON 91,SHELL,57.09,57.74,reported
2025-12-30,Taguig Cty,RON 91,TOTAL,,,no_report
2025-12-30,Taguig Cty,RON 91,UNIOIL,,,no_report
2025-12-30,Taguig Cty,RON 95,CALTEX,56.0,70.0,reported
2025-12-30,Taguig Cty,RON 95,FLYING,52.9,54.25,reported
2025-12-30,Taguig Cty,RON 95,INDEPENDENT,54.25,59.99,reported
2025-12-30,Taguig Cty,RON 95,PETRON,56.4,58.19,reported
2025-12-30,Taguig Cty,RON 95,SHELL,65.27,67.0,reported
2025-12-30,Taguig Cty,RON 97,SEAOIL,53.5,53.5,reported
2025-12-30,Taguig Cty,RON 97,SHELL,68.28,70.0,reported
2026-01-06,CMalaokoactai nC iCtyity,DIESEL,CALTEX,53.31,59.15,reported
2026-01-06,CMalaokoactai nC iCtyity,DIESEL,PETRON,53.3,53.8,reported
2026-01-06,CMalaokoactai nC iCtyity,DIESEL,PHOENIX,53.3,53.3,reported
2026-01-06,CMalaokoactai nC iCtyity,DIESEL,SHELL,56.5,56.8,reported
2026-01-06,CMalaokoactai nC iCtyity,DIESEL,UNIOIL,53.3,53.8,reported
2026-01-06,CMalaokoactai nC iCtyity,DIESEL PLUS,CALTEX,58.65,68.89,reported
2026-01-06,CMalaokoactai nC iCtyity,DIESEL PLUS,PETRON,56.3,56.8,reported
2026-01-06,CMalaokoactai nC iCtyity,DIESEL PLUS,SHELL,65.0,65.31,reported
2026-01-06,CMalaokoactai nC iCtyity,RON 100,PETRON,64.06,66.72,reported
2026-01-06,CMalaokoactai nC iCtyity,RON 91,CALTEX,53.7,63.75,reported
2026-01-06,CMalaokoactai nC iCtyity,RON 91,FLYING,,,no_report
2026-01-06,CMalaokoactai nC iCtyity,RON 91,PETRON,53.0,55.15,reported
2026-01-06,CMalaokoactai nC iCtyity,RON 91,PHOENIX,53.0,53.0,reported
2026-01-06,CMalaokoactai nC iCtyity,RON 91,SHELL,56.99,58.79,reported
2026-01-06,CMalaokoactai nC iCtyity,RON 91,TOTAL,,,no_report
2026-01-06,CMalaokoactai nC iCtyity,RON 91,UNIOIL,53.0,55.0,reported
2026-01-06,CMalaokoactai nC iCtyity,RON 95,CALTEX,56.66,72.35,reported
2026-01-06,CMalaokoactai nC iCtyity,RON 95,PETRON,54.8,56.65,reported
2026-01-06,CMalaokoactai nC iCtyity,RON 95,PHOENIX,54.8,54.8,reported
2026-01-06,CMalaokoactai nC iCtyity,RON 95,SHELL,65.18,66.98,reported
2026-01-06,CMalaokoactai nC iCtyity,RON 95,UNIOIL,56.3,56.5,reported
2026-01-06,CMalaokoactai nC iCtyity,RON 97,PHOENIX,68.69,68.69,reported
2026-01-06,CMalaokoactai nC iCtyity,RON 97,SHELL,66.89,68.69,reported
2026-01-06,CMalaokoactai nC iCtyity,RON 97,UNIOIL,67.5,67.5,reported
2026-01-06,Caloocan City,DIESEL,CALTEX,55.6,55.6,reported
2026-01-06,Caloocan City,DIESEL,FLYING,48.45,51.5,reported
2026-01-06,Caloocan City,DIESEL,INDEPENDENT,48.2,51.85,reported
2026-01-06,Caloocan City,DIESEL,PETRON,51.95,57.45,reported
2026-01-06,Caloocan City,DIESEL,SEAOIL,48.57,51.5,reported
2026-01-06,Caloocan City,DIESEL,SHELL,54.47,55.0,reported
2026-01-06,Caloocan City,DIESEL,UNIOIL,53.85,53.85,reported
2026-01-06,Caloocan City,DIESEL PLUS,PETRON,63.25,63.25,reported
2026-01-06,Caloocan City,DIESEL PLUS,SHELL,62.97,63.9,reported
2026-01-06,Caloocan City,KEROSENE,PETRON,77.54,79.12,reported
2026-01-06,Caloocan City,RON 91,CALTEX,59.3,59.3,reported
2026-01-06,Caloocan City,RON 91,FLYING,49.9,51.7,reported
2026-01-06,Caloocan City,RON 91,INDEPENDENT,50.6,54.2,reported
2026-01-06,Caloocan City,RON 91,PETRON,53.21,59.2,reported
2026-01-06,Caloocan City,RON 91,SEAOIL,51.1,54.2,reported
2026-01-06,Caloocan City,RON 91,SHELL,56.05,60.1,reported
2026-01-06,Caloocan City,RON 91,UNIOIL,55.99,55.99,reported
2026-01-06,Caloocan City,RON 95,CALTEX,65.9,65.9,reported
2026-01-06,Caloocan City,RON 95,FLYING,50.4,52.7,reported
2026-01-06,Caloocan City,RON 95,INDEPENDENT,51.0,55.7,reported
2026-01-06,Caloocan City,RON 95,PETRON,54.2,60.7,reported
2026-01-06,Caloocan City,RON 95,SHELL,64.24,68.03,reported
2026-01-06,Caloocan City,RON 95,UNIOIL,56.6,56.6,reported
2026-01-06,Caloocan City,RON 97,SEAOIL,52.15,55.29,reported
2026-01-06,Caloocan City,RON 97,SHELL,70.0,71.03,reported
2026-01-06,Manila City,DIESEL,CALTEX,56.1,56.8,reported
2026-01-06,Manila City,DIESEL,FLYING,51.2,52.2,reported
2026-01-06,Manila City,DIESEL,INDEPENDENT,50.19,51.5,reported
2026-01-06,Manila City,DIESEL,PETRON,52.4,54.8,reported
2026-01-06,Manila City,DIESEL,SEAOIL,52.3,53.9,reported
2026-01-06,Manila City,DIESEL,SHELL,55.1,57.1,reported
2026-01-06,Manila City,DIESEL,TOTAL,53.7,57.2,reported
2026-01-06,Manila City,DIESEL PLUS,INDEPENDENT,53.5,53.5,reported
2026-01-06,Manila City,DIESEL PLUS,PETRON,54.4,57.8,reported
2026-01-06,Manila City,DIESEL PLUS,SHELL,63.6,66.7,reported
2026-01-06,Manila City,DIESEL PLUS,TOTAL,55.7,55.7,reported
2026-01-06,Manila City,KEROSENE,INDEPENDENT,73.7,73.7,reported
2026-01-06,Manila City,KEROSENE,PETRON,78.31,78.57,reported
2026-01-06,Manila City,RON 100,PETRON,63.77,68.86,reported
2026-01-06,Manila City,RON 91,CALTEX,58.69,58.7,reported
2026-01-06,Manila City,RON 91,FLYING,52.4,54.4,reported
2026-01-06,Manila City,RON 91,INDEPENDENT,52.09,54.3,reported
2026-01-06,Manila City,RON 91,PETRON,52.2,56.3,reported
2026-01-06,Manila City,RON 91,SEAOIL,52.8,56.7,reported
2026-01-06,Manila City,RON 91,SHELL,55.08,58.6,reported
2026-01-06,Manila City,RON 91,TOTAL,56.7,63.89,reported
2026-01-06,Manila City,RON 95,CALTEX,63.8,63.99,reported
2026-01-06,Manila City,RON 95,FLYING,53.8,55.8,reported
2026-01-06,Manila City,RON 95,INDEPENDENT,53.59,56.4,reported
2026-01-06,Manila City,RON 95,PETRON,53.71,58.6,reported
2026-01-06,Manila City,RON 95,SHELL,63.28,69.1,reported
2026-01-06,Manila City,RON 95,TOTAL,58.7,72.39,reported
2026-01-06,Manila City,RON 97,SEAOIL,55.8,58.2,reported
2026-01-06,Manila City,RON 97,SHELL,68.5,70.81,reported
2026-01-06,Muntinlupa City,DIESEL,CALTEX,58.2,58.27,reported
2026-01-06,Muntinlupa City,DIESEL,FLYING,51.9,51.9,reported
2026-01-06,Muntinlupa City,DIESEL,PETRON,54.2,56.31,reported
2026-01-06,Muntinlupa City,DIESEL,PHOENIX,54.6,56.2,reported
2026-01-06,Muntinlupa City,DIESEL,SEAOIL,54.2,58.0,reported
2026-01-06,Muntinlupa City,DIESEL,SHELL,57.4,59.71,reported
2026-01-06,Muntinlupa City,DIESEL,TOTAL,59.15,59.15,reported
2026-01-06,Muntinlupa City,DIESEL,UNIOIL,55.6,55.6,reported
2026-01-06,Muntinlupa City,DIESEL PLUS,PETRON,57.2,59.31,reported
2026-01-06,Muntinlupa City,DIESEL PLUS,SHELL,64.01,68.21,reported
2026-01-06,Muntinlupa City,DIESEL PLUS,TOTAL,62.15,62.15,reported
2026-01-06,Muntinlupa City,KEROSENE,CALTEX,78.14,78.14,reported
2026-01-06,Muntinlupa City,RON 100,PETRON,65.37,69.63,reported
2026-01-06,Muntinlupa City,RON 91,CALTEX,59.13,59.71,reported
2026-01-06,Muntinlupa City,RON 91,FLYING,51.1,51.1,reported
2026-01-06,Muntinlupa City,RON 91,PETRON,53.8,58.35,reported
2026-01-06,Muntinlupa City,RON 91,PHOENIX,56.65,58.25,reported
2026-01-06,Muntinlupa City,RON 91,PTT,,,no_report
2026-01-06,Muntinlupa City,RON 91,SEAOIL,53.8,65.6,reported
2026-01-06,Muntinlupa City,RON 91,SHELL,56.39,61.29,reported
2026-01-06,Muntinlupa City,RON 91,TOTAL,59.3,59.3,reported
2026-01-06,Muntinlupa City,RON 91,UNIOIL,57.6,57.6,reported
2026-01-06,Muntinlupa City,RON 95,CALTEX,61.81,63.85,reported
2026-01-06,Muntinlupa City,RON 95,FLYING,52.5,52.5,reported
2026-01-06,Muntinlupa City,RON 95,PETRON,55.3,59.55,reported
2026-01-06,Muntinlupa City,RON 95,PHOENIX,58.15,59.45,reported
2026-01-06,Muntinlupa City,RON 95,SHELL,65.2,69.45,reported
2026-01-06,Muntinlupa City,RON 95,TOTAL,60.9,60.9,reported
2026-01-06,Muntinlupa City,RON 95,UNIOIL,58.15,60.5,reported
2026-01-06,Muntinlupa City,RON 97,SEAOIL,55.8,66.42,reported
2026-01-06,Muntinlupa City,RON 97,SHELL,68.59,72.45,reported
2026-01-06,Parañaque City,DIESEL,CALTEX,57.6,57.8,reported
2026-01-06,Parañaque City,DIESEL,FLYING,53.59,54.5,reported
2026-01-06,Parañaque City,DIESEL,INDEPENDENT,54.6,56.9,reported
2026-01-06,Parañaque City,DIESEL,PETRON,52.25,58.65,reported
2026-01-06,Parañaque City,DIESEL,SEAOIL,55.6,56.45,reported
2026-01-06,Parañaque City,DIESEL,SHELL,55.99,61.15,reported
2026-01-06,Parañaque City,DIESEL,TOTAL,61.7,61.7,reported
2026-01-06,Parañaque City,DIESEL,UNIOIL,56.5,56.65,reported
2026-01-06,Parañaque City,DIESEL PLUS,CALTEX,59.6,59.8,reported
2026-01-06,Parañaque City,DIESEL PLUS,PETRON,55.25,61.65,reported
2026-01-06,Parañaque City,DIESEL PLUS,SHELL,64.49,69.65,reported
2026-01-06,Parañaque City,DIESEL PLUS,TOTAL,72.1,72.1,reported
2026-01-06,Parañaque City,KEROSENE,INDEPENDENT,71.9,71.9,reported
2026-01-06,Parañaque City,RON 100,PETRON,64.48,67.94,reported
2026-01-06,Parañaque City,RON 91,CALTEX,59.49,60.5,reported
2026-01-06,Parañaque City,RON 91,FLYING,54.05,55.5,reported
2026-01-06,Parañaque City,RON 91,INDEPENDENT,56.0,57.15,reported
2026-01-06,Parañaque City,RON 91,PETRON,53.2,57.5,reported
2026-01-06,Parañaque City,RON 91,PTT,,,no_report
2026-01-06,Parañaque City,RON 91,SEAOIL,56.8,56.9,reported
2026-01-06,Parañaque City,RON 91,SHELL,56.23,61.14,reported
2026-01-06,Parañaque City,RON 91,TOTAL,62.4,62.4,reported
2026-01-06,Parañaque City,RON 91,UNIOIL,54.65,58.5,reported
2026-01-06,Parañaque City,RON 95,CALTEX,62.81,64.39,reported
2026-01-06,Parañaque City,RON 95,FLYING,55.55,57.01,reported
2026-01-06,Parañaque City,RON 95,INDEPENDENT,57.5,58.95,reported
2026-01-06,Parañaque City,RON 95,PETRON,54.4,66.6,reported
2026-01-06,Parañaque City,RON 95,SHELL,66.23,69.33,reported
2026-01-06,Parañaque City,RON 95,TOTAL,63.4,63.4,reported
2026-01-06,Parañaque City,RON 95,UNIOIL,58.89,61.0,reported
2026-01-06,Parañaque City,RON 97,SEAOIL,57.85,57.9,reported
2026-01-06,Parañaque City,RON 97,SHELL,68.44,69.78,reported
2026-01-06,Parañaque City,RON 97,UNIOIL,67.28,69.7,reported
2026-01-06,Pasay City,DIESEL,CALTEX,57.99,58.1,reported
2026-01-06,Pasay City,DIESEL,INDEPENDENT,51.5,52.79,reported
2026-01-06,Pasay City,DIESEL,PETRON,52.5,55.45,reported
2026-01-06,Pasay City,DIESEL,PTT,52.7,57.05,reported
2026-01-06,Pasay City,DIESEL,SHELL,54.69,58.55,reported
2026-01-06,Pasay City,DIESEL,TOTAL,68.1,68.1,reported
2026-01-06,Pasay City,DIESEL PLUS,CALTEX,60.1,60.1,reported
2026-01-06,Pasay City,DIESEL PLUS,PETRON,58.45,58.45,reported
2026-01-06,Pasay City,DIESEL PLUS,PTT,58.05,58.05,reported
2026-01-06,Pasay City,DIESEL PLUS,SHELL,63.19,67.05,reported
2026-01-06,Pasay City,DIESEL PLUS,TOTAL,71.1,71.1,reported
2026-01-06,Pasay City,KEROSENE,CALTEX,89.13,89.13,reported
2026-01-06,Pasay City,KEROSENE,PETRON,79.36,79.36,reported
2026-01-06,Pasay City,RON 100,PETRON,66.89,71.61,reported
2026-01-06,Pasay City,RON 91,CALTEX,58.98,59.49,reported
2026-01-06,Pasay City,RON 91,FLYING,,,no_report
2026-01-06,Pasay City,RON 91,INDEPENDENT,52.6,54.24,reported
2026-01-06,Pasay City,RON 91,PETRON,53.1,59.25,reported
2026-01-06,Pasay City,RON 91,PTT,53.3,59.64,reported
2026-01-06,Pasay City,RON 91,SEAOIL,,,no_report
2026-01-06,Pasay City,RON 91,SHELL,56.39,61.64,reported
2026-01-06,Pasay City,RON 91,TOTAL,70.05,70.05,reported
2026-01-06,Pasay City,RON 95,CALTEX,65.52,68.9,reported
2026-01-06,Pasay City,RON 95,INDEPENDENT,53.7,55.1,reported
2026-01-06,Pasay City,RON 95,PETRON,54.6,60.75,reported
2026-01-06,Pasay City,RON 95,PTT,54.8,61.14,reported
2026-01-06,Pasay City,RON 95,SHELL,65.18,69.13,reported
2026-01-06,Pasay City,RON 95,TOTAL,71.55,71.55,reported
2026-01-06,Pasay City,RON 97,SHELL,66.89,72.13,reported
2026-01-06,Pasig City,DIESEL,CALTEX,57.29,61.7,reported
2026-01-06,Pasig City,DIESEL,FLYING,49.75,50.98,reported
2026-01-06,Pasig City,DIESEL,INDEPENDENT,52.75,55.0,reported
2026-01-06,Pasig City,DIESEL,PETRON,53.43,56.5,reported
2026-01-06,Pasig City,DIESEL,PHOENIX,50.85,56.5,reported
2026-01-06,Pasig City,DIESEL,SEAOIL,52.68,53.7,reported
2026-01-06,Pasig City,DIESEL,SHELL,54.9,58.7,reported
2026-01-06,Pasig City,DIESEL,TOTAL,56.31,56.31,reported
2026-01-06,Pasig City,DIESEL,UNIOIL,53.75,54.45,reported
2026-01-06,Pasig City,DIESEL PLUS,CALTEX,59.29,59.29,reported
2026-01-06,Pasig City,DIESEL PLUS,PETRON,54.7,59.5,reported
2026-01-06,Pasig City,DIESEL PLUS,SHELL,63.4,67.2,reported
2026-01-06,Pasig City,KEROSENE,PETRON,78.63,78.63,reported
2026-01-06,Pasig City,RON 100,PETRON,65.04,67.08,reported
2026-01-06,Pasig City,RON 91,CALTEX,57.89,64.0,reported
2026-01-06,Pasig City,RON 91,FLYING,51.4,51.45,reported
2026-01-06,Pasig City,RON 91,INDEPENDENT,51.55,54.65,reported
2026-01-06,Pasig City,RON 91,PETRON,54.66,55.54,reported
2026-01-06,Pasig City,RON 91,PHOENIX,52.45,58.0,reported
2026-01-06,Pasig City,RON 91,SEAOIL,53.0,54.8,reported
2026-01-06,Pasig City,RON 91,SHELL,56.94,60.59,reported
2026-01-06,Pasig City,RON 91,TOTAL,56.6,56.6,reported
2026-01-06,Pasig City,RON 91,UNIOIL,54.05,56.55,reported
2026-01-06,Pasig City,RON 95,CALTEX,66.68,71.02,reported
2026-01-06,Pasig City,RON 95,FLYING,52.4,52.45,reported
2026-01-06,Pasig City,RON 95,INDEPENDENT,52.55,56.15,reported
2026-01-06,Pasig City,RON 95,PETRON,56.15,57.04,reported
2026-01-06,Pasig City,RON 95,PHOENIX,53.45,60.0,reported
2026-01-06,Pasig City,RON 95,SHELL,65.13,68.78,reported
2026-01-06,Pasig City,RON 95,UNIOIL,57.5,59.05,reported
2026-01-06,Pasig City,RON 97,SEAOIL,54.3,56.8,reported
2026-01-06,Pasig City,RON 97,SHELL,69.33,71.78,reported
2026-01-06,Pasig City,RON 97,UNIOIL,65.75,68.2,reported
2026-01-06,Quezon City,DIESEL,CALTEX,56.15,59.8,reported
2026-01-06,Quezon City,DIESEL,FLYING,48.24,50.05,reported
2026-01-06,Quezon City,DIESEL,INDEPENDENT,47.66,48.69,reported
2026-01-06,Quezon City,DIESEL,PETRON,51.55,54.09,reported
2026-01-06,Quezon City,DIESEL,PHOENIX,50.7,59.1,reported
2026-01-06,Quezon City,DIESEL,SEAOIL,51.19,52.3,reported
2026-01-06,Quezon City,DIESEL,SHELL,54.47,57.29,reported
2026-01-06,Quezon City,DIESEL,UNIOIL,53.05,54.1,reported
2026-01-06,Quezon City,DIESEL PLUS,CALTEX,57.85,57.85,reported
2026-01-06,Quezon City,DIESEL PLUS,PETRON,54.55,57.09,reported
2026-01-06,Quezon City,DIESEL PLUS,SHELL,63.97,66.3,reported
2026-01-06,Quezon City,KEROSENE,PETRON,78.74,80.16,reported
2026-01-06,Quezon City,RON 100,PETRON,64.45,67.84,reported
2026-01-06,Quezon City,RON 91,CALTEX,58.65,62.9,reported
2026-01-06,Quezon City,RON 91,FLYING,51.0,52.2,reported
2026-01-06,Quezon City,RON 91,INDEPENDENT,49.9,51.1,reported
2026-01-06,Quezon City,RON 91,PETRON,53.0,56.3,reported
2026-01-06,Quezon City,RON 91,PHOENIX,52.9,61.45,reported
2026-01-06,Quezon City,RON 91,SEAOIL,52.1,54.7,reported
2026-01-06,Quezon City,RON 91,SHELL,57.04,60.25,reported
2026-01-06,Quezon City,RON 91,UNIOIL,54.0,55.29,reported
2026-01-06,Quezon City,RON 95,CALTEX,63.3,68.5,reported
2026-01-06,Quezon City,RON 95,FLYING,51.6,53.2,reported
2026-01-06,Quezon City,RON 95,INDEPENDENT,50.4,52.7,reported
2026-01-06,Quezon City,RON 95,PETRON,54.05,57.8,reported
2026-01-06,Quezon City,RON 95,PHOENIX,54.2,63.6,reported
2026-01-06,Quezon City,RON 95,SHELL,65.95,68.05,reported
2026-01-06,Quezon City,RON 95,UNIOIL,57.5,58.3,reported
2026-01-06,Quezon City,RON 97,SEAOIL,53.6,56.04,reported
2026-01-06,Quezon City,RON 97,SHELL,68.95,70.4,reported
2026-01-06,Quezon City,RON 97,UNIOIL,65.6,66.75,reported
2026-01-06,Taguig Cty,DIESEL,CALTEX,49.95,56.6,reported
2026-01-06,Taguig Cty,DIESEL,FLYING,49.85,50.95,reported
2026-01-06,Taguig Cty,DIESEL,INDEPENDENT,50.95,55.39,reported
2026-01-06,Taguig Cty,DIESEL,PETRON,51.4,54.1,reported
2026-01-06,Taguig Cty,DIESEL,SEAOIL,50.51,50.51,reported
2026-01-06,Taguig Cty,DIESEL,SHELL,54.72,56.1,reported
2026-01-06,Taguig Cty,DIESEL PLUS,CALTEX,66.93,66.93,reported
2026-01-06,Taguig Cty,DIESEL PLUS,PETRON,54.1,57.1,reported
2026-01-06,Taguig Cty,DIESEL PLUS,SHELL,63.22,64.6,reported
2026-01-06,Taguig Cty,KEROSENE,CALTEX,84.6,92.79,reported
2026-01-06,Taguig Cty,RON 100,PETRON,64.2,67.19,reported
2026-01-06,Taguig Cty,RON 91,CALTEX,52.5,58.59,reported
2026-01-06,Taguig Cty,RON 91,FLYING,52.4,52.9,reported
2026-01-06,Taguig Cty,RON 91,INDEPENDENT,52.9,57.39,reported
2026-01-06,Taguig Cty,RON 91,PETRON,53.1,56.6,reported
2026-01-06,Taguig Cty,RON 91,PHOENIX,,,no_report
2026-01-06,Taguig Cty,RON 91,SEAOIL,52.4,52.4,reported
2026-01-06,Taguig Cty,RON 91,SHELL,56.99,57.64,reported
2026-01-06,Taguig Cty,RON 91,TOTAL,,,no_report
2026-01-06,Taguig Cty,RON 91,UNIOIL,,,no_report
2026-01-06,Taguig Cty,RON 95,CALTEX,52.9,66.78,reported
2026-01-06,Taguig Cty,RON 95,FLYING,52.8,53.8,reported
2026-01-06,Taguig Cty,RON 95,INDEPENDENT,53.8,58.08,reported
2026-01-06,Taguig Cty,RON 95,PETRON,54.4,58.09,reported
2026-01-06,Taguig Cty,RON 95,SHELL,65.18,65.83,reported
2026-01-06,Taguig Cty,RON 97,SEAOIL,52.9,52.9,reported
2026-01-06,Taguig Cty,RON 97,SHELL,68.18,68.83,reported
2026-01-13,CMalaokoactai nC iCtyity,DIESEL,CALTEX,53.51,59.35,reported
2026-01-13,CMalaokoactai nC iCtyity,DIESEL,PETRON,52.45,53.5,reported
2026-01-13,CMalaokoactai nC iCtyity,DIESEL,PHOENIX,53.5,53.5,reported
2026-01-13,CMalaokoactai nC iCtyity,DIESEL,SHELL,56.49,56.7,reported
2026-01-13,CMalaokoactai nC iCtyity,DIESEL,UNIOIL,53.5,54.0,reported
2026-01-13,CMalaokoactai nC iCtyity,DIESEL PLUS,CALTEX,58.09,69.09,reported
2026-01-13,CMalaokoactai nC iCtyity,DIESEL PLUS,PETRON,55.45,56.5,reported
2026-01-13,CMalaokoactai nC iCtyity,DIESEL PLUS,SHELL,64.99,65.2,reported
2026-01-13,CMalaokoactai nC iCtyity,RON 100,PETRON,63.9,67.02,reported
2026-01-13,CMalaokoactai nC iCtyity,RON 91,CALTEX,55.45,64.05,reported
2026-01-13,CMalaokoactai nC iCtyity,RON 91,FLYING,,,no_report
2026-01-13,CMalaokoactai nC iCtyity,RON 91,PETRON,53.3,55.46,reported
2026-01-13,CMalaokoactai nC iCtyity,RON 91,PHOENIX,53.3,53.3,reported
2026-01-13,CMalaokoactai nC iCtyity,RON 91,SHELL,57.29,59.09,reported
2026-01-13,CMalaokoactai nC iCtyity,RON 91,TOTAL,,,no_report
2026-01-13,CMalaokoactai nC iCtyity,RON 91,UNIOIL,53.3,55.3,reported
2026-01-13,CMalaokoactai nC iCtyity,RON 95,CALTEX,56.96,72.65,reported
2026-01-13,CMalaokoactai nC iCtyity,RON 95,PETRON,54.7,56.95,reported
2026-01-13,CMalaokoactai nC iCtyity,RON 95,PHOENIX,55.1,55.1,reported
2026-01-13,CMalaokoactai nC iCtyity,RON 95,SHELL,65.48,67.28,reported
2026-01-13,CMalaokoactai nC iCtyity,RON 95,UNIOIL,56.6,56.8,reported
2026-01-13,CMalaokoactai nC iCtyity,RON 97,PHOENIX,67.28,67.28,reported
2026-01-13,CMalaokoactai nC iCtyity,RON 97,SHELL,67.19,68.89,reported
2026-01-13,CMalaokoactai nC iCtyity,RON 97,UNIOIL,67.8,67.8,reported
2026-01-13,Caloocan City,DIESEL,CALTEX,55.6,55.6,reported
2026-01-13,Caloocan City,DIESEL,FLYING,48.55,51.7,reported
2026-01-13,Caloocan City,DIESEL,INDEPENDENT,48.0,52.05,reported
2026-01-13,Caloocan City,DIESEL,PETRON,51.15,55.45,reported
2026-01-13,Caloocan City,DIESEL,SEAOIL,47.97,50.8,reported
2026-01-13,Caloocan City,DIESEL,SHELL,54.2,55.2,reported
2026-01-13,Caloocan City,DIESEL,UNIOIL,53.85,53.85,reported
2026-01-13,Caloocan City,DIESEL PLUS,PETRON,58.25,58.25,reported
2026-01-13,Caloocan City,DIESEL PLUS,SHELL,62.7,64.1,reported
2026-01-13,Caloocan City,KEROSENE,PETRON,77.84,79.42,reported
2026-01-13,Caloocan City,RON 91,CALTEX,58.62,58.62,reported
2026-01-13,Caloocan City,RON 91,FLYING,50.2,52.0,reported
2026-01-13,Caloocan City,RON 91,INDEPENDENT,49.5,54.5,reported
2026-01-13,Caloocan City,RON 91,PETRON,51.7,59.2,reported
2026-01-13,Caloocan City,RON 91,SEAOIL,51.4,54.0,reported
2026-01-13,Caloocan City,RON 91,SHELL,56.35,58.6,reported
2026-01-13,Caloocan City,RON 91,UNIOIL,55.1,55.1,reported
2026-01-13,Caloocan City,RON 95,CALTEX,65.5,65.5,reported
2026-01-13,Caloocan City,RON 95,FLYING,50.7,53.0,reported
2026-01-13,Caloocan City,RON 95,INDEPENDENT,50.0,56.0,reported
2026-01-13,Caloocan City,RON 95,PETRON,53.1,60.7,reported
2026-01-13,Caloocan City,RON 95,SHELL,64.54,68.33,reported
2026-01-13,Caloocan City,RON 95,UNIOIL,58.79,58.79,reported
2026-01-13,Caloocan City,RON 97,SEAOIL,52.45,55.29,reported
2026-01-13,Caloocan City,RON 97,SHELL,70.3,71.33,reported
2026-01-13,Manila City,DIESEL,CALTEX,54.99,56.3,reported
2026-01-13,Manila City,DIESEL,FLYING,50.7,52.4,reported
2026-01-13,Manila City,DIESEL,INDEPENDENT,49.8,51.5,reported
2026-01-13,Manila City,DIESEL,PETRON,52.6,55.0,reported
2026-01-13,Manila City,DIESEL,SEAOIL,50.7,53.0,reported
2026-01-13,Manila City,DIESEL,SHELL,54.09,56.4,reported
2026-01-13,Manila City,DIESEL,TOTAL,53.7,57.4,reported
2026-01-13,Manila City,DIESEL PLUS,INDEPENDENT,53.5,53.5,reported
2026-01-13,Manila City,DIESEL PLUS,PETRON,55.6,58.0,reported
2026-01-13,Manila City,DIESEL PLUS,SHELL,62.59,65.8,reported
2026-01-13,Manila City,DIESEL PLUS,TOTAL,55.7,55.7,reported
2026-01-13,Manila City,KEROSENE,INDEPENDENT,73.7,73.7,reported
2026-01-13,Manila City,KEROSENE,PETRON,78.61,78.87,reported
2026-01-13,Manila City,RON 100,PETRON,64.47,69.16,reported
2026-01-13,Manila City,RON 91,CALTEX,56.45,59.0,reported
2026-01-13,Manila City,RON 91,FLYING,52.49,54.7,reported
2026-01-13,Manila City,RON 91,INDEPENDENT,52.39,54.3,reported
2026-01-13,Manila City,RON 91,PETRON,52.5,56.6,reported
2026-01-13,Manila City,RON 91,SEAOIL,52.5,54.6,reported
2026-01-13,Manila City,RON 91,SHELL,55.38,58.6,reported
2026-01-13,Manila City,RON 91,TOTAL,56.7,64.19,reported
2026-01-13,Manila City,RON 95,CALTEX,63.99,64.1,reported
2026-01-13,Manila City,RON 95,FLYING,53.99,56.1,reported
2026-01-13,Manila City,RON 95,INDEPENDENT,53.89,56.4,reported
2026-01-13,Manila City,RON 95,PETRON,54.01,58.9,reported
2026-01-13,Manila City,RON 95,SHELL,63.57,69.4,reported
2026-01-13,Manila City,RON 95,TOTAL,58.0,72.69,reported
2026-01-13,Manila City,RON 97,SEAOIL,54.0,56.1,reported
2026-01-13,Manila City,RON 97,SHELL,65.37,71.13,reported
2026-01-13,Muntinlupa City,DIESEL,CALTEX,58.4,58.47,reported
2026-01-13,Muntinlupa City,DIESEL,FLYING,51.7,51.7,reported
2026-01-13,Muntinlupa City,DIESEL,PETRON,54.4,56.51,reported
2026-01-13,Muntinlupa City,DIESEL,PHOENIX,54.8,56.4,reported
2026-01-13,Muntinlupa City,DIESEL,SEAOIL,54.4,58.2,reported
2026-01-13,Muntinlupa City,DIESEL,SHELL,57.69,59.91,reported
2026-01-13,Muntinlupa City,DIESEL,TOTAL,59.35,59.35,reported
2026-01-13,Muntinlupa City,DIESEL,UNIOIL,54.8,55.8,reported
2026-01-13,Muntinlupa City,DIESEL PLUS,PETRON,57.4,59.51,reported
2026-01-13,Muntinlupa City,DIESEL PLUS,SHELL,64.41,68.41,reported
2026-01-13,Muntinlupa City,DIESEL PLUS,TOTAL,62.35,62.35,reported
2026-01-13,Muntinlupa City,KEROSENE,CALTEX,78.44,78.44,reported
2026-01-13,Muntinlupa City,RON 100,PETRON,65.67,69.93,reported
2026-01-13,Muntinlupa City,RON 91,CALTEX,58.4,59.43,reported
2026-01-13,Muntinlupa City,RON 91,FLYING,49.8,49.8,reported
2026-01-13,Muntinlupa City,RON 91,PETRON,54.1,58.85,reported
2026-01-13,Muntinlupa City,RON 91,PHOENIX,56.95,58.55,reported
2026-01-13,Muntinlupa City,RON 91,PTT,,,no_report
2026-01-13,Muntinlupa City,RON 91,SEAOIL,54.1,65.9,reported
2026-01-13,Muntinlupa City,RON 91,SHELL,56.49,61.04,reported
2026-01-13,Muntinlupa City,RON 91,TOTAL,59.6,59.6,reported
2026-01-13,Muntinlupa City,RON 91,UNIOIL,57.1,57.1,reported
2026-01-13,Muntinlupa City,RON 95,CALTEX,62.11,62.3,reported
2026-01-13,Muntinlupa City,RON 95,FLYING,51.15,51.15,reported
2026-01-13,Muntinlupa City,RON 95,PETRON,55.6,59.85,reported
2026-01-13,Muntinlupa City,RON 95,PHOENIX,58.45,59.75,reported
2026-01-13,Muntinlupa City,RON 95,SHELL,64.78,69.75,reported
2026-01-13,Muntinlupa City,RON 95,TOTAL,61.2,61.2,reported
2026-01-13,Muntinlupa City,RON 95,UNIOIL,58.45,60.15,reported
2026-01-13,Muntinlupa City,RON 97,SEAOIL,56.1,66.72,reported
2026-01-13,Muntinlupa City,RON 97,SHELL,68.89,72.75,reported
2026-01-13,Parañaque City,DIESEL,CALTEX,57.8,58.0,reported
2026-01-13,Parañaque City,DIESEL,FLYING,52.4,52.4,reported
2026-01-13,Parañaque City,DIESEL,INDEPENDENT,53.8,57.1,reported
2026-01-13,Parañaque City,DIESEL,PETRON,52.45,58.85,reported
2026-01-13,Parañaque City,DIESEL,SEAOIL,54.5,54.6,reported
2026-01-13,Parañaque City,DIESEL,SHELL,55.98,61.35,reported
2026-01-13,Parañaque City,DIESEL,TOTAL,61.9,61.9,reported
2026-01-13,Parañaque City,DIESEL,UNIOIL,56.65,57.8,reported
2026-01-13,Parañaque City,DIESEL PLUS,CALTEX,59.8,60.0,reported
2026-01-13,Parañaque City,DIESEL PLUS,PETRON,55.45,61.85,reported
2026-01-13,Parañaque City,DIESEL PLUS,SHELL,64.48,69.85,reported
2026-01-13,Parañaque City,DIESEL PLUS,TOTAL,72.3,72.3,reported
2026-01-13,Parañaque City,KEROSENE,INDEPENDENT,72.2,72.2,reported
2026-01-13,Parañaque City,RON 100,PETRON,64.78,68.24,reported
2026-01-13,Parañaque City,RON 91,CALTEX,59.78,60.5,reported
2026-01-13,Parañaque City,RON 91,FLYING,53.4,53.4,reported
2026-01-13,Parañaque City,RON 91,INDEPENDENT,55.3,57.45,reported
2026-01-13,Parañaque City,RON 91,PETRON,53.5,56.35,reported
2026-01-13,Parañaque City,RON 91,PTT,,,no_report
2026-01-13,Parañaque City,RON 91,SEAOIL,55.4,56.3,reported
2026-01-13,Parañaque City,RON 91,SHELL,56.53,61.44,reported
2026-01-13,Parañaque City,RON 91,TOTAL,62.7,62.7,reported
2026-01-13,Parañaque City,RON 91,UNIOIL,54.65,58.2,reported
2026-01-13,Parañaque City,RON 95,CALTEX,63.11,63.31,reported
2026-01-13,Parañaque City,RON 95,FLYING,54.9,54.9,reported
2026-01-13,Parañaque City,RON 95,INDEPENDENT,56.8,59.25,reported
2026-01-13,Parañaque City,RON 95,PETRON,54.71,57.84,reported
2026-01-13,Parañaque City,RON 95,SHELL,64.72,69.63,reported
2026-01-13,Parañaque City,RON 95,TOTAL,63.7,63.7,reported
2026-01-13,Parañaque City,RON 95,UNIOIL,58.89,60.2,reported
2026-01-13,Parañaque City,RON 97,SEAOIL,56.9,57.3,reported
2026-01-13,Parañaque City,RON 97,SHELL,66.52,70.08,reported
2026-01-13,Parañaque City,RON 97,UNIOIL,67.28,67.28,reported
2026-01-13,Pasay City,DIESEL,CALTEX,58.19,58.3,reported
2026-01-13,Pasay City,DIESEL,INDEPENDENT,51.5,53.39,reported
2026-01-13,Pasay City,DIESEL,PETRON,52.69,55.65,reported
2026-01-13,Pasay City,DIESEL,PTT,52.9,55.65,reported
2026-01-13,Pasay City,DIESEL,SHELL,54.6,58.75,reported
2026-01-13,Pasay City,DIESEL,TOTAL,68.3,68.3,reported
2026-01-13,Pasay City,DIESEL PLUS,CALTEX,60.3,60.3,reported
2026-01-13,Pasay City,DIESEL PLUS,PETRON,58.65,58.65,reported
2026-01-13,Pasay City,DIESEL PLUS,PTT,56.65,56.65,reported
2026-01-13,Pasay City,DIESEL PLUS,SHELL,63.1,67.25,reported
2026-01-13,Pasay City,DIESEL PLUS,TOTAL,71.3,71.3,reported
2026-01-13,Pasay City,KEROSENE,CALTEX,89.43,89.43,reported
2026-01-13,Pasay City,KEROSENE,PETRON,79.56,79.56,reported
2026-01-13,Pasay City,RON 100,PETRON,66.84,71.44,reported
2026-01-13,Pasay City,RON 91,CALTEX,59.28,59.79,reported
2026-01-13,Pasay City,RON 91,FLYING,,,no_report
2026-01-13,Pasay City,RON 91,INDEPENDENT,52.6,54.2,reported
2026-01-13,Pasay City,RON 91,PETRON,53.39,59.55,reported
2026-01-13,Pasay City,RON 91,PTT,53.6,59.54,reported
2026-01-13,Pasay City,RON 91,SEAOIL,,,no_report
2026-01-13,Pasay City,RON 91,SHELL,56.69,61.94,reported
2026-01-13,Pasay City,RON 91,TOTAL,70.35,70.35,reported
2026-01-13,Pasay City,RON 95,CALTEX,64.82,69.2,reported
2026-01-13,Pasay City,RON 95,INDEPENDENT,53.6,55.2,reported
2026-01-13,Pasay City,RON 95,PETRON,54.9,61.05,reported
2026-01-13,Pasay City,RON 95,PTT,55.1,61.05,reported
2026-01-13,Pasay City,RON 95,SHELL,64.88,69.43,reported
2026-01-13,Pasay City,RON 95,TOTAL,71.85,71.85,reported
2026-01-13,Pasay City,RON 97,SHELL,67.19,72.43,reported
2026-01-13,Pasig City,DIESEL,CALTEX,57.49,59.09,reported
2026-01-13,Pasig City,DIESEL,FLYING,49.35,51.79,reported
2026-01-13,Pasig City,DIESEL,INDEPENDENT,52.75,54.55,reported
2026-01-13,Pasig City,DIESEL,PETRON,51.8,56.7,reported
2026-01-13,Pasig City,DIESEL,PHOENIX,50.85,56.7,reported
2026-01-13,Pasig City,DIESEL,SEAOIL,50.0,53.9,reported
2026-01-13,Pasig City,DIESEL,SHELL,55.1,58.9,reported
2026-01-13,Pasig City,DIESEL,TOTAL,56.51,56.51,reported
2026-01-13,Pasig City,DIESEL,UNIOIL,54.15,54.65,reported
2026-01-13,Pasig City,DIESEL PLUS,CALTEX,59.49,59.49,reported
2026-01-13,Pasig City,DIESEL PLUS,PETRON,54.8,59.7,reported
2026-01-13,Pasig City,DIESEL PLUS,SHELL,63.6,67.4,reported
2026-01-13,Pasig City,KEROSENE,PETRON,78.93,78.93,reported
2026-01-13,Pasig City,RON 100,PETRON,65.62,67.38,reported
2026-01-13,Pasig City,RON 91,CALTEX,56.89,59.03,reported
2026-01-13,Pasig City,RON 91,FLYING,51.25,52.15,reported
2026-01-13,Pasig City,RON 91,INDEPENDENT,51.55,54.85,reported
2026-01-13,Pasig City,RON 91,PETRON,54.6,55.84,reported
2026-01-13,Pasig City,RON 91,PHOENIX,52.45,58.3,reported
2026-01-13,Pasig City,RON 91,SEAOIL,52.7,55.1,reported
2026-01-13,Pasig City,RON 91,SHELL,57.24,60.89,reported
2026-01-13,Pasig City,RON 91,TOTAL,56.9,56.9,reported
2026-01-13,Pasig City,RON 91,UNIOIL,54.25,56.85,reported
2026-01-13,Pasig City,RON 95,CALTEX,58.14,67.22,reported
2026-01-13,Pasig City,RON 95,FLYING,52.45,52.75,reported
2026-01-13,Pasig City,RON 95,INDEPENDENT,52.55,55.85,reported
2026-01-13,Pasig City,RON 95,PETRON,56.1,57.34,reported
2026-01-13,Pasig City,RON 95,PHOENIX,53.45,60.3,reported
2026-01-13,Pasig City,RON 95,SHELL,64.65,69.08,reported
2026-01-13,Pasig City,RON 95,UNIOIL,57.75,59.35,reported
2026-01-13,Pasig City,RON 97,SEAOIL,53.9,57.1,reported
2026-01-13,Pasig City,RON 97,SHELL,68.34,72.08,reported
2026-01-13,Pasig City,RON 97,UNIOIL,66.05,68.4,reported
2026-01-13,Quezon City,DIESEL,CALTEX,56.35,60.0,reported
2026-01-13,Quezon City,DIESEL,FLYING,48.44,50.25,reported
2026-01-13,Quezon City,DIESEL,INDEPENDENT,47.66,48.69,reported
2026-01-13,Quezon City,DIESEL,PETRON,50.92,53.3,reported
2026-01-13,Quezon City,DIESEL,PHOENIX,50.1,59.3,reported
2026-01-13,Quezon City,DIESEL,SEAOIL,50.1,51.7,reported
2026-01-13,Quezon City,DIESEL,SHELL,54.67,56.3,reported
2026-01-13,Quezon City,DIESEL,UNIOIL,52.4,52.78,reported
2026-01-13,Quezon City,DIESEL PLUS,CALTEX,58.05,58.05,reported
2026-01-13,Quezon City,DIESEL PLUS,PETRON,53.92,56.3,reported
2026-01-13,Quezon City,DIESEL PLUS,SHELL,64.17,65.15,reported
2026-01-13,Quezon City,KEROSENE,PETRON,79.04,80.46,reported
2026-01-13,Quezon City,RON 100,PETRON,63.9,65.13,reported
2026-01-13,Quezon City,RON 91,CALTEX,53.2,58.95,reported
2026-01-13,Quezon City,RON 91,FLYING,51.25,51.9,reported
2026-01-13,Quezon City,RON 91,INDEPENDENT,49.9,51.1,reported
2026-01-13,Quezon City,RON 91,PETRON,52.4,54.1,reported
2026-01-13,Quezon City,RON 91,PHOENIX,52.4,61.75,reported
2026-01-13,Quezon City,RON 91,SEAOIL,52.4,54.1,reported
2026-01-13,Quezon City,RON 91,SHELL,56.74,58.4,reported
2026-01-13,Quezon City,RON 91,UNIOIL,54.1,54.3,reported
2026-01-13,Quezon City,RON 95,CALTEX,63.6,68.8,reported
2026-01-13,Quezon City,RON 95,FLYING,51.9,53.0,reported
2026-01-13,Quezon City,RON 95,INDEPENDENT,50.4,52.7,reported
2026-01-13,Quezon City,RON 95,PETRON,53.45,55.65,reported
2026-01-13,Quezon City,RON 95,PHOENIX,53.7,63.9,reported
2026-01-13,Quezon City,RON 95,SHELL,64.93,66.25,reported
2026-01-13,Quezon City,RON 95,UNIOIL,57.1,57.8,reported
2026-01-13,Quezon City,RON 97,SEAOIL,53.9,55.21,reported
2026-01-13,Quezon City,RON 97,SHELL,68.3,69.25,reported
2026-01-13,Quezon City,RON 97,UNIOIL,65.9,67.05,reported
2026-01-13,Taguig Cty,DIESEL,CALTEX,49.65,56.8,reported
2026-01-13,Taguig Cty,DIESEL,FLYING,49.4,49.9,reported
2026-01-13,Taguig Cty,DIESEL,INDEPENDENT,50.95,55.39,reported
2026-01-13,Taguig Cty,DIESEL,PETRON,51.4,51.6,reported
2026-01-13,Taguig Cty,DIESEL,SEAOIL,50.71,50.71,reported
2026-01-13,Taguig Cty,DIESEL,SHELL,54.9,56.3,reported
2026-01-13,Taguig Cty,DIESEL PLUS,CALTEX,67.13,67.13,reported
2026-01-13,Taguig Cty,DIESEL PLUS,PETRON,52.4,54.6,reported
2026-01-13,Taguig Cty,DIESEL PLUS,SHELL,63.42,64.8,reported
2026-01-13,Taguig Cty,KEROSENE,CALTEX,84.9,93.09,reported
2026-01-13,Taguig Cty,RON 100,PETRON,64.32,64.5,reported
2026-01-13,Taguig Cty,RON 91,CALTEX,52.2,58.89,reported
2026-01-13,Taguig Cty,RON 91,FLYING,52.1,52.7,reported
2026-01-13,Taguig Cty,RON 91,INDEPENDENT,53.2,57.39,reported
2026-01-13,Taguig Cty,RON 91,PETRON,52.7,53.4,reported
2026-01-13,Taguig Cty,RON 91,PHOENIX,,,no_report
2026-01-13,Taguig Cty,RON 91,SEAOIL,52.7,52.7,reported
2026-01-13,Taguig Cty,RON 91,SHELL,55.39,57.3,reported
2026-01-13,Taguig Cty,RON 91,TOTAL,,,no_report
2026-01-13,Taguig Cty,RON 91,UNIOIL,,,no_report
2026-01-13,Taguig Cty,RON 95,CALTEX,52.8,67.08,reported
2026-01-13,Taguig Cty,RON 95,FLYING,52.7,53.0,reported
2026-01-13,Taguig Cty,RON 95,INDEPENDENT,54.1,58.38,reported
2026-01-13,Taguig Cty,RON 95,PETRON,54.25,54.7,reported
2026-01-13,Taguig Cty,RON 95,SHELL,65.48,66.13,reported
2026-01-13,Taguig Cty,RON 97,SEAOIL,53.2,53.2,reported
2026-01-13,Taguig Cty,RON 97,SHELL,68.48,69.13,reported
2026-01-20,Caloocan City,DIESEL,CALTEX,57.6,57.6,reported
2026-01-20,Caloocan City,DIESEL,FLYING,50.2,52.7,reported
2026-01-20,Caloocan City,DIESEL,INDEPENDENT,48.0,52.55,reported
2026-01-20,Caloocan City,DIESEL,PETRON,52.6,56.1,reported
2026-01-20,Caloocan City,DIESEL,SEAOIL,49.66,52.18,reported
2026-01-20,Caloocan City,DIESEL,SHELL,55.95,57.0,reported
2026-01-20,Caloocan City,DIESEL,UNIOIL,54.1,54.1,reported
2026-01-20,Caloocan City,DIESEL PLUS,PETRON,59.1,59.1,reported
2026-01-20,Caloocan City,DIESEL PLUS,SHELL,64.7,65.7,reported
2026-01-20,Caloocan City,KEROSENE,PETRON,79.34,80.92,reported
2026-01-20,Caloocan City,RON 91,CALTEX,59.62,59.62,reported
2026-01-20,Caloocan City,RON 91,FLYING,50.8,52.1,reported
2026-01-20,Caloocan City,RON 91,INDEPENDENT,49.5,53.9,reported
2026-01-20,Caloocan City,RON 91,PETRON,52.7,56.1,reported
2026-01-20,Caloocan City,RON 91,SEAOIL,51.95,54.7,reported
2026-01-20,Caloocan City,RON 91,SHELL,56.0,57.35,reported
2026-01-20,Caloocan City,RON 91,UNIOIL,55.2,55.2,reported
2026-01-20,Caloocan City,RON 95,CALTEX,66.5,66.5,reported
2026-01-20,Caloocan City,RON 95,FLYING,51.3,53.0,reported
2026-01-20,Caloocan City,RON 95,INDEPENDENT,50.0,55.4,reported
2026-01-20,Caloocan City,RON 95,PETRON,54.1,57.6,reported
2026-01-20,Caloocan City,RON 95,SHELL,65.54,67.49,reported
2026-01-20,Caloocan City,RON 95,UNIOIL,58.7,58.7,reported
2026-01-20,Caloocan City,RON 97,SEAOIL,53.1,55.99,reported
2026-01-20,Caloocan City,RON 97,SHELL,70.49,72.33,reported
2026-01-20,Makati City,DIESEL,CALTEX,55.51,59.49,reported
2026-01-20,Makati City,DIESEL,PETRON,53.5,54.45,reported
2026-01-20,Makati City,DIESEL,PHOENIX,55.5,55.5,reported
2026-01-20,Makati City,DIESEL,SHELL,56.44,57.49,reported
2026-01-20,Makati City,DIESEL,UNIOIL,54.45,55.5,reported
2026-01-20,Makati City,DIESEL PLUS,CALTEX,60.09,64.84,reported
2026-01-20,Makati City,DIESEL PLUS,PETRON,56.5,57.45,reported
2026-01-20,Makati City,DIESEL PLUS,SHELL,66.64,67.2,reported
2026-01-20,Makati City,RON 100,PETRON,63.89,66.7,reported
2026-01-20,Makati City,RON 91,CALTEX,56.45,62.9,reported
2026-01-20,Makati City,RON 91,FLYING,,,no_report
2026-01-20,Makati City,RON 91,PETRON,53.1,55.1,reported
2026-01-20,Makati City,RON 91,PHOENIX,54.3,54.3,reported
2026-01-20,Makati City,RON 91,SHELL,58.29,60.09,reported
2026-01-20,Makati City,RON 91,TOTAL,,,no_report
2026-01-20,Makati City,RON 91,UNIOIL,54.3,54.5,reported
2026-01-20,Makati City,RON 95,CALTEX,57.96,69.99,reported
2026-01-20,Makati City,RON 95,PETRON,54.6,56.61,reported
2026-01-20,Makati City,RON 95,PHOENIX,56.1,56.1,reported
2026-01-20,Makati City,RON 95,SHELL,66.48,68.28,reported
2026-01-20,Makati City,RON 95,UNIOIL,55.7,57.8,reported
2026-01-20,Makati City,RON 97,PHOENIX,68.28,68.28,reported
2026-01-20,Makati City,RON 97,SHELL,68.19,69.99,reported
2026-01-20,Makati City,RON 97,UNIOIL,68.8,68.8,reported
2026-01-20,Manila City,DIESEL,CALTEX,56.5,58.3,reported
2026-01-20,Manila City,DIESEL,FLYING,52.05,52.97,reported
2026-01-20,Manila City,DIESEL,INDEPENDENT,49.8,53.5,reported
2026-01-20,Manila City,DIESEL,PETRON,53.0,57.5,reported
2026-01-20,Manila City,DIESEL,SEAOIL,52.7,54.6,reported
2026-01-20,Manila City,DIESEL,SHELL,56.09,58.4,reported
2026-01-20,Manila City,DIESEL,TOTAL,52.5,58.4,reported
2026-01-20,Manila City,DIESEL PLUS,INDEPENDENT,55.5,55.5,reported
2026-01-20,Manila City,DIESEL PLUS,PETRON,56.0,60.0,reported
2026-01-20,Manila City,DIESEL PLUS,SHELL,64.59,66.9,reported
2026-01-20,Manila City,DIESEL PLUS,TOTAL,54.5,54.5,reported
2026-01-20,Manila City,KEROSENE,INDEPENDENT,75.2,75.2,reported
2026-01-20,Manila City,KEROSENE,PETRON,80.11,80.37,reported
2026-01-20,Manila City,RON 100,PETRON,63.49,70.16,reported
2026-01-20,Manila City,RON 91,CALTEX,57.49,60.0,reported
2026-01-20,Manila City,RON 91,FLYING,52.8,53.6,reported
2026-01-20,Manila City,RON 91,INDEPENDENT,52.07,54.9,reported
2026-01-20,Manila City,RON 91,PETRON,51.9,57.6,reported
2026-01-20,Manila City,RON 91,SEAOIL,52.9,55.01,reported
2026-01-20,Manila City,RON 91,SHELL,56.38,58.79,reported
2026-01-20,Manila City,RON 91,TOTAL,53.9,66.19,reported
2026-01-20,Manila City,RON 95,CALTEX,61.99,65.1,reported
2026-01-20,Manila City,RON 95,FLYING,54.3,54.6,reported
2026-01-20,Manila City,RON 95,INDEPENDENT,53.57,57.2,reported
2026-01-20,Manila City,RON 95,PETRON,53.4,59.9,reported
2026-01-20,Manila City,RON 95,SHELL,64.57,70.4,reported
2026-01-20,Manila City,RON 95,TOTAL,55.9,74.69,reported
2026-01-20,Manila City,RON 97,SEAOIL,54.9,55.5,reported
2026-01-20,Manila City,RON 97,SHELL,66.37,72.11,reported
2026-01-20,Muntinlupa City,DIESEL,CALTEX,60.4,60.47,reported
2026-01-20,Muntinlupa City,DIESEL,FLYING,53.5,53.5,reported
2026-01-20,Muntinlupa City,DIESEL,PETRON,52.9,58.51,reported
2026-01-20,Muntinlupa City,DIESEL,PHOENIX,55.1,58.4,reported
2026-01-20,Muntinlupa City,DIESEL,SEAOIL,56.4,56.4,reported
2026-01-20,Muntinlupa City,DIESEL,SHELL,59.69,61.91,reported
2026-01-20,Muntinlupa City,DIESEL,TOTAL,58.51,58.51,reported
2026-01-20,Muntinlupa City,DIESEL,UNIOIL,56.8,57.8,reported
2026-01-20,Muntinlupa City,DIESEL PLUS,PETRON,55.9,61.51,reported
2026-01-20,Muntinlupa City,DIESEL PLUS,SHELL,66.41,70.41,reported
2026-01-20,Muntinlupa City,DIESEL PLUS,TOTAL,61.51,61.51,reported
2026-01-20,Muntinlupa City,KEROSENE,CALTEX,79.94,79.94,reported
2026-01-20,Muntinlupa City,RON 100,PETRON,62.91,70.93,reported
2026-01-20,Muntinlupa City,RON 91,CALTEX,58.82,59.4,reported
2026-01-20,Muntinlupa City,RON 91,FLYING,50.5,50.5,reported
2026-01-20,Muntinlupa City,RON 91,PETRON,51.3,59.65,reported
2026-01-20,Muntinlupa City,RON 91,PHOENIX,56.05,59.55,reported
2026-01-20,Muntinlupa City,RON 91,PTT,,,no_report
2026-01-20,Muntinlupa City,RON 91,SEAOIL,55.1,61.3,reported
2026-01-20,Muntinlupa City,RON 91,SHELL,57.49,62.04,reported
2026-01-20,Muntinlupa City,RON 91,TOTAL,59.65,59.65,reported
2026-01-20,Muntinlupa City,RON 91,UNIOIL,57.75,57.75,reported
2026-01-20,Muntinlupa City,RON 95,CALTEX,63.11,63.3,reported
2026-01-20,Muntinlupa City,RON 95,FLYING,52.0,52.0,reported
2026-01-20,Muntinlupa City,RON 95,PETRON,52.8,60.85,reported
2026-01-20,Muntinlupa City,RON 95,PHOENIX,57.9,60.75,reported
2026-01-20,Muntinlupa City,RON 95,SHELL,65.68,70.23,reported
2026-01-20,Muntinlupa City,RON 95,TOTAL,60.85,60.85,reported
2026-01-20,Muntinlupa City,RON 95,UNIOIL,59.45,60.65,reported
2026-01-20,Muntinlupa City,RON 97,SEAOIL,57.1,62.12,reported
2026-01-20,Muntinlupa City,RON 97,SHELL,69.89,73.23,reported
2026-01-20,Parañaque City,DIESEL,CALTEX,58.4,59.8,reported
2026-01-20,Parañaque City,DIESEL,FLYING,54.39,54.4,reported
2026-01-20,Parañaque City,DIESEL,INDEPENDENT,55.8,57.6,reported
2026-01-20,Parañaque City,DIESEL,PETRON,54.45,58.85,reported
2026-01-20,Parañaque City,DIESEL,SEAOIL,56.0,56.6,reported
2026-01-20,Parañaque City,DIESEL,SHELL,57.98,63.35,reported
2026-01-20,Parañaque City,DIESEL,TOTAL,59.8,59.8,reported
2026-01-20,Parañaque City,DIESEL,UNIOIL,57.4,58.65,reported
2026-01-20,Parañaque City,DIESEL PLUS,CALTEX,60.6,61.8,reported
2026-01-20,Parañaque City,DIESEL PLUS,PETRON,57.45,61.85,reported
2026-01-20,Parañaque City,DIESEL PLUS,SHELL,66.48,71.85,reported
2026-01-20,Parañaque City,DIESEL PLUS,TOTAL,74.3,74.3,reported
2026-01-20,Parañaque City,KEROSENE,INDEPENDENT,73.7,73.7,reported
2026-01-20,Parañaque City,RON 100,PETRON,63.33,65.95,reported
2026-01-20,Parañaque City,RON 91,CALTEX,58.79,60.79,reported
2026-01-20,Parañaque City,RON 91,FLYING,54.4,54.4,reported
2026-01-20,Parañaque City,RON 91,INDEPENDENT,56.3,56.9,reported
2026-01-20,Parañaque City,RON 91,PETRON,54.5,56.4,reported
2026-01-20,Parañaque City,RON 91,PTT,,,no_report
2026-01-20,Parañaque City,RON 91,SEAOIL,56.4,56.41,reported
2026-01-20,Parañaque City,RON 91,SHELL,57.53,62.44,reported
2026-01-20,Parañaque City,RON 91,TOTAL,59.2,59.2,reported
2026-01-20,Parañaque City,RON 91,UNIOIL,55.65,56.4,reported
2026-01-20,Parañaque City,RON 95,CALTEX,61.7,64.3,reported
2026-01-20,Parañaque City,RON 95,FLYING,55.9,55.9,reported
2026-01-20,Parañaque City,RON 95,INDEPENDENT,57.8,59.4,reported
2026-01-20,Parañaque City,RON 95,PETRON,55.71,57.9,reported
2026-01-20,Parañaque City,RON 95,SHELL,65.72,70.63,reported
2026-01-20,Parañaque City,RON 95,TOTAL,61.2,61.2,reported
2026-01-20,Parañaque City,RON 95,UNIOIL,59.89,59.9,reported
2026-01-20,Parañaque City,RON 97,SEAOIL,57.4,57.9,reported
2026-01-20,Parañaque City,RON 97,SHELL,67.52,71.08,reported
2026-01-20,Parañaque City,RON 97,UNIOIL,68.28,71.0,reported
2026-01-20,Pasay City,DIESEL,CALTEX,60.19,60.3,reported
2026-01-20,Pasay City,DIESEL,INDEPENDENT,51.5,54.7,reported
2026-01-20,Pasay City,DIESEL,PETRON,53.0,57.65,reported
2026-01-20,Pasay City,DIESEL,PTT,54.9,57.65,reported
2026-01-20,Pasay City,DIESEL,SHELL,56.6,60.75,reported
2026-01-20,Pasay City,DIESEL,TOTAL,64.25,64.25,reported
2026-01-20,Pasay City,DIESEL PLUS,CALTEX,62.3,62.3,reported
2026-01-20,Pasay City,DIESEL PLUS,PETRON,60.65,60.65,reported
2026-01-20,Pasay City,DIESEL PLUS,PTT,58.65,58.65,reported
2026-01-20,Pasay City,DIESEL PLUS,SHELL,65.1,69.25,reported
2026-01-20,Pasay City,DIESEL PLUS,TOTAL,67.45,67.45,reported
2026-01-20,Pasay City,KEROSENE,CALTEX,90.93,90.93,reported
2026-01-20,Pasay City,KEROSENE,PETRON,81.06,81.06,reported
2026-01-20,Pasay City,RON 100,PETRON,65.67,72.44,reported
2026-01-20,Pasay City,RON 91,CALTEX,60.28,60.72,reported
2026-01-20,Pasay City,RON 91,FLYING,,,no_report
2026-01-20,Pasay City,RON 91,INDEPENDENT,52.6,54.5,reported
2026-01-20,Pasay City,RON 91,PETRON,52.2,60.65,reported
2026-01-20,Pasay City,RON 91,PTT,54.6,60.54,reported
2026-01-20,Pasay City,RON 91,SEAOIL,,,no_report
2026-01-20,Pasay City,RON 91,SHELL,57.69,62.94,reported
2026-01-20,Pasay City,RON 91,TOTAL,65.95,65.95,reported
2026-01-20,Pasay City,RON 95,CALTEX,64.21,70.2,reported
2026-01-20,Pasay City,RON 95,INDEPENDENT,53.6,55.5,reported
2026-01-20,Pasay City,RON 95,PETRON,53.7,62.05,reported
2026-01-20,Pasay City,RON 95,PTT,56.1,62.05,reported
2026-01-20,Pasay City,RON 95,SHELL,65.88,70.43,reported
2026-01-20,Pasay City,RON 95,TOTAL,67.45,67.45,reported
2026-01-20,Pasay City,RON 97,SHELL,68.19,73.43,reported
2026-01-20,Pasig City,DIESEL,CALTEX,57.99,61.09,reported
2026-01-20,Pasig City,DIESEL,FLYING,51.1,53.79,reported
2026-01-20,Pasig City,DIESEL,INDEPENDENT,52.75,56.55,reported
2026-01-20,Pasig City,DIESEL,PETRON,51.8,57.2,reported
2026-01-20,Pasig City,DIESEL,PHOENIX,52.1,58.51,reported
2026-01-20,Pasig City,DIESEL,SEAOIL,52.0,55.9,reported
2026-01-20,Pasig City,DIESEL,SHELL,56.39,60.9,reported
2026-01-20,Pasig City,DIESEL,TOTAL,58.51,58.51,reported
2026-01-20,Pasig City,DIESEL,UNIOIL,55.15,56.16,reported
2026-01-20,Pasig City,DIESEL PLUS,CALTEX,59.99,59.99,reported
2026-01-20,Pasig City,DIESEL PLUS,PETRON,54.8,60.2,reported
2026-01-20,Pasig City,DIESEL PLUS,SHELL,65.6,69.4,reported
2026-01-20,Pasig City,KEROSENE,PETRON,78.93,78.93,reported
2026-01-20,Pasig City,RON 100,PETRON,65.47,67.62,reported
2026-01-20,Pasig City,RON 91,CALTEX,57.09,60.03,reported
2026-01-20,Pasig City,RON 91,FLYING,52.25,52.8,reported
2026-01-20,Pasig City,RON 91,INDEPENDENT,51.55,55.65,reported
2026-01-20,Pasig City,RON 91,PETRON,53.45,56.1,reported
2026-01-20,Pasig City,RON 91,PHOENIX,53.45,58.3,reported
2026-01-20,Pasig City,RON 91,SEAOIL,53.4,56.1,reported
2026-01-20,Pasig City,RON 91,SHELL,57.99,61.89,reported
2026-01-20,Pasig City,RON 91,TOTAL,57.9,57.9,reported
2026-01-20,Pasig City,RON 91,UNIOIL,55.15,55.25,reported
2026-01-20,Pasig City,RON 95,CALTEX,58.34,67.0,reported
2026-01-20,Pasig City,RON 95,FLYING,53.1,53.75,reported
2026-01-20,Pasig City,RON 95,INDEPENDENT,52.55,56.65,reported
2026-01-20,Pasig City,RON 95,PETRON,54.95,57.61,reported
2026-01-20,Pasig City,RON 95,PHOENIX,54.1,61.3,reported
2026-01-20,Pasig City,RON 95,SHELL,65.65,70.08,reported
2026-01-20,Pasig City,RON 95,UNIOIL,58.15,58.75,reported
2026-01-20,Pasig City,RON 97,SEAOIL,54.6,58.1,reported
2026-01-20,Pasig City,RON 97,SHELL,69.34,73.08,reported
2026-01-20,Pasig City,RON 97,UNIOIL,67.05,69.4,reported
2026-01-20,Quezon City,DIESEL,CALTEX,57.65,60.0,reported
2026-01-20,Quezon City,DIESEL,FLYING,50.2,51.45,reported
2026-01-20,Quezon City,DIESEL,INDEPENDENT,47.66,48.69,reported
2026-01-20,Quezon City,DIESEL,PETRON,52.95,55.3,reported
2026-01-20,Quezon City,DIESEL,PHOENIX,51.9,56.9,reported
2026-01-20,Quezon City,DIESEL,SEAOIL,51.1,53.18,reported
2026-01-20,Quezon City,DIESEL,SHELL,56.67,58.3,reported
2026-01-20,Quezon City,DIESEL,UNIOIL,54.4,54.45,reported
2026-01-20,Quezon City,DIESEL PLUS,CALTEX,60.05,60.05,reported
2026-01-20,Quezon City,DIESEL PLUS,PETRON,55.95,58.3,reported
2026-01-20,Quezon City,DIESEL PLUS,SHELL,65.26,66.8,reported
2026-01-20,Quezon City,KEROSENE,PETRON,80.54,82.12,reported
2026-01-20,Quezon City,RON 100,PETRON,64.89,66.13,reported
2026-01-20,Quezon City,RON 91,CALTEX,58.84,63.0,reported
2026-01-20,Quezon City,RON 91,FLYING,50.1,52.7,reported
2026-01-20,Quezon City,RON 91,INDEPENDENT,49.1,50.3,reported
2026-01-20,Quezon City,RON 91,PETRON,53.4,55.1,reported
2026-01-20,Quezon City,RON 91,PHOENIX,52.7,59.2,reported
2026-01-20,Quezon City,RON 91,SEAOIL,53.0,54.1,reported
2026-01-20,Quezon City,RON 91,SHELL,57.74,59.4,reported
2026-01-20,Quezon City,RON 91,UNIOIL,54.4,55.1,reported
2026-01-20,Quezon City,RON 95,CALTEX,61.6,68.25,reported
2026-01-20,Quezon City,RON 95,FLYING,52.6,53.2,reported
2026-01-20,Quezon City,RON 95,INDEPENDENT,50.3,51.9,reported
2026-01-20,Quezon City,RON 95,PETRON,54.45,56.65,reported
2026-01-20,Quezon City,RON 95,PHOENIX,53.99,61.2,reported
2026-01-20,Quezon City,RON 95,SHELL,65.15,67.25,reported
2026-01-20,Quezon City,RON 95,UNIOIL,57.9,58.1,reported
2026-01-20,Quezon City,RON 97,SEAOIL,54.0,55.1,reported
2026-01-20,Quezon City,RON 97,SHELL,69.3,70.25,reported
2026-01-20,Quezon City,RON 97,UNIOIL,66.9,68.05,reported
2026-01-20,Taguig Cty,DIESEL,CALTEX,51.15,58.8,reported
2026-01-20,Taguig Cty,DIESEL,FLYING,51.1,51.3,reported
2026-01-20,Taguig Cty,DIESEL,INDEPENDENT,51.3,56.29,reported
2026-01-20,Taguig Cty,DIESEL,PETRON,53.4,53.6,reported
2026-01-20,Taguig Cty,DIESEL,SEAOIL,51.3,51.3,reported
2026-01-20,Taguig Cty,DIESEL,SHELL,56.19,58.3,reported
2026-01-20,Taguig Cty,DIESEL PLUS,CALTEX,69.13,69.13,reported
2026-01-20,Taguig Cty,DIESEL PLUS,PETRON,54.4,56.6,reported
2026-01-20,Taguig Cty,DIESEL PLUS,SHELL,65.4,66.8,reported
2026-01-20,Taguig Cty,KEROSENE,CALTEX,86.4,94.59,reported
2026-01-20,Taguig Cty,RON 100,PETRON,65.32,65.5,reported
2026-01-20,Taguig Cty,RON 91,CALTEX,52.85,59.89,reported
2026-01-20,Taguig Cty,RON 91,FLYING,52.8,53.1,reported
2026-01-20,Taguig Cty,RON 91,INDEPENDENT,53.1,58.99,reported
2026-01-20,Taguig Cty,RON 91,PETRON,53.7,54.4,reported
2026-01-20,Taguig Cty,RON 91,PHOENIX,,,no_report
2026-01-20,Taguig Cty,RON 91,SEAOIL,53.1,53.1,reported
2026-01-20,Taguig Cty,RON 91,SHELL,56.39,58.39,reported
2026-01-20,Taguig Cty,RON 91,TOTAL,,,no_report
2026-01-20,Taguig Cty,RON 91,UNIOIL,,,no_report
2026-01-20,Taguig Cty,RON 95,CALTEX,53.15,68.08,reported
2026-01-20,Taguig Cty,RON 95,FLYING,53.1,53.4,reported
2026-01-20,Taguig Cty,RON 95,INDEPENDENT,53.4,59.49,reported
2026-01-20,Taguig Cty,RON 95,PETRON,55.25,55.7,reported
2026-01-20,Taguig Cty,RON 95,SHELL,64.58,66.48,reported
2026-01-20,Taguig Cty,RON 97,SEAOIL,53.6,53.6,reported
2026-01-20,Taguig Cty,RON 97,SHELL,67.58,69.48,reported
2026-01-27,Caloocan City,DIESEL,CALTEX,57.99,57.99,reported
2026-01-27,Caloocan City,DIESEL,FLYING,50.28,52.1,reported
2026-01-27,Caloocan City,DIESEL,INDEPENDENT,48.0,53.95,reported
2026-01-27,Caloocan City,DIESEL,PETRON,54.0,57.5,reported
2026-01-27,Caloocan City,DIESEL,SEAOIL,51.06,52.0,reported
2026-01-27,Caloocan City,DIESEL,SHELL,56.38,57.35,reported
2026-01-27,Caloocan City,DIESEL,UNIOIL,55.5,55.5,reported
2026-01-27,Caloocan City,DIESEL PLUS,PETRON,60.5,60.5,reported
2026-01-27,Caloocan City,DIESEL PLUS,SHELL,65.85,66.9,reported
2026-01-27,Caloocan City,KEROSENE,PETRON,80.14,81.72,reported
2026-01-27,Caloocan City,RON 91,CALTEX,57.69,57.69,reported
2026-01-27,Caloocan City,RON 91,FLYING,50.2,51.4,reported
2026-01-27,Caloocan City,RON 91,INDEPENDENT,49.0,54.3,reported
2026-01-27,Caloocan City,RON 91,PETRON,53.1,56.5,reported
2026-01-27,Caloocan City,RON 91,SEAOIL,52.35,54.1,reported
2026-01-27,Caloocan City,RON 91,SHELL,56.1,57.35,reported
2026-01-27,Caloocan City,RON 91,UNIOIL,55.6,55.6,reported
2026-01-27,Caloocan City,RON 95,CALTEX,65.95,65.95,reported
2026-01-27,Caloocan City,RON 95,FLYING,50.7,52.5,reported
2026-01-27,Caloocan City,RON 95,INDEPENDENT,50.0,55.8,reported
2026-01-27,Caloocan City,RON 95,PETRON,54.5,58.0,reported
2026-01-27,Caloocan City,RON 95,SHELL,65.39,67.23,reported
2026-01-27,Caloocan City,RON 95,UNIOIL,59.1,59.1,reported
2026-01-27,Caloocan City,RON 97,SEAOIL,53.5,55.39,reported
2026-01-27,Caloocan City,RON 97,SHELL,68.39,72.73,reported
2026-01-27,Makati City,DIESEL,CALTEX,55.61,62.39,reported
2026-01-27,Makati City,DIESEL,PETRON,53.4,55.61,reported
2026-01-27,Makati City,DIESEL,PHOENIX,54.9,54.9,reported
2026-01-27,Makati City,DIESEL,SHELL,57.44,57.84,reported
2026-01-27,Makati City,DIESEL,UNIOIL,54.9,55.85,reported
2026-01-27,Makati City,DIESEL PLUS,CALTEX,59.9,67.74,reported
2026-01-27,Makati City,DIESEL PLUS,PETRON,56.4,58.61,reported
2026-01-27,Makati City,DIESEL PLUS,SHELL,66.09,68.6,reported
2026-01-27,Makati City,RON 100,PETRON,63.13,67.1,reported
2026-01-27,Makati City,RON 91,CALTEX,55.5,64.8,reported
2026-01-27,Makati City,RON 91,FLYING,,,no_report
2026-01-27,Makati City,RON 91,PETRON,52.4,55.5,reported
2026-01-27,Makati City,RON 91,PHOENIX,53.5,53.5,reported
2026-01-27,Makati City,RON 91,SHELL,58.49,59.8,reported
2026-01-27,Makati City,RON 91,TOTAL,,,no_report
2026-01-27,Makati City,RON 91,UNIOIL,53.5,54.9,reported
2026-01-27,Makati City,RON 95,CALTEX,57.0,71.89,reported
2026-01-27,Makati City,RON 95,PETRON,53.9,57.01,reported
2026-01-27,Makati City,RON 95,PHOENIX,55.0,55.0,reported
2026-01-27,Makati City,RON 95,SHELL,66.88,68.68,reported
2026-01-27,Makati City,RON 95,UNIOIL,56.1,57.0,reported
2026-01-27,Makati City,RON 97,PHOENIX,68.68,68.68,reported
2026-01-27,Makati City,RON 97,SHELL,68.49,70.39,reported
2026-01-27,Makati City,RON 97,UNIOIL,69.2,69.2,reported
2026-01-27,Manila City,DIESEL,CALTEX,57.9,59.7,reported
2026-01-27,Manila City,DIESEL,FLYING,52.1,53.45,reported
2026-01-27,Manila City,DIESEL,INDEPENDENT,50.29,52.5,reported
2026-01-27,Manila City,DIESEL,PETRON,54.4,58.4,reported
2026-01-27,Manila City,DIESEL,SEAOIL,54.1,55.7,reported
2026-01-27,Manila City,DIESEL,SHELL,57.49,59.8,reported
2026-01-27,Manila City,DIESEL,TOTAL,53.5,59.8,reported
2026-01-27,Manila City,DIESEL PLUS,INDEPENDENT,54.9,54.9,reported
2026-01-27,Manila City,DIESEL PLUS,PETRON,57.4,61.4,reported
2026-01-27,Manila City,DIESEL PLUS,SHELL,65.99,68.3,reported
2026-01-27,Manila City,DIESEL PLUS,TOTAL,55.5,55.5,reported
2026-01-27,Manila City,KEROSENE,INDEPENDENT,75.2,75.2,reported
2026-01-27,Manila City,KEROSENE,PETRON,80.91,81.17,reported
2026-01-27,Manila City,RON 100,PETRON,63.89,70.56,reported
2026-01-27,Manila City,RON 91,CALTEX,57.8,58.09,reported
2026-01-27,Manila City,RON 91,FLYING,52.3,53.7,reported
2026-01-27,Manila City,RON 91,INDEPENDENT,51.89,53.9,reported
2026-01-27,Manila City,RON 91,PETRON,52.3,58.0,reported
2026-01-27,Manila City,RON 91,SEAOIL,52.3,53.8,reported
2026-01-27,Manila City,RON 91,SHELL,56.78,59.19,reported
2026-01-27,Manila City,RON 91,TOTAL,53.9,66.59,reported
2026-01-27,Manila City,RON 95,CALTEX,61.99,64.98,reported
2026-01-27,Manila City,RON 95,FLYING,53.98,55.0,reported
2026-01-27,Manila City,RON 95,INDEPENDENT,53.48,56.2,reported
2026-01-27,Manila City,RON 95,PETRON,53.79,60.3,reported
2026-01-27,Manila City,RON 95,SHELL,64.97,67.38,reported
2026-01-27,Manila City,RON 95,TOTAL,55.9,75.09,reported
2026-01-27,Manila City,RON 97,SEAOIL,53.8,55.3,reported
2026-01-27,Manila City,RON 97,SHELL,66.77,72.51,reported
2026-01-27,Muntinlupa City,DIESEL,CALTEX,50.9,61.1,reported
2026-01-27,Muntinlupa City,DIESEL,FLYING,52.9,52.9,reported
2026-01-27,Muntinlupa City,DIESEL,PETRON,56.3,59.91,reported
2026-01-27,Muntinlupa City,DIESEL,PHOENIX,56.35,58.4,reported
2026-01-27,Muntinlupa City,DIESEL,SEAOIL,57.8,57.8,reported
2026-01-27,Muntinlupa City,DIESEL,SHELL,59.8,63.31,reported
2026-01-27,Muntinlupa City,DIESEL,TOTAL,59.91,59.91,reported
2026-01-27,Muntinlupa City,DIESEL,UNIOIL,55.8,57.5,reported
2026-01-27,Muntinlupa City,DIESEL PLUS,PETRON,59.3,62.91,reported
2026-01-27,Muntinlupa City,DIESEL PLUS,SHELL,67.81,71.81,reported
2026-01-27,Muntinlupa City,DIESEL PLUS,TOTAL,62.91,62.91,reported
2026-01-27,Muntinlupa City,KEROSENE,CALTEX,87.2,87.2,reported
2026-01-27,Muntinlupa City,RON 100,PETRON,64.31,71.33,reported
2026-01-27,Muntinlupa City,RON 91,CALTEX,52.6,58.39,reported
2026-01-27,Muntinlupa City,RON 91,FLYING,49.9,49.9,reported
2026-01-27,Muntinlupa City,RON 91,PETRON,52.7,60.05,reported
2026-01-27,Muntinlupa City,RON 91,PHOENIX,56.35,59.55,reported
2026-01-27,Muntinlupa City,RON 91,PTT,,,no_report
2026-01-27,Muntinlupa City,RON 91,SEAOIL,55.5,61.7,reported
2026-01-27,Muntinlupa City,RON 91,SHELL,57.0,62.44,reported
2026-01-27,Muntinlupa City,RON 91,TOTAL,60.05,60.05,reported
2026-01-27,Muntinlupa City,RON 91,UNIOIL,58.05,58.05,reported
2026-01-27,Muntinlupa City,RON 95,CALTEX,52.9,64.4,reported
2026-01-27,Muntinlupa City,RON 95,FLYING,51.4,51.4,reported
2026-01-27,Muntinlupa City,RON 95,PETRON,54.2,61.25,reported
2026-01-27,Muntinlupa City,RON 95,PHOENIX,58.3,60.75,reported
2026-01-27,Muntinlupa City,RON 95,SHELL,66.08,70.63,reported
2026-01-27,Muntinlupa City,RON 95,TOTAL,61.25,61.25,reported
2026-01-27,Muntinlupa City,RON 95,UNIOIL,56.95,61.05,reported
2026-01-27,Muntinlupa City,RON 97,SEAOIL,57.5,62.52,reported
2026-01-27,Muntinlupa City,RON 97,SHELL,70.29,73.63,reported
2026-01-27,Parañaque City,DIESEL,CALTEX,59.8,60.0,reported
2026-01-27,Parañaque City,DIESEL,FLYING,55.79,55.8,reported
2026-01-27,Parañaque City,DIESEL,INDEPENDENT,57.2,59.0,reported
2026-01-27,Parañaque City,DIESEL,PETRON,53.4,60.25,reported
2026-01-27,Parañaque City,DIESEL,SEAOIL,55.4,57.8,reported
2026-01-27,Parañaque City,DIESEL,SHELL,58.31,63.75,reported
2026-01-27,Parañaque City,DIESEL,TOTAL,61.2,61.2,reported
2026-01-27,Parañaque City,DIESEL,UNIOIL,55.9,57.4,reported
2026-01-27,Parañaque City,DIESEL PLUS,CALTEX,62.0,63.2,reported
2026-01-27,Parañaque City,DIESEL PLUS,PETRON,56.4,63.25,reported
2026-01-27,Parañaque City,DIESEL PLUS,SHELL,66.8,72.25,reported
2026-01-27,Parañaque City,DIESEL PLUS,TOTAL,75.7,75.7,reported
2026-01-27,Parañaque City,KEROSENE,INDEPENDENT,74.5,74.5,reported
2026-01-27,Parañaque City,RON 100,PETRON,64.0,66.56,reported
2026-01-27,Parañaque City,RON 91,CALTEX,59.19,60.0,reported
2026-01-27,Parañaque City,RON 91,FLYING,54.8,54.8,reported
2026-01-27,Parañaque City,RON 91,INDEPENDENT,56.7,57.3,reported
2026-01-27,Parañaque City,RON 91,PETRON,52.4,55.24,reported
2026-01-27,Parañaque City,RON 91,PTT,,,no_report
2026-01-27,Parañaque City,RON 91,SEAOIL,56.8,56.8,reported
2026-01-27,Parañaque City,RON 91,SHELL,57.93,62.84,reported
2026-01-27,Parañaque City,RON 91,TOTAL,59.6,59.6,reported
2026-01-27,Parañaque City,RON 91,UNIOIL,54.6,56.4,reported
2026-01-27,Parañaque City,RON 95,CALTEX,62.1,64.7,reported
2026-01-27,Parañaque City,RON 95,FLYING,56.3,56.3,reported
2026-01-27,Parañaque City,RON 95,INDEPENDENT,58.2,59.8,reported
2026-01-27,Parañaque City,RON 95,PETRON,53.9,56.75,reported
2026-01-27,Parañaque City,RON 95,SHELL,66.12,71.03,reported
2026-01-27,Parañaque City,RON 95,TOTAL,61.6,61.6,reported
2026-01-27,Parañaque City,RON 95,UNIOIL,58.1,59.9,reported
2026-01-27,Parañaque City,RON 97,SEAOIL,57.8,58.3,reported
2026-01-27,Parañaque City,RON 97,SHELL,67.92,70.93,reported
2026-01-27,Parañaque City,RON 97,UNIOIL,71.0,71.3,reported
2026-01-27,Pasay City,DIESEL,CALTEX,59.2,61.5,reported
2026-01-27,Pasay City,DIESEL,INDEPENDENT,51.6,56.1,reported
2026-01-27,Pasay City,DIESEL,PETRON,54.4,59.05,reported
2026-01-27,Pasay City,DIESEL,PTT,54.6,59.05,reported
2026-01-27,Pasay City,DIESEL,SHELL,57.8,62.15,reported
2026-01-27,Pasay City,DIESEL,TOTAL,65.65,65.65,reported
2026-01-27,Pasay City,DIESEL PLUS,CALTEX,63.5,63.5,reported
2026-01-27,Pasay City,DIESEL PLUS,PETRON,62.05,62.05,reported
2026-01-27,Pasay City,DIESEL PLUS,PTT,60.05,60.05,reported
2026-01-27,Pasay City,DIESEL PLUS,SHELL,66.3,70.65,reported
2026-01-27,Pasay City,DIESEL PLUS,TOTAL,68.65,68.65,reported
2026-01-27,Pasay City,KEROSENE,CALTEX,91.73,91.73,reported
2026-01-27,Pasay City,KEROSENE,PETRON,81.86,81.86,reported
2026-01-27,Pasay City,RON 100,PETRON,66.07,72.84,reported
2026-01-27,Pasay City,RON 91,CALTEX,58.09,60.3,reported
2026-01-27,Pasay City,RON 91,FLYING,,,no_report
2026-01-27,Pasay City,RON 91,INDEPENDENT,52.1,54.8,reported
2026-01-27,Pasay City,RON 91,PETRON,52.6,60.95,reported
2026-01-27,Pasay City,RON 91,PTT,52.79,60.94,reported
2026-01-27,Pasay City,RON 91,SEAOIL,,,no_report
2026-01-27,Pasay City,RON 91,SHELL,58.09,63.34,reported
2026-01-27,Pasay City,RON 91,TOTAL,66.35,66.35,reported
2026-01-27,Pasay City,RON 95,CALTEX,63.73,66.28,reported
2026-01-27,Pasay City,RON 95,INDEPENDENT,53.6,55.9,reported
2026-01-27,Pasay City,RON 95,PETRON,54.1,62.45,reported
2026-01-27,Pasay City,RON 95,PTT,54.3,62.45,reported
2026-01-27,Pasay City,RON 95,SHELL,66.28,70.83,reported
2026-01-27,Pasay City,RON 95,TOTAL,67.85,67.85,reported
2026-01-27,Pasay City,RON 97,SHELL,68.59,73.83,reported
2026-01-27,Pasig City,DIESEL,CALTEX,59.39,62.49,reported
2026-01-27,Pasig City,DIESEL,FLYING,50.3,54.65,reported
2026-01-27,Pasig City,DIESEL,INDEPENDENT,52.75,56.55,reported
2026-01-27,Pasig City,DIESEL,PETRON,52.55,56.6,reported
2026-01-27,Pasig City,DIESEL,PHOENIX,51.3,58.6,reported
2026-01-27,Pasig City,DIESEL,SEAOIL,52.18,55.05,reported
2026-01-27,Pasig City,DIESEL,SHELL,57.39,62.3,reported
2026-01-27,Pasig City,DIESEL,TOTAL,55.15,55.15,reported
2026-01-27,Pasig City,DIESEL,UNIOIL,56.55,56.6,reported
2026-01-27,Pasig City,DIESEL PLUS,CALTEX,61.39,61.39,reported
2026-01-27,Pasig City,DIESEL PLUS,PETRON,55.55,59.6,reported
2026-01-27,Pasig City,DIESEL PLUS,SHELL,67.0,70.8,reported
2026-01-27,Pasig City,KEROSENE,PETRON,81.23,81.23,reported
2026-01-27,Pasig City,RON 100,PETRON,63.45,64.64,reported
2026-01-27,Pasig City,RON 91,CALTEX,57.49,60.43,reported
2026-01-27,Pasig City,RON 91,FLYING,51.9,52.1,reported
2026-01-27,Pasig City,RON 91,INDEPENDENT,51.55,55.65,reported
2026-01-27,Pasig City,RON 91,PETRON,51.35,53.6,reported
2026-01-27,Pasig City,RON 91,PHOENIX,53.1,56.3,reported
2026-01-27,Pasig City,RON 91,SEAOIL,52.8,53.75,reported
2026-01-27,Pasig City,RON 91,SHELL,55.39,62.29,reported
2026-01-27,Pasig City,RON 91,TOTAL,54.0,54.0,reported
2026-01-27,Pasig City,RON 91,UNIOIL,55.25,55.55,reported
2026-01-27,Pasig City,RON 95,CALTEX,58.74,67.4,reported
2026-01-27,Pasig City,RON 95,FLYING,52.3,52.95,reported
2026-01-27,Pasig City,RON 95,INDEPENDENT,52.55,56.65,reported
2026-01-27,Pasig City,RON 95,PETRON,52.85,55.1,reported
2026-01-27,Pasig City,RON 95,PHOENIX,53.3,59.3,reported
2026-01-27,Pasig City,RON 95,SHELL,66.05,70.48,reported
2026-01-27,Pasig City,RON 95,UNIOIL,58.55,58.75,reported
2026-01-27,Pasig City,RON 97,SEAOIL,54.75,57.25,reported
2026-01-27,Pasig City,RON 97,SHELL,66.05,73.48,reported
2026-01-27,Pasig City,RON 97,UNIOIL,67.45,69.8,reported
2026-01-27,Quezon City,DIESEL,CALTEX,59.05,60.0,reported
2026-01-27,Quezon City,DIESEL,FLYING,50.09,52.85,reported
2026-01-27,Quezon City,DIESEL,INDEPENDENT,47.96,48.89,reported
2026-01-27,Quezon City,DIESEL,PETRON,54.35,56.7,reported
2026-01-27,Quezon City,DIESEL,PHOENIX,51.3,58.3,reported
2026-01-27,Quezon City,DIESEL,SEAOIL,52.94,54.3,reported
2026-01-27,Quezon City,DIESEL,SHELL,56.35,57.38,reported
2026-01-27,Quezon City,DIESEL,UNIOIL,55.8,55.85,reported
2026-01-27,Quezon City,DIESEL PLUS,CALTEX,61.45,61.45,reported
2026-01-27,Quezon City,DIESEL PLUS,PETRON,57.35,59.7,reported
2026-01-27,Quezon City,DIESEL PLUS,SHELL,65.85,67.05,reported
2026-01-27,Quezon City,KEROSENE,PETRON,81.34,82.76,reported
2026-01-27,Quezon City,RON 100,PETRON,65.29,66.53,reported
2026-01-27,Quezon City,RON 91,CALTEX,59.24,63.0,reported
2026-01-27,Quezon City,RON 91,FLYING,49.5,52.3,reported
2026-01-27,Quezon City,RON 91,INDEPENDENT,49.1,50.7,reported
2026-01-27,Quezon City,RON 91,PETRON,53.8,55.5,reported
2026-01-27,Quezon City,RON 91,PHOENIX,51.39,59.6,reported
2026-01-27,Quezon City,RON 91,SEAOIL,52.3,54.5,reported
2026-01-27,Quezon City,RON 91,SHELL,57.38,58.1,reported
2026-01-27,Quezon City,RON 91,UNIOIL,54.8,55.5,reported
2026-01-27,Quezon City,RON 95,CALTEX,62.0,68.25,reported
2026-01-27,Quezon City,RON 95,FLYING,51.6,52.35,reported
2026-01-27,Quezon City,RON 95,INDEPENDENT,50.3,51.9,reported
2026-01-27,Quezon City,RON 95,PETRON,54.85,57.05,reported
2026-01-27,Quezon City,RON 95,PHOENIX,52.39,61.6,reported
2026-01-27,Quezon City,RON 95,SHELL,65.4,66.15,reported
2026-01-27,Quezon City,RON 95,UNIOIL,58.3,58.5,reported
2026-01-27,Quezon City,RON 97,SEAOIL,53.81,55.5,reported
2026-01-27,Quezon City,RON 97,SHELL,68.25,68.55,reported
2026-01-27,Quezon City,RON 97,UNIOIL,67.3,68.4,reported
2026-01-27,Taguig Cty,DIESEL,CALTEX,50.9,58.5,reported
2026-01-27,Taguig Cty,DIESEL,FLYING,50.3,50.5,reported
2026-01-27,Taguig Cty,DIESEL,INDEPENDENT,53.3,56.29,reported
2026-01-27,Taguig Cty,DIESEL,PETRON,52.5,55.0,reported
2026-01-27,Taguig Cty,DIESEL,SEAOIL,52.35,52.35,reported
2026-01-27,Taguig Cty,DIESEL,SHELL,57.59,59.35,reported
2026-01-27,Taguig Cty,DIESEL PLUS,CALTEX,68.53,68.53,reported
2026-01-27,Taguig Cty,DIESEL PLUS,PETRON,55.5,58.0,reported
2026-01-27,Taguig Cty,DIESEL PLUS,SHELL,66.8,68.2,reported
2026-01-27,Taguig Cty,KEROSENE,CALTEX,87.2,95.2,reported
2026-01-27,Taguig Cty,RON 100,PETRON,65.72,65.9,reported
2026-01-27,Taguig Cty,RON 91,CALTEX,52.6,58.69,reported
2026-01-27,Taguig Cty,RON 91,FLYING,52.1,52.2,reported
2026-01-27,Taguig Cty,RON 91,INDEPENDENT,52.1,58.99,reported
2026-01-27,Taguig Cty,RON 91,PETRON,52.5,54.8,reported
2026-01-27,Taguig Cty,RON 91,PHOENIX,,,no_report
2026-01-27,Taguig Cty,RON 91,SEAOIL,53.15,53.15,reported
2026-01-27,Taguig Cty,RON 91,SHELL,56.79,58.69,reported
2026-01-27,Taguig Cty,RON 91,TOTAL,,,no_report
2026-01-27,Taguig Cty,RON 91,UNIOIL,,,no_report
2026-01-27,Taguig Cty,RON 95,CALTEX,52.9,66.0,reported
2026-01-27,Taguig Cty,RON 95,FLYING,52.3,52.5,reported
2026-01-27,Taguig Cty,RON 95,INDEPENDENT,52.3,59.49,reported
2026-01-27,Taguig Cty,RON 95,PETRON,54.0,56.1,reported
2026-01-27,Taguig Cty,RON 95,SHELL,64.98,66.2,reported
2026-01-27,Taguig Cty,RON 97,SEAOIL,53.65,53.65,reported
2026-01-27,Taguig Cty,RON 97,SHELL,67.98,69.2,reported
2026-02-03,Caloocan City,DIESEL,CALTEX,58.89,58.89,reported
2026-02-03,Caloocan City,DIESEL,FLYING,51.36,53.7,reported
2026-02-03,Caloocan City,DIESEL,INDEPENDENT,48.0,55.55,reported
2026-02-03,Caloocan City,DIESEL,PETRON,54.3,59.1,reported
2026-02-03,Caloocan City,DIESEL,SEAOIL,52.2,52.66,reported
2026-02-03,Caloocan City,DIESEL,SHELL,57.98,58.95,reported
2026-02-03,Caloocan City,DIESEL,UNIOIL,57.1,57.1,reported
2026-02-03,Caloocan City,DIESEL PLUS,PETRON,62.1,62.1,reported
2026-02-03,Caloocan City,DIESEL PLUS,SHELL,67.45,68.5,reported
2026-02-03,Caloocan City,KEROSENE,PETRON,81.24,82.82,reported
2026-02-03,Caloocan City,RON 91,CALTEX,57.49,57.49,reported
2026-02-03,Caloocan City,RON 91,FLYING,50.4,52.2,reported
2026-02-03,Caloocan City,RON 91,INDEPENDENT,49.0,55.1,reported
2026-02-03,Caloocan City,RON 91,PETRON,51.9,57.3,reported
2026-02-03,Caloocan City,RON 91,SEAOIL,53.15,54.5,reported
2026-02-03,Caloocan City,RON 91,SHELL,56.65,58.0,reported
2026-02-03,Caloocan City,RON 91,UNIOIL,56.4,56.4,reported
2026-02-03,Caloocan City,RON 95,CALTEX,65.5,65.5,reported
2026-02-03,Caloocan City,RON 95,FLYING,51.0,53.3,reported
2026-02-03,Caloocan City,RON 95,INDEPENDENT,50.0,56.6,reported
2026-02-03,Caloocan City,RON 95,PETRON,53.0,58.79,reported
2026-02-03,Caloocan City,RON 95,SHELL,65.38,66.48,reported
2026-02-03,Caloocan City,RON 95,UNIOIL,59.9,59.9,reported
2026-02-03,Caloocan City,RON 97,SEAOIL,54.3,55.79,reported
2026-02-03,Caloocan City,RON 97,SHELL,69.19,69.48,reported
2026-02-03,Makati City,DIESEL,CALTEX,57.21,62.39,reported
2026-02-03,Makati City,DIESEL,PETRON,55.0,57.21,reported
2026-02-03,Makati City,DIESEL,PHOENIX,56.5,56.5,reported
2026-02-03,Makati City,DIESEL,SHELL,57.59,59.44,reported
2026-02-03,Makati City,DIESEL,UNIOIL,55.0,56.5,reported
2026-02-03,Makati City,DIESEL PLUS,CALTEX,61.5,67.74,reported
2026-02-03,Makati City,DIESEL PLUS,PETRON,58.0,60.21,reported
2026-02-03,Makati City,DIESEL PLUS,SHELL,66.09,67.94,reported
2026-02-03,Makati City,RON 100,PETRON,63.93,67.9,reported
2026-02-03,Makati City,RON 91,CALTEX,56.3,64.8,reported
2026-02-03,Makati City,RON 91,FLYING,,,no_report
2026-02-03,Makati City,RON 91,PETRON,53.2,56.3,reported
2026-02-03,Makati City,RON 91,PHOENIX,54.3,54.3,reported
2026-02-03,Makati City,RON 91,SHELL,58.2,58.69,reported
2026-02-03,Makati City,RON 91,TOTAL,,,no_report
2026-02-03,Makati City,RON 91,UNIOIL,53.2,54.3,reported
2026-02-03,Makati City,RON 95,CALTEX,57.8,71.89,reported
2026-02-03,Makati City,RON 95,PETRON,54.7,57.81,reported
2026-02-03,Makati City,RON 95,PHOENIX,55.8,55.8,reported
2026-02-03,Makati City,RON 95,SHELL,66.39,67.69,reported
2026-02-03,Makati City,RON 95,UNIOIL,54.7,57.8,reported
2026-02-03,Makati City,RON 97,PHOENIX,69.48,69.48,reported
2026-02-03,Makati City,RON 97,SHELL,68.1,69.4,reported
2026-02-03,Makati City,RON 97,UNIOIL,70.0,70.0,reported
2026-02-03,Manila City,DIESEL,CALTEX,58.99,59.09,reported
2026-02-03,Manila City,DIESEL,FLYING,53.05,53.5,reported
2026-02-03,Manila City,DIESEL,INDEPENDENT,51.44,52.75,reported
2026-02-03,Manila City,DIESEL,PETRON,54.8,58.2,reported
2026-02-03,Manila City,DIESEL,SEAOIL,55.7,56.0,reported
2026-02-03,Manila City,DIESEL,SHELL,59.09,61.4,reported
2026-02-03,Manila City,DIESEL,TOTAL,53.5,61.4,reported
2026-02-03,Manila City,DIESEL PLUS,INDEPENDENT,55.15,55.15,reported
2026-02-03,Manila City,DIESEL PLUS,PETRON,57.8,61.2,reported
2026-02-03,Manila City,DIESEL PLUS,SHELL,67.59,69.9,reported
2026-02-03,Manila City,DIESEL PLUS,TOTAL,55.5,55.5,reported
2026-02-03,Manila City,KEROSENE,INDEPENDENT,77.0,77.0,reported
2026-02-03,Manila City,KEROSENE,PETRON,82.01,82.25,reported
2026-02-03,Manila City,RON 100,PETRON,64.69,69.9,reported
2026-02-03,Manila City,RON 91,CALTEX,56.99,57.58,reported
2026-02-03,Manila City,RON 91,FLYING,50.8,51.8,reported
2026-02-03,Manila City,RON 91,INDEPENDENT,50.99,53.5,reported
2026-02-03,Manila City,RON 91,PETRON,53.1,57.6,reported
2026-02-03,Manila City,RON 91,SEAOIL,50.1,54.6,reported
2026-02-03,Manila City,RON 91,SHELL,57.58,59.99,reported
2026-02-03,Manila City,RON 91,TOTAL,53.9,67.39,reported
2026-02-03,Manila City,RON 95,CALTEX,60.99,63.8,reported
2026-02-03,Manila City,RON 95,FLYING,52.3,53.4,reported
2026-02-03,Manila City,RON 95,INDEPENDENT,52.59,55.9,reported
2026-02-03,Manila City,RON 95,PETRON,54.59,59.6,reported
2026-02-03,Manila City,RON 95,SHELL,65.77,68.18,reported
2026-02-03,Manila City,RON 95,TOTAL,55.9,75.89,reported
2026-02-03,Manila City,RON 97,SEAOIL,54.6,56.1,reported
2026-02-03,Manila City,RON 97,SHELL,67.48,71.18,reported
2026-02-03,Muntinlupa City,DIESEL,CALTEX,62.7,63.47,reported
2026-02-03,Muntinlupa City,DIESEL,FLYING,53.1,53.1,reported
2026-02-03,Muntinlupa City,DIESEL,PETRON,57.9,61.51,reported
2026-02-03,Muntinlupa City,DIESEL,PHOENIX,58.1,60.0,reported
2026-02-03,Muntinlupa City,DIESEL,SEAOIL,57.9,59.4,reported
2026-02-03,Muntinlupa City,DIESEL,SHELL,60.89,64.91,reported
2026-02-03,Muntinlupa City,DIESEL,TOTAL,61.51,61.51,reported
2026-02-03,Muntinlupa City,DIESEL,UNIOIL,58.2,59.1,reported
2026-02-03,Muntinlupa City,DIESEL PLUS,PETRON,60.9,64.51,reported
2026-02-03,Muntinlupa City,DIESEL PLUS,SHELL,69.41,73.41,reported
2026-02-03,Muntinlupa City,DIESEL PLUS,TOTAL,64.51,64.51,reported
2026-02-03,Muntinlupa City,KEROSENE,CALTEX,81.84,81.84,reported
2026-02-03,Muntinlupa City,RON 100,PETRON,65.22,72.13,reported
2026-02-03,Muntinlupa City,RON 91,CALTEX,58.83,59.19,reported
2026-02-03,Muntinlupa City,RON 91,FLYING,50.3,50.3,reported
2026-02-03,Muntinlupa City,RON 91,PETRON,53.5,60.85,reported
2026-02-03,Muntinlupa City,RON 91,PHOENIX,57.25,60.35,reported
2026-02-03,Muntinlupa City,RON 91,PTT,,,no_report
2026-02-03,Muntinlupa City,RON 91,SEAOIL,53.5,62.5,reported
2026-02-03,Muntinlupa City,RON 91,SHELL,57.0,63.24,reported
2026-02-03,Muntinlupa City,RON 91,TOTAL,60.85,60.85,reported
2026-02-03,Muntinlupa City,RON 91,UNIOIL,58.85,58.85,reported
2026-02-03,Muntinlupa City,RON 95,CALTEX,61.51,65.2,reported
2026-02-03,Muntinlupa City,RON 95,FLYING,51.8,51.8,reported
2026-02-03,Muntinlupa City,RON 95,PETRON,55.0,62.05,reported
2026-02-03,Muntinlupa City,RON 95,PHOENIX,59.1,61.35,reported
2026-02-03,Muntinlupa City,RON 95,SHELL,64.9,71.43,reported
2026-02-03,Muntinlupa City,RON 95,TOTAL,62.05,62.05,reported
2026-02-03,Muntinlupa City,RON 95,UNIOIL,57.75,61.85,reported
2026-02-03,Muntinlupa City,RON 97,SEAOIL,55.5,63.32,reported
2026-02-03,Muntinlupa City,RON 97,SHELL,71.09,74.43,reported
2026-02-03,Parañaque City,DIESEL,CALTEX,61.4,61.6,reported
2026-02-03,Parañaque City,DIESEL,FLYING,54.5,54.51,reported
2026-02-03,Parañaque City,DIESEL,INDEPENDENT,54.7,59.9,reported
2026-02-03,Parañaque City,DIESEL,PETRON,55.0,61.85,reported
2026-02-03,Parañaque City,DIESEL,SEAOIL,56.5,59.0,reported
2026-02-03,Parañaque City,DIESEL,SHELL,59.91,64.35,reported
2026-02-03,Parañaque City,DIESEL,TOTAL,62.8,62.8,reported
2026-02-03,Parañaque City,DIESEL,UNIOIL,57.5,61.85,reported
2026-02-03,Parañaque City,DIESEL PLUS,CALTEX,63.6,64.8,reported
2026-02-03,Parañaque City,DIESEL PLUS,PETRON,58.0,64.85,reported
2026-02-03,Parañaque City,DIESEL PLUS,SHELL,68.4,72.85,reported
2026-02-03,Parañaque City,DIESEL PLUS,TOTAL,77.38,77.38,reported
2026-02-03,Parañaque City,KEROSENE,INDEPENDENT,75.0,75.0,reported
2026-02-03,Parañaque City,RON 100,PETRON,64.8,67.36,reported
2026-02-03,Parañaque City,RON 91,CALTEX,59.99,60.8,reported
2026-02-03,Parañaque City,RON 91,FLYING,52.9,53.4,reported
2026-02-03,Parañaque City,RON 91,INDEPENDENT,54.2,57.9,reported
2026-02-03,Parañaque City,RON 91,PETRON,53.2,56.04,reported
2026-02-03,Parañaque City,RON 91,PTT,,,no_report
2026-02-03,Parañaque City,RON 91,SEAOIL,56.7,57.6,reported
2026-02-03,Parañaque City,RON 91,SHELL,58.73,63.64,reported
2026-02-03,Parañaque City,RON 91,TOTAL,60.4,60.4,reported
2026-02-03,Parañaque City,RON 91,UNIOIL,55.4,56.05,reported
2026-02-03,Parañaque City,RON 95,CALTEX,62.9,65.5,reported
2026-02-03,Parañaque City,RON 95,FLYING,54.9,54.9,reported
2026-02-03,Parañaque City,RON 95,INDEPENDENT,55.7,60.3,reported
2026-02-03,Parañaque City,RON 95,PETRON,54.7,57.55,reported
2026-02-03,Parañaque City,RON 95,SHELL,65.99,71.83,reported
2026-02-03,Parañaque City,RON 95,TOTAL,62.4,62.4,reported
2026-02-03,Parañaque City,RON 95,UNIOIL,58.05,58.9,reported
2026-02-03,Parañaque City,RON 97,SEAOIL,58.2,58.6,reported
2026-02-03,Parañaque City,RON 97,SHELL,68.63,70.04,reported
2026-02-03,Parañaque City,RON 97,UNIOIL,69.76,72.2,reported
2026-02-03,Pasay City,DIESEL,CALTEX,60.8,61.28,reported
2026-02-03,Pasay City,DIESEL,INDEPENDENT,51.7,55.3,reported
2026-02-03,Pasay City,DIESEL,PETRON,56.0,60.65,reported
2026-02-03,Pasay City,DIESEL,PTT,56.2,60.65,reported
2026-02-03,Pasay City,DIESEL,SHELL,58.99,63.75,reported
2026-02-03,Pasay City,DIESEL,TOTAL,67.25,67.25,reported
2026-02-03,Pasay City,DIESEL PLUS,CALTEX,63.28,63.28,reported
2026-02-03,Pasay City,DIESEL PLUS,PETRON,63.65,63.65,reported
2026-02-03,Pasay City,DIESEL PLUS,PTT,61.65,61.65,reported
2026-02-03,Pasay City,DIESEL PLUS,SHELL,67.49,72.25,reported
2026-02-03,Pasay City,DIESEL PLUS,TOTAL,70.25,70.25,reported
2026-02-03,Pasay City,KEROSENE,CALTEX,92.83,92.83,reported
2026-02-03,Pasay City,KEROSENE,PETRON,82.96,82.96,reported
2026-02-03,Pasay City,RON 100,PETRON,66.87,73.64,reported
2026-02-03,Pasay City,RON 91,CALTEX,58.89,59.65,reported
2026-02-03,Pasay City,RON 91,FLYING,,,no_report
2026-02-03,Pasay City,RON 91,INDEPENDENT,51.99,54.3,reported
2026-02-03,Pasay City,RON 91,PETRON,53.4,61.75,reported
2026-02-03,Pasay City,RON 91,PTT,53.59,61.74,reported
2026-02-03,Pasay City,RON 91,SEAOIL,,,no_report
2026-02-03,Pasay City,RON 91,SHELL,58.89,64.14,reported
2026-02-03,Pasay City,RON 91,TOTAL,67.15,67.15,reported
2026-02-03,Pasay City,RON 95,CALTEX,63.12,67.08,reported
2026-02-03,Pasay City,RON 95,INDEPENDENT,53.6,55.3,reported
2026-02-03,Pasay City,RON 95,PETRON,54.9,63.25,reported
2026-02-03,Pasay City,RON 95,PTT,55.1,63.25,reported
2026-02-03,Pasay City,RON 95,SHELL,67.08,71.63,reported
2026-02-03,Pasay City,RON 95,TOTAL,68.65,68.65,reported
2026-02-03,Pasay City,RON 97,SHELL,69.08,74.63,reported
2026-02-03,Pasig City,DIESEL,CALTEX,60.99,61.93,reported
2026-02-03,Pasig City,DIESEL,FLYING,51.5,54.35,reported
2026-02-03,Pasig City,DIESEL,INDEPENDENT,52.75,58.15,reported
2026-02-03,Pasig City,DIESEL,PETRON,54.15,58.2,reported
2026-02-03,Pasig City,DIESEL,PHOENIX,52.9,59.1,reported
2026-02-03,Pasig City,DIESEL,SEAOIL,53.21,56.15,reported
2026-02-03,Pasig City,DIESEL,SHELL,58.99,63.9,reported
2026-02-03,Pasig City,DIESEL,TOTAL,58.85,58.85,reported
2026-02-03,Pasig City,DIESEL,UNIOIL,55.15,58.2,reported
2026-02-03,Pasig City,DIESEL PLUS,CALTEX,62.99,62.99,reported
2026-02-03,Pasig City,DIESEL PLUS,PETRON,57.15,61.2,reported
2026-02-03,Pasig City,DIESEL PLUS,SHELL,67.49,72.4,reported
2026-02-03,Pasig City,KEROSENE,PETRON,82.33,82.33,reported
2026-02-03,Pasig City,RON 100,PETRON,64.25,65.44,reported
2026-02-03,Pasig City,RON 91,CALTEX,58.29,61.09,reported
2026-02-03,Pasig City,RON 91,FLYING,52.3,52.5,reported
2026-02-03,Pasig City,RON 91,INDEPENDENT,51.25,56.45,reported
2026-02-03,Pasig City,RON 91,PETRON,52.15,54.4,reported
2026-02-03,Pasig City,RON 91,PHOENIX,52.15,57.1,reported
2026-02-03,Pasig City,RON 91,SEAOIL,53.1,53.35,reported
2026-02-03,Pasig City,RON 91,SHELL,56.19,63.04,reported
2026-02-03,Pasig City,RON 91,TOTAL,56.0,56.0,reported
2026-02-03,Pasig City,RON 91,UNIOIL,53.65,56.05,reported
2026-02-03,Pasig City,RON 95,CALTEX,59.54,68.2,reported
2026-02-03,Pasig City,RON 95,FLYING,52.8,53.35,reported
2026-02-03,Pasig City,RON 95,INDEPENDENT,52.55,57.45,reported
2026-02-03,Pasig City,RON 95,PETRON,53.65,55.9,reported
2026-02-03,Pasig City,RON 95,PHOENIX,53.65,60.1,reported
2026-02-03,Pasig City,RON 95,SHELL,66.85,71.28,reported
2026-02-03,Pasig City,RON 95,UNIOIL,56.65,59.55,reported
2026-02-03,Pasig City,RON 97,SEAOIL,54.9,56.85,reported
2026-02-03,Pasig City,RON 97,SHELL,67.38,74.28,reported
2026-02-03,Pasig City,RON 97,UNIOIL,68.25,70.6,reported
2026-02-03,Quezon City,DIESEL,CALTEX,60.45,61.6,reported
2026-02-03,Quezon City,DIESEL,FLYING,50.75,54.45,reported
2026-02-03,Quezon City,DIESEL,INDEPENDENT,48.16,48.99,reported
2026-02-03,Quezon City,DIESEL,PETRON,53.8,56.0,reported
2026-02-03,Quezon City,DIESEL,PHOENIX,52.9,59.9,reported
2026-02-03,Quezon City,DIESEL,SEAOIL,53.15,54.6,reported
2026-02-03,Quezon City,DIESEL,SHELL,57.95,58.96,reported
2026-02-03,Quezon City,DIESEL,UNIOIL,57.4,57.45,reported
2026-02-03,Quezon City,DIESEL PLUS,CALTEX,62.85,62.85,reported
2026-02-03,Quezon City,DIESEL PLUS,PETRON,56.8,59.0,reported
2026-02-03,Quezon City,DIESEL PLUS,SHELL,67.45,68.65,reported
2026-02-03,Quezon City,KEROSENE,PETRON,82.44,83.86,reported
2026-02-03,Quezon City,RON 100,PETRON,64.08,64.91,reported
2026-02-03,Quezon City,RON 91,CALTEX,59.64,63.8,reported
2026-02-03,Quezon City,RON 91,FLYING,49.9,53.1,reported
2026-02-03,Quezon City,RON 91,INDEPENDENT,49.1,50.3,reported
2026-02-03,Quezon City,RON 91,PETRON,52.1,54.0,reported
2026-02-03,Quezon City,RON 91,PHOENIX,52.19,60.4,reported
2026-02-03,Quezon City,RON 91,SEAOIL,53.1,54.9,reported
2026-02-03,Quezon City,RON 91,SHELL,57.34,57.75,reported
2026-02-03,Quezon City,RON 91,UNIOIL,55.6,56.3,reported
2026-02-03,Quezon City,RON 95,CALTEX,62.4,69.05,reported
2026-02-03,Quezon City,RON 95,FLYING,52.0,54.15,reported
2026-02-03,Quezon City,RON 95,INDEPENDENT,50.2,51.9,reported
2026-02-03,Quezon City,RON 95,PETRON,53.6,55.4,reported
2026-02-03,Quezon City,RON 95,PHOENIX,53.19,62.4,reported
2026-02-03,Quezon City,RON 95,SHELL,66.2,66.95,reported
2026-02-03,Quezon City,RON 95,UNIOIL,59.1,59.3,reported
2026-02-03,Quezon City,RON 97,SEAOIL,54.61,55.7,reported
2026-02-03,Quezon City,RON 97,SHELL,69.05,69.35,reported
2026-02-03,Quezon City,RON 97,UNIOIL,68.1,69.25,reported
2026-02-03,Taguig Cty,DIESEL,CALTEX,51.95,60.1,reported
2026-02-03,Taguig Cty,DIESEL,FLYING,51.5,51.92,reported
2026-02-03,Taguig Cty,DIESEL,INDEPENDENT,51.5,56.29,reported
2026-02-03,Taguig Cty,DIESEL,PETRON,54.1,56.6,reported
2026-02-03,Taguig Cty,DIESEL,SEAOIL,53.95,53.95,reported
2026-02-03,Taguig Cty,DIESEL,SHELL,57.79,60.1,reported
2026-02-03,Taguig Cty,DIESEL PLUS,CALTEX,68.6,68.6,reported
2026-02-03,Taguig Cty,DIESEL PLUS,PETRON,57.1,59.6,reported
2026-02-03,Taguig Cty,DIESEL PLUS,SHELL,66.82,68.8,reported
2026-02-03,Taguig Cty,KEROSENE,CALTEX,88.3,96.49,reported
2026-02-03,Taguig Cty,RON 100,PETRON,66.52,66.7,reported
2026-02-03,Taguig Cty,RON 91,CALTEX,52.9,59.99,reported
2026-02-03,Taguig Cty,RON 91,FLYING,52.65,52.9,reported
2026-02-03,Taguig Cty,RON 91,INDEPENDENT,52.65,58.99,reported
2026-02-03,Taguig Cty,RON 91,PETRON,53.31,55.6,reported
2026-02-03,Taguig Cty,RON 91,PHOENIX,,,no_report
2026-02-03,Taguig Cty,RON 91,SEAOIL,53.95,53.95,reported
2026-02-03,Taguig Cty,RON 91,SHELL,57.19,59.24,reported
2026-02-03,Taguig Cty,RON 91,TOTAL,,,no_report
2026-02-03,Taguig Cty,RON 91,UNIOIL,,,no_report
2026-02-03,Taguig Cty,RON 95,CALTEX,53.2,66.8,reported
2026-02-03,Taguig Cty,RON 95,FLYING,52.95,53.2,reported
2026-02-03,Taguig Cty,RON 95,INDEPENDENT,52.95,59.49,reported
2026-02-03,Taguig Cty,RON 95,PETRON,54.8,56.9,reported
2026-02-03,Taguig Cty,RON 95,SHELL,65.78,67.0,reported
2026-02-03,Taguig Cty,RON 97,SEAOIL,54.45,54.45,reported
2026-02-03,Taguig Cty,RON 97,SHELL,68.78,69.39,reported
2026-02-10,Caloocan City,DIESEL,CALTEX,59.89,59.89,reported
2026-02-10,Caloocan City,DIESEL,FLYING,51.84,51.85,reported
2026-02-10,Caloocan City,DIESEL,INDEPENDENT,48.0,55.55,reported
2026-02-10,Caloocan City,DIESEL,PETRON,54.85,60.1,reported
2026-02-10,Caloocan City,DIESEL,SEAOIL,51.75,53.7,reported
2026-02-10,Caloocan City,DIESEL,SHELL,57.55,58.89,reported
2026-02-10,Caloocan City,DIESEL,UNIOIL,56.2,56.2,reported
2026-02-10,Caloocan City,DIESEL PLUS,PETRON,63.1,63.1,reported
2026-02-10,Caloocan City,DIESEL PLUS,SHELL,66.05,67.39,reported
2026-02-10,Caloocan City,KEROSENE,PETRON,81.84,83.42,reported
2026-02-10,Caloocan City,RON 91,CALTEX,58.09,58.09,reported
2026-02-10,Caloocan City,RON 91,FLYING,50.2,50.9,reported
2026-02-10,Caloocan City,RON 91,INDEPENDENT,49.0,54.7,reported
2026-02-10,Caloocan City,RON 91,PETRON,51.4,57.9,reported
2026-02-10,Caloocan City,RON 91,SEAOIL,50.9,55.1,reported
2026-02-10,Caloocan City,RON 91,SHELL,56.9,58.6,reported
2026-02-10,Caloocan City,RON 91,UNIOIL,55.31,55.31,reported
2026-02-10,Caloocan City,RON 95,CALTEX,65.95,65.95,reported
2026-02-10,Caloocan City,RON 95,FLYING,50.8,52.5,reported
2026-02-10,Caloocan City,RON 95,INDEPENDENT,50.0,56.2,reported
2026-02-10,Caloocan City,RON 95,PETRON,52.7,59.39,reported
2026-02-10,Caloocan City,RON 95,SHELL,65.04,66.79,reported
2026-02-10,Caloocan City,RON 95,UNIOIL,58.8,58.8,reported
2026-02-10,Caloocan City,RON 97,SEAOIL,51.9,56.39,reported
2026-02-10,Caloocan City,RON 97,SHELL,69.79,70.08,reported
2026-02-10,Makati City,DIESEL,CALTEX,58.21,61.09,reported
2026-02-10,Makati City,DIESEL,PETRON,53.5,56.0,reported
2026-02-10,Makati City,DIESEL,PHOENIX,55.6,55.6,reported
2026-02-10,Makati City,DIESEL,SHELL,59.5,60.19,reported
2026-02-10,Makati City,DIESEL,UNIOIL,56.0,57.5,reported
2026-02-10,Makati City,DIESEL PLUS,CALTEX,62.2,66.69,reported
2026-02-10,Makati City,DIESEL PLUS,PETRON,57.7,59.0,reported
2026-02-10,Makati City,DIESEL PLUS,SHELL,68.0,68.69,reported
2026-02-10,Makati City,RON 100,PETRON,64.33,65.11,reported
2026-02-10,Makati City,RON 91,CALTEX,56.9,62.19,reported
2026-02-10,Makati City,RON 91,FLYING,,,no_report
2026-02-10,Makati City,RON 91,PETRON,53.5,53.8,reported
2026-02-10,Makati City,RON 91,PHOENIX,53.5,53.5,reported
2026-02-10,Makati City,RON 91,SHELL,57.7,59.89,reported
2026-02-10,Makati City,RON 91,TOTAL,,,no_report
2026-02-10,Makati City,RON 91,UNIOIL,53.8,54.9,reported
2026-02-10,Makati City,RON 95,CALTEX,58.4,69.19,reported
2026-02-10,Makati City,RON 95,PETRON,54.99,55.3,reported
2026-02-10,Makati City,RON 95,PHOENIX,55.0,55.0,reported
2026-02-10,Makati City,RON 95,SHELL,65.89,68.08,reported
2026-02-10,Makati City,RON 95,UNIOIL,55.3,58.4,reported
2026-02-10,Makati City,RON 97,PHOENIX,67.3,67.3,reported
2026-02-10,Makati City,RON 97,SHELL,68.7,70.0,reported
2026-02-10,Manila City,DIESEL,CALTEX,59.99,60.09,reported
2026-02-10,Manila City,DIESEL,FLYING,52.45,53.8,reported
2026-02-10,Manila City,DIESEL,INDEPENDENT,50.3,52.75,reported
2026-02-10,Manila City,DIESEL,PETRON,54.3,57.0,reported
2026-02-10,Manila City,DIESEL,SEAOIL,55.1,57.0,reported
2026-02-10,Manila City,DIESEL,SHELL,58.7,59.0,reported
2026-02-10,Manila City,DIESEL,TOTAL,53.3,62.4,reported
2026-02-10,Manila City,DIESEL PLUS,PETRON,57.3,60.0,reported
2026-02-10,Manila City,DIESEL PLUS,SHELL,67.2,68.59,reported
2026-02-10,Manila City,DIESEL PLUS,TOTAL,55.3,55.3,reported
2026-02-10,Manila City,KEROSENE,INDEPENDENT,77.0,77.0,reported
2026-02-10,Manila City,KEROSENE,PETRON,82.61,82.87,reported
2026-02-10,Manila City,RON 100,PETRON,65.29,67.71,reported
2026-02-10,Manila City,RON 91,CALTEX,56.4,58.18,reported
2026-02-10,Manila City,RON 91,FLYING,51.3,52.38,reported
2026-02-10,Manila City,RON 91,INDEPENDENT,51.49,53.5,reported
2026-02-10,Manila City,RON 91,PETRON,52.59,55.4,reported
2026-02-10,Manila City,RON 91,SEAOIL,53.5,54.1,reported
2026-02-10,Manila City,RON 91,SHELL,57.5,57.6,reported
2026-02-10,Manila City,RON 91,TOTAL,53.9,67.99,reported
2026-02-10,Manila City,RON 95,CALTEX,62.2,64.4,reported
2026-02-10,Manila City,RON 95,FLYING,53.2,53.98,reported
2026-02-10,Manila City,RON 95,INDEPENDENT,53.38,55.7,reported
2026-02-10,Manila City,RON 95,PETRON,54.59,57.4,reported
2026-02-10,Manila City,RON 95,SHELL,65.69,66.37,reported
2026-02-10,Manila City,RON 95,TOTAL,55.6,76.49,reported
2026-02-10,Manila City,RON 97,SEAOIL,55.1,55.2,reported
2026-02-10,Manila City,RON 97,SHELL,68.08,71.6,reported
2026-02-10,Muntinlupa City,DIESEL,CALTEX,62.7,62.96,reported
2026-02-10,Muntinlupa City,DIESEL,FLYING,53.3,53.3,reported
2026-02-10,Muntinlupa City,DIESEL,PETRON,55.4,60.09,reported
2026-02-10,Muntinlupa City,DIESEL,PHOENIX,59.1,61.0,reported
2026-02-10,Muntinlupa City,DIESEL,SEAOIL,58.9,60.4,reported
2026-02-10,Muntinlupa City,DIESEL,SHELL,61.89,65.91,reported
2026-02-10,Muntinlupa City,DIESEL,TOTAL,62.51,62.51,reported
2026-02-10,Muntinlupa City,DIESEL,UNIOIL,57.1,59.1,reported
2026-02-10,Muntinlupa City,DIESEL PLUS,PETRON,58.4,63.09,reported
2026-02-10,Muntinlupa City,DIESEL PLUS,SHELL,70.41,74.41,reported
2026-02-10,Muntinlupa City,DIESEL PLUS,TOTAL,65.51,65.51,reported
2026-02-10,Muntinlupa City,KEROSENE,CALTEX,82.44,82.44,reported
2026-02-10,Muntinlupa City,RON 100,PETRON,64.03,68.46,reported
2026-02-10,Muntinlupa City,RON 91,CALTEX,59.19,59.43,reported
2026-02-10,Muntinlupa City,RON 91,FLYING,51.3,51.3,reported
2026-02-10,Muntinlupa City,RON 91,PETRON,52.6,56.85,reported
2026-02-10,Muntinlupa City,RON 91,PHOENIX,57.85,60.95,reported
2026-02-10,Muntinlupa City,RON 91,PTT,,,no_report
2026-02-10,Muntinlupa City,RON 91,SEAOIL,54.1,63.1,reported
2026-02-10,Muntinlupa City,RON 91,SHELL,57.09,63.84,reported
2026-02-10,Muntinlupa City,RON 91,TOTAL,61.45,61.45,reported
2026-02-10,Muntinlupa City,RON 91,UNIOIL,57.75,57.75,reported
2026-02-10,Muntinlupa City,RON 95,CALTEX,62.11,65.2,reported
2026-02-10,Muntinlupa City,RON 95,FLYING,51.6,51.6,reported
2026-02-10,Muntinlupa City,RON 95,PETRON,53.9,58.35,reported
2026-02-10,Muntinlupa City,RON 95,PHOENIX,59.7,62.15,reported
2026-02-10,Muntinlupa City,RON 95,SHELL,64.99,72.03,reported
2026-02-10,Muntinlupa City,RON 95,TOTAL,62.65,62.65,reported
2026-02-10,Muntinlupa City,RON 95,UNIOIL,53.9,60.75,reported
2026-02-10,Muntinlupa City,RON 97,SEAOIL,56.1,63.92,reported
2026-02-10,Muntinlupa City,RON 97,SHELL,71.69,75.03,reported
2026-02-10,Parañaque City,DIESEL,CALTEX,59.5,62.4,reported
2026-02-10,Parañaque City,DIESEL,FLYING,55.5,55.51,reported
2026-02-10,Parañaque City,DIESEL,INDEPENDENT,54.7,60.4,reported
2026-02-10,Parañaque City,DIESEL,PETRON,56.0,57.5,reported
2026-02-10,Parañaque City,DIESEL,SEAOIL,54.4,56.0,reported
2026-02-10,Parañaque City,DIESEL,SHELL,58.59,65.35,reported
2026-02-10,Parañaque City,DIESEL,TOTAL,63.8,63.8,reported
2026-02-10,Parañaque City,DIESEL,UNIOIL,58.5,62.85,reported
2026-02-10,Parañaque City,DIESEL PLUS,CALTEX,61.7,64.4,reported
2026-02-10,Parañaque City,DIESEL PLUS,PETRON,59.0,60.5,reported
2026-02-10,Parañaque City,DIESEL PLUS,SHELL,67.1,73.85,reported
2026-02-10,Parañaque City,DIESEL PLUS,TOTAL,78.3,78.3,reported
2026-02-10,Parañaque City,KEROSENE,INDEPENDENT,75.6,75.6,reported
2026-02-10,Parañaque City,RON 100,PETRON,65.4,67.95,reported
2026-02-10,Parañaque City,RON 91,CALTEX,59.01,60.6,reported
2026-02-10,Parañaque City,RON 91,FLYING,53.9,54.0,reported
2026-02-10,Parañaque City,RON 91,INDEPENDENT,54.2,57.8,reported
2026-02-10,Parañaque City,RON 91,PETRON,53.81,56.01,reported
2026-02-10,Parañaque City,RON 91,PTT,,,no_report
2026-02-10,Parañaque City,RON 91,SEAOIL,56.01,57.3,reported
2026-02-10,Parañaque City,RON 91,SHELL,58.2,59.8,reported
2026-02-10,Parañaque City,RON 91,TOTAL,61.8,61.8,reported
2026-02-10,Parañaque City,RON 91,UNIOIL,56.0,57.14,reported
2026-02-10,Parañaque City,RON 95,CALTEX,61.3,63.7,reported
2026-02-10,Parañaque City,RON 95,FLYING,55.5,55.5,reported
2026-02-10,Parañaque City,RON 95,INDEPENDENT,55.7,59.8,reported
2026-02-10,Parañaque City,RON 95,PETRON,55.3,57.5,reported
2026-02-10,Parañaque City,RON 95,SHELL,65.3,72.43,reported
2026-02-10,Parañaque City,RON 95,TOTAL,63.0,63.0,reported
2026-02-10,Parañaque City,RON 95,UNIOIL,59.14,59.5,reported
2026-02-10,Parañaque City,RON 97,SEAOIL,57.01,58.8,reported
2026-02-10,Parañaque City,RON 97,SHELL,68.3,70.64,reported
2026-02-10,Parañaque City,RON 97,UNIOIL,70.36,72.8,reported
2026-02-10,Pasay City,DIESEL,CALTEX,60.0,62.28,reported
2026-02-10,Pasay City,DIESEL,INDEPENDENT,51.6,55.3,reported
2026-02-10,Pasay City,DIESEL,PETRON,54.1,57.6,reported
2026-02-10,Pasay City,DIESEL,PTT,57.2,57.3,reported
2026-02-10,Pasay City,DIESEL,SHELL,59.99,64.75,reported
2026-02-10,Pasay City,DIESEL,TOTAL,68.25,68.25,reported
2026-02-10,Pasay City,DIESEL PLUS,CALTEX,64.28,64.28,reported
2026-02-10,Pasay City,DIESEL PLUS,PETRON,60.6,60.6,reported
2026-02-10,Pasay City,DIESEL PLUS,PTT,58.3,58.3,reported
2026-02-10,Pasay City,DIESEL PLUS,SHELL,68.49,73.25,reported
2026-02-10,Pasay City,DIESEL PLUS,TOTAL,71.25,71.25,reported
2026-02-10,Pasay City,KEROSENE,CALTEX,93.43,93.43,reported
2026-02-10,Pasay City,KEROSENE,PETRON,83.56,83.56,reported
2026-02-10,Pasay City,RON 100,PETRON,63.9,67.92,reported
2026-02-10,Pasay City,RON 91,CALTEX,58.7,60.04,reported
2026-02-10,Pasay City,RON 91,FLYING,,,no_report
2026-02-10,Pasay City,RON 91,INDEPENDENT,51.99,53.75,reported
2026-02-10,Pasay City,RON 91,PETRON,51.6,56.0,reported
2026-02-10,Pasay City,RON 91,PTT,54.19,55.7,reported
2026-02-10,Pasay City,RON 91,SEAOIL,,,no_report
2026-02-10,Pasay City,RON 91,SHELL,58.3,64.74,reported
2026-02-10,Pasay City,RON 91,TOTAL,67.75,67.75,reported
2026-02-10,Pasay City,RON 95,CALTEX,63.72,66.89,reported
2026-02-10,Pasay City,RON 95,INDEPENDENT,53.6,55.35,reported
2026-02-10,Pasay City,RON 95,PETRON,52.7,57.5,reported
2026-02-10,Pasay City,RON 95,PTT,55.7,57.2,reported
2026-02-10,Pasay City,RON 95,SHELL,66.49,72.23,reported
2026-02-10,Pasay City,RON 95,TOTAL,69.25,69.25,reported
2026-02-10,Pasay City,RON 97,SHELL,69.68,75.23,reported
2026-02-10,Pasig City,DIESEL,CALTEX,61.99,62.93,reported
2026-02-10,Pasig City,DIESEL,FLYING,51.9,53.65,reported
2026-02-10,Pasig City,DIESEL,INDEPENDENT,53.75,58.15,reported
2026-02-10,Pasig City,DIESEL,PETRON,54.0,59.2,reported
2026-02-10,Pasig City,DIESEL,PHOENIX,52.9,59.9,reported
2026-02-10,Pasig City,DIESEL,SEAOIL,51.7,57.0,reported
2026-02-10,Pasig City,DIESEL,SHELL,59.09,60.99,reported
2026-02-10,Pasig City,DIESEL,TOTAL,54.1,54.1,reported
2026-02-10,Pasig City,DIESEL,UNIOIL,56.1,56.15,reported
2026-02-10,Pasig City,DIESEL PLUS,CALTEX,63.99,63.99,reported
2026-02-10,Pasig City,DIESEL PLUS,PETRON,57.0,62.2,reported
2026-02-10,Pasig City,DIESEL PLUS,SHELL,68.49,70.98,reported
2026-02-10,Pasig City,KEROSENE,PETRON,82.93,82.93,reported
2026-02-10,Pasig City,RON 100,PETRON,63.28,65.79,reported
2026-02-10,Pasig City,RON 91,CALTEX,58.89,61.69,reported
2026-02-10,Pasig City,RON 91,FLYING,51.15,52.45,reported
2026-02-10,Pasig City,RON 91,INDEPENDENT,52.05,56.45,reported
2026-02-10,Pasig City,RON 91,PETRON,52.4,54.26,reported
2026-02-10,Pasig City,RON 91,PHOENIX,52.75,57.5,reported
2026-02-10,Pasig City,RON 91,SEAOIL,52.6,53.95,reported
2026-02-10,Pasig City,RON 91,SHELL,56.79,60.59,reported
2026-02-10,Pasig City,RON 91,TOTAL,52.85,52.85,reported
2026-02-10,Pasig City,RON 91,UNIOIL,54.25,54.35,reported
2026-02-10,Pasig City,RON 95,CALTEX,60.14,68.8,reported
2026-02-10,Pasig City,RON 95,FLYING,52.15,53.05,reported
2026-02-10,Pasig City,RON 95,INDEPENDENT,53.15,57.45,reported
2026-02-10,Pasig City,RON 95,PETRON,53.7,55.74,reported
2026-02-10,Pasig City,RON 95,PHOENIX,53.75,60.5,reported
2026-02-10,Pasig City,RON 95,SHELL,64.98,70.58,reported
2026-02-10,Pasig City,RON 95,UNIOIL,57.25,57.85,reported
2026-02-10,Pasig City,RON 97,SEAOIL,55.0,57.45,reported
2026-02-10,Pasig City,RON 97,SHELL,67.98,74.88,reported
2026-02-10,Pasig City,RON 97,UNIOIL,68.85,71.2,reported
2026-02-10,Quezon City,DIESEL,CALTEX,60.45,61.6,reported
2026-02-10,Quezon City,DIESEL,FLYING,51.24,54.45,reported
2026-02-10,Quezon City,DIESEL,INDEPENDENT,48.0,48.89,reported
2026-02-10,Quezon City,DIESEL,PETRON,53.15,55.5,reported
2026-02-10,Quezon City,DIESEL,PHOENIX,52.7,60.9,reported
2026-02-10,Quezon City,DIESEL,SEAOIL,51.9,56.9,reported
2026-02-10,Quezon City,DIESEL,SHELL,58.95,59.95,reported
2026-02-10,Quezon City,DIESEL,UNIOIL,56.3,58.4,reported
2026-02-10,Quezon City,DIESEL PLUS,CALTEX,62.85,62.85,reported
2026-02-10,Quezon City,DIESEL PLUS,PETRON,56.15,58.5,reported
2026-02-10,Quezon City,DIESEL PLUS,SHELL,68.45,69.16,reported
2026-02-10,Quezon City,KEROSENE,PETRON,83.04,84.46,reported
2026-02-10,Quezon City,RON 100,PETRON,63.4,64.89,reported
2026-02-10,Quezon City,RON 91,CALTEX,60.14,60.5,reported
2026-02-10,Quezon City,RON 91,FLYING,49.7,53.7,reported
2026-02-10,Quezon City,RON 91,INDEPENDENT,49.1,50.2,reported
2026-02-10,Quezon City,RON 91,PETRON,51.4,53.31,reported
2026-02-10,Quezon City,RON 91,PHOENIX,52.39,61.0,reported
2026-02-10,Quezon City,RON 91,SEAOIL,52.39,55.9,reported
2026-02-10,Quezon City,RON 91,SHELL,57.94,58.35,reported
2026-02-10,Quezon City,RON 91,UNIOIL,54.3,56.9,reported
2026-02-10,Quezon City,RON 95,CALTEX,63.0,69.0,reported
2026-02-10,Quezon City,RON 95,FLYING,51.8,54.75,reported
2026-02-10,Quezon City,RON 95,INDEPENDENT,50.2,51.6,reported
2026-02-10,Quezon City,RON 95,PETRON,52.9,54.8,reported
2026-02-10,Quezon City,RON 95,PHOENIX,53.39,63.0,reported
2026-02-10,Quezon City,RON 95,SHELL,66.54,67.55,reported
2026-02-10,Quezon City,RON 95,UNIOIL,57.8,59.9,reported
2026-02-10,Quezon City,RON 97,SEAOIL,53.99,56.9,reported
2026-02-10,Quezon City,RON 97,SHELL,69.65,69.95,reported
2026-02-10,Quezon City,RON 97,UNIOIL,68.7,69.85,reported
2026-02-10,Taguig Cty,DIESEL,CALTEX,52.2,61.1,reported
2026-02-10,Taguig Cty,DIESEL,FLYING,51.53,51.82,reported
2026-02-10,Taguig Cty,DIESEL,INDEPENDENT,52.5,56.29,reported
2026-02-10,Taguig Cty,DIESEL,PETRON,54.5,56.0,reported
2026-02-10,Taguig Cty,DIESEL,SEAOIL,51.4,51.4,reported
2026-02-10,Taguig Cty,DIESEL,SHELL,59.5,61.1,reported
2026-02-10,Taguig Cty,DIESEL PLUS,CALTEX,69.6,69.6,reported
2026-02-10,Taguig Cty,DIESEL PLUS,PETRON,57.0,58.1,reported
2026-02-10,Taguig Cty,DIESEL PLUS,SHELL,68.0,69.6,reported
2026-02-10,Taguig Cty,KEROSENE,CALTEX,88.95,97.09,reported
2026-02-10,Taguig Cty,RON 100,PETRON,64.03,66.52,reported
2026-02-10,Taguig Cty,RON 91,CALTEX,52.95,60.09,reported
2026-02-10,Taguig Cty,RON 91,FLYING,52.2,52.7,reported
2026-02-10,Taguig Cty,RON 91,INDEPENDENT,53.25,58.99,reported
2026-02-10,Taguig Cty,RON 91,PETRON,52.9,53.91,reported
2026-02-10,Taguig Cty,RON 91,PHOENIX,,,no_report
2026-02-10,Taguig Cty,RON 91,SEAOIL,51.9,51.9,reported
2026-02-10,Taguig Cty,RON 91,SHELL,57.49,59.84,reported
2026-02-10,Taguig Cty,RON 91,TOTAL,,,no_report
2026-02-10,Taguig Cty,RON 91,UNIOIL,,,no_report
2026-02-10,Taguig Cty,RON 95,CALTEX,53.25,67.4,reported
2026-02-10,Taguig Cty,RON 95,FLYING,52.5,53.0,reported
2026-02-10,Taguig Cty,RON 95,INDEPENDENT,53.55,59.49,reported
2026-02-10,Taguig Cty,RON 95,PETRON,54.2,55.41,reported
2026-02-10,Taguig Cty,RON 95,SHELL,65.75,67.18,reported
2026-02-10,Taguig Cty,RON 97,SEAOIL,52.4,52.4,reported
2026-02-10,Taguig Cty,RON 97,SHELL,68.75,70.15,reported
2026-02-17,Caloocan City,DIESEL,CALTEX,58.7,58.7,reported
2026-02-17,Caloocan City,DIESEL,FLYING,51.95,52.44,reported
2026-02-17,Caloocan City,DIESEL,INDEPENDENT,48.0,56.15,reported
2026-02-17,Caloocan City,DIESEL,PETRON,54.6,60.7,reported
2026-02-17,Caloocan City,DIESEL,SEAOIL,50.85,50.9,reported
2026-02-17,Caloocan City,DIESEL,SHELL,58.15,59.49,reported
2026-02-17,Caloocan City,DIESEL,UNIOIL,56.8,56.8,reported
2026-02-17,Caloocan City,DIESEL PLUS,PETRON,63.7,63.7,reported
2026-02-17,Caloocan City,DIESEL PLUS,SHELL,66.65,67.99,reported
2026-02-17,Caloocan City,KEROSENE,PETRON,82.44,84.02,reported
2026-02-17,Caloocan City,RON 91,CALTEX,58.85,58.85,reported
2026-02-17,Caloocan City,RON 91,FLYING,50.8,51.4,reported
2026-02-17,Caloocan City,RON 91,INDEPENDENT,49.0,55.19,reported
2026-02-17,Caloocan City,RON 91,PETRON,52.4,59.1,reported
2026-02-17,Caloocan City,RON 91,SEAOIL,51.4,54.7,reported
2026-02-17,Caloocan City,RON 91,SHELL,58.01,59.8,reported
2026-02-17,Caloocan City,RON 91,UNIOIL,56.51,56.51,reported
2026-02-17,Caloocan City,RON 95,CALTEX,65.7,65.7,reported
2026-02-17,Caloocan City,RON 95,FLYING,51.4,52.7,reported
2026-02-17,Caloocan City,RON 95,INDEPENDENT,50.0,57.4,reported
2026-02-17,Caloocan City,RON 95,PETRON,53.5,60.59,reported
2026-02-17,Caloocan City,RON 95,SHELL,65.01,67.99,reported
2026-02-17,Caloocan City,RON 95,UNIOIL,60.0,60.0,reported
2026-02-17,Caloocan City,RON 97,SEAOIL,52.4,56.0,reported
2026-02-17,Caloocan City,RON 97,SHELL,69.89,70.99,reported
2026-02-17,Makati City,DIESEL,CALTEX,57.61,61.69,reported
2026-02-17,Makati City,DIESEL,PETRON,55.3,56.6,reported
2026-02-17,Makati City,DIESEL,PHOENIX,56.2,56.2,reported
2026-02-17,Makati City,DIESEL,SHELL,56.81,60.1,reported
2026-02-17,Makati City,DIESEL,UNIOIL,56.2,56.6,reported
2026-02-17,Makati City,DIESEL PLUS,CALTEX,62.8,67.29,reported
2026-02-17,Makati City,DIESEL PLUS,PETRON,58.3,59.6,reported
2026-02-17,Makati City,DIESEL PLUS,SHELL,66.29,68.6,reported
2026-02-17,Makati City,RON 100,PETRON,65.53,66.31,reported
2026-02-17,Makati City,RON 91,CALTEX,54.9,63.39,reported
2026-02-17,Makati City,RON 91,FLYING,,,no_report
2026-02-17,Makati City,RON 91,PETRON,54.7,55.0,reported
2026-02-17,Makati City,RON 91,PHOENIX,54.7,54.7,reported
2026-02-17,Makati City,RON 91,SHELL,55.31,58.1,reported
2026-02-17,Makati City,RON 91,TOTAL,,,no_report
2026-02-17,Makati City,RON 91,UNIOIL,54.7,55.0,reported
2026-02-17,Makati City,RON 95,CALTEX,56.39,70.39,reported
2026-02-17,Makati City,RON 95,PETRON,56.19,56.5,reported
2026-02-17,Makati City,RON 95,PHOENIX,56.2,56.2,reported
2026-02-17,Makati City,RON 95,SHELL,63.5,67.49,reported
2026-02-17,Makati City,RON 95,UNIOIL,56.5,58.2,reported
2026-02-17,Makati City,RON 97,PHOENIX,68.5,68.5,reported
2026-02-17,Makati City,RON 97,SHELL,69.9,70.99,reported
2026-02-17,Makati City,RON 97,UNIOIL,71.8,71.8,reported
2026-02-17,Manila City,DIESEL,CALTEX,59.6,60.59,reported
2026-02-17,Manila City,DIESEL,FLYING,52.1,53.6,reported
2026-02-17,Manila City,DIESEL,INDEPENDENT,50.3,53.75,reported
2026-02-17,Manila City,DIESEL,PETRON,54.1,55.34,reported
2026-02-17,Manila City,DIESEL,SEAOIL,53.6,57.6,reported
2026-02-17,Manila City,DIESEL,SHELL,58.19,59.6,reported
2026-02-17,Manila City,DIESEL,TOTAL,54.2,63.0,reported
2026-02-17,Manila City,DIESEL PLUS,PETRON,57.1,58.34,reported
2026-02-17,Manila City,DIESEL PLUS,SHELL,68.1,69.59,reported
2026-02-17,Manila City,DIESEL PLUS,TOTAL,56.2,56.2,reported
2026-02-17,Manila City,KEROSENE,INDEPENDENT,77.6,77.6,reported
2026-02-17,Manila City,KEROSENE,PETRON,83.21,83.47,reported
2026-02-17,Manila City,RON 100,PETRON,64.03,68.91,reported
2026-02-17,Manila City,RON 91,CALTEX,57.6,58.18,reported
2026-02-17,Manila City,RON 91,FLYING,51.27,52.97,reported
2026-02-17,Manila City,RON 91,INDEPENDENT,51.49,54.1,reported
2026-02-17,Manila City,RON 91,PETRON,52.4,56.6,reported
2026-02-17,Manila City,RON 91,SEAOIL,52.7,54.9,reported
2026-02-17,Manila City,RON 91,SHELL,56.15,58.6,reported
2026-02-17,Manila City,RON 91,TOTAL,54.2,69.19,reported
2026-02-17,Manila City,RON 95,CALTEX,63.2,63.4,reported
2026-02-17,Manila City,RON 95,FLYING,53.0,55.4,reported
2026-02-17,Manila City,RON 95,INDEPENDENT,53.59,56.3,reported
2026-02-17,Manila City,RON 95,PETRON,53.9,58.6,reported
2026-02-17,Manila City,RON 95,SHELL,63.34,67.87,reported
2026-02-17,Manila City,RON 95,TOTAL,56.3,77.64,reported
2026-02-17,Manila City,RON 97,SEAOIL,56.3,57.6,reported
2026-02-17,Manila City,RON 97,SHELL,69.28,72.98,reported
2026-02-17,Muntinlupa City,DIESEL,CALTEX,63.56,63.56,reported
2026-02-17,Muntinlupa City,DIESEL,FLYING,53.45,53.45,reported
2026-02-17,Muntinlupa City,DIESEL,PETRON,54.2,60.69,reported
2026-02-17,Muntinlupa City,DIESEL,PHOENIX,56.7,61.0,reported
2026-02-17,Muntinlupa City,DIESEL,SEAOIL,59.5,61.0,reported
2026-02-17,Muntinlupa City,DIESEL,SHELL,60.5,64.19,reported
2026-02-17,Muntinlupa City,DIESEL,TOTAL,63.11,63.11,reported
2026-02-17,Muntinlupa City,DIESEL,UNIOIL,57.7,59.6,reported
2026-02-17,Muntinlupa City,DIESEL PLUS,PETRON,57.2,66.11,reported
2026-02-17,Muntinlupa City,DIESEL PLUS,SHELL,68.51,72.41,reported
2026-02-17,Muntinlupa City,DIESEL PLUS,TOTAL,66.11,66.11,reported
2026-02-17,Muntinlupa City,KEROSENE,CALTEX,83.04,83.04,reported
2026-02-17,Muntinlupa City,RON 100,PETRON,62.83,68.66,reported
2026-02-17,Muntinlupa City,RON 91,CALTEX,60.63,60.63,reported
2026-02-17,Muntinlupa City,RON 91,FLYING,52.25,52.25,reported
2026-02-17,Muntinlupa City,RON 91,PETRON,52.0,58.05,reported
2026-02-17,Muntinlupa City,RON 91,PHOENIX,56.1,60.95,reported
2026-02-17,Muntinlupa City,RON 91,PTT,,,no_report
2026-02-17,Muntinlupa City,RON 91,SEAOIL,55.3,64.3,reported
2026-02-17,Muntinlupa City,RON 91,SHELL,56.1,60.35,reported
2026-02-17,Muntinlupa City,RON 91,TOTAL,62.65,62.65,reported
2026-02-17,Muntinlupa City,RON 91,UNIOIL,58.35,58.35,reported
2026-02-17,Muntinlupa City,RON 95,CALTEX,63.31,63.31,reported
2026-02-17,Muntinlupa City,RON 95,FLYING,52.4,52.4,reported
2026-02-17,Muntinlupa City,RON 95,PETRON,53.25,59.55,reported
2026-02-17,Muntinlupa City,RON 95,PHOENIX,57.1,62.15,reported
2026-02-17,Muntinlupa City,RON 95,SHELL,66.19,70.73,reported
2026-02-17,Muntinlupa City,RON 95,TOTAL,63.85,63.85,reported
2026-02-17,Muntinlupa City,RON 95,UNIOIL,55.1,61.35,reported
2026-02-17,Muntinlupa City,RON 97,SEAOIL,57.3,65.12,reported
2026-02-17,Muntinlupa City,RON 97,SHELL,71.63,72.9,reported
2026-02-17,Parañaque City,DIESEL,CALTEX,60.1,60.3,reported
2026-02-17,Parañaque City,DIESEL,FLYING,54.3,55.0,reported
2026-02-17,Parañaque City,DIESEL,INDEPENDENT,56.0,56.9,reported
2026-02-17,Parañaque City,DIESEL,PETRON,54.6,57.29,reported
2026-02-17,Parañaque City,DIESEL,SEAOIL,55.5,56.1,reported
2026-02-17,Parañaque City,DIESEL,SHELL,56.4,65.95,reported
2026-02-17,Parañaque City,DIESEL,TOTAL,64.4,64.4,reported
2026-02-17,Parañaque City,DIESEL,UNIOIL,59.1,63.45,reported
2026-02-17,Parañaque City,DIESEL PLUS,CALTEX,62.3,65.0,reported
2026-02-17,Parañaque City,DIESEL PLUS,PETRON,57.6,60.29,reported
2026-02-17,Parañaque City,DIESEL PLUS,SHELL,65.88,74.45,reported
2026-02-17,Parañaque City,DIESEL PLUS,TOTAL,78.3,78.3,reported
2026-02-17,Parañaque City,KEROSENE,INDEPENDENT,76.2,76.2,reported
2026-02-17,Parañaque City,RON 100,PETRON,62.75,67.03,reported
2026-02-17,Parañaque City,RON 91,CALTEX,60.2,61.01,reported
2026-02-17,Parañaque City,RON 91,FLYING,55.0,55.11,reported
2026-02-17,Parañaque City,RON 91,INDEPENDENT,55.7,55.8,reported
2026-02-17,Parañaque City,RON 91,PETRON,51.7,55.8,reported
2026-02-17,Parañaque City,RON 91,PTT,,,no_report
2026-02-17,Parañaque City,RON 91,SEAOIL,55.2,57.21,reported
2026-02-17,Parañaque City,RON 91,SHELL,57.35,59.55,reported
2026-02-17,Parañaque City,RON 91,TOTAL,62.2,62.2,reported
2026-02-17,Parañaque City,RON 91,UNIOIL,57.2,57.84,reported
2026-02-17,Parañaque City,RON 95,CALTEX,62.5,64.91,reported
2026-02-17,Parañaque City,RON 95,FLYING,56.0,56.69,reported
2026-02-17,Parañaque City,RON 95,INDEPENDENT,56.3,57.7,reported
2026-02-17,Parañaque City,RON 95,PETRON,53.21,57.4,reported
2026-02-17,Parañaque City,RON 95,SHELL,65.44,68.84,reported
2026-02-17,Parañaque City,RON 95,TOTAL,64.2,64.2,reported
2026-02-17,Parañaque City,RON 95,UNIOIL,59.85,60.7,reported
2026-02-17,Parañaque City,RON 97,SEAOIL,56.7,58.01,reported
2026-02-17,Parañaque City,RON 97,SHELL,68.91,71.84,reported
2026-02-17,Parañaque City,RON 97,UNIOIL,71.56,74.0,reported
2026-02-17,Pasay City,DIESEL,CALTEX,60.6,61.6,reported
2026-02-17,Pasay City,DIESEL,INDEPENDENT,51.7,53.9,reported
2026-02-17,Pasay City,DIESEL,PETRON,54.7,58.2,reported
2026-02-17,Pasay City,DIESEL,PTT,54.9,57.9,reported
2026-02-17,Pasay City,DIESEL,SHELL,57.58,65.35,reported
2026-02-17,Pasay City,DIESEL,TOTAL,68.85,68.85,reported
2026-02-17,Pasay City,DIESEL PLUS,CALTEX,63.6,63.6,reported
2026-02-17,Pasay City,DIESEL PLUS,PETRON,61.2,61.2,reported
2026-02-17,Pasay City,DIESEL PLUS,PTT,57.9,57.9,reported
2026-02-17,Pasay City,DIESEL PLUS,SHELL,67.06,73.85,reported
2026-02-17,Pasay City,DIESEL PLUS,TOTAL,71.85,71.85,reported
2026-02-17,Pasay City,KEROSENE,CALTEX,94.03,94.03,reported
2026-02-17,Pasay City,KEROSENE,PETRON,84.16,84.16,reported
2026-02-17,Pasay City,RON 100,PETRON,65.1,69.12,reported
2026-02-17,Pasay City,RON 91,CALTEX,59.9,61.07,reported
2026-02-17,Pasay City,RON 91,FLYING,,,no_report
2026-02-17,Pasay City,RON 91,INDEPENDENT,50.95,54.09,reported
2026-02-17,Pasay City,RON 91,PETRON,52.8,57.2,reported
2026-02-17,Pasay City,RON 91,PTT,53.0,56.9,reported
2026-02-17,Pasay City,RON 91,SEAOIL,,,no_report
2026-02-17,Pasay City,RON 91,SHELL,58.88,60.53,reported
2026-02-17,Pasay City,RON 91,TOTAL,68.95,68.95,reported
2026-02-17,Pasay City,RON 95,CALTEX,64.92,68.09,reported
2026-02-17,Pasay City,RON 95,INDEPENDENT,51.9,55.7,reported
2026-02-17,Pasay City,RON 95,PETRON,53.91,58.7,reported
2026-02-17,Pasay City,RON 95,PTT,54.1,56.9,reported
2026-02-17,Pasay City,RON 95,SHELL,67.07,73.43,reported
2026-02-17,Pasay City,RON 95,TOTAL,70.45,70.45,reported
2026-02-17,Pasay City,RON 97,SHELL,70.88,76.49,reported
2026-02-17,Pasig City,DIESEL,CALTEX,60.59,63.53,reported
2026-02-17,Pasig City,DIESEL,FLYING,52.01,53.3,reported
2026-02-17,Pasig City,DIESEL,INDEPENDENT,53.75,58.15,reported
2026-02-17,Pasig City,DIESEL,PETRON,53.95,57.3,reported
2026-02-17,Pasig City,DIESEL,PHOENIX,52.36,59.8,reported
2026-02-17,Pasig City,DIESEL,SEAOIL,52.3,57.75,reported
2026-02-17,Pasig City,DIESEL,SHELL,59.2,60.2,reported
2026-02-17,Pasig City,DIESEL,TOTAL,54.7,54.7,reported
2026-02-17,Pasig City,DIESEL,UNIOIL,55.45,56.7,reported
2026-02-17,Pasig City,DIESEL PLUS,CALTEX,62.59,62.59,reported
2026-02-17,Pasig City,DIESEL PLUS,PETRON,55.6,60.3,reported
2026-02-17,Pasig City,DIESEL PLUS,SHELL,69.09,71.58,reported
2026-02-17,Pasig City,KEROSENE,PETRON,83.53,83.53,reported
2026-02-17,Pasig City,RON 100,PETRON,63.24,64.47,reported
2026-02-17,Pasig City,RON 91,CALTEX,57.99,62.89,reported
2026-02-17,Pasig City,RON 91,FLYING,51.6,52.7,reported
2026-02-17,Pasig City,RON 91,INDEPENDENT,52.15,56.45,reported
2026-02-17,Pasig City,RON 91,PETRON,52.25,53.6,reported
2026-02-17,Pasig City,RON 91,PHOENIX,51.1,58.7,reported
2026-02-17,Pasig City,RON 91,SEAOIL,53.8,55.15,reported
2026-02-17,Pasig City,RON 91,SHELL,57.45,58.39,reported
2026-02-17,Pasig City,RON 91,TOTAL,54.05,54.05,reported
2026-02-17,Pasig City,RON 91,UNIOIL,53.9,55.55,reported
2026-02-17,Pasig City,RON 95,CALTEX,63.3,70.0,reported
2026-02-17,Pasig City,RON 95,FLYING,52.0,53.9,reported
2026-02-17,Pasig City,RON 95,INDEPENDENT,53.15,57.45,reported
2026-02-17,Pasig City,RON 95,PETRON,53.39,54.91,reported
2026-02-17,Pasig City,RON 95,PHOENIX,51.4,61.7,reported
2026-02-17,Pasig City,RON 95,SHELL,65.95,66.95,reported
2026-02-17,Pasig City,RON 95,UNIOIL,56.9,59.05,reported
2026-02-17,Pasig City,RON 97,SEAOIL,56.2,58.65,reported
2026-02-17,Pasig City,RON 97,SHELL,69.18,76.08,reported
2026-02-17,Pasig City,RON 97,UNIOIL,70.05,72.4,reported
2026-02-17,Quezon City,DIESEL,CALTEX,61.05,61.6,reported
2026-02-17,Quezon City,DIESEL,FLYING,51.34,51.96,reported
2026-02-17,Quezon City,DIESEL,INDEPENDENT,47.95,49.76,reported
2026-02-17,Quezon City,DIESEL,PETRON,53.75,56.1,reported
2026-02-17,Quezon City,DIESEL,PHOENIX,51.9,57.8,reported
2026-02-17,Quezon City,DIESEL,SEAOIL,51.1,53.14,reported
2026-02-17,Quezon City,DIESEL,SHELL,59.55,60.55,reported
2026-02-17,Quezon City,DIESEL,UNIOIL,55.25,56.3,reported
2026-02-17,Quezon City,DIESEL PLUS,CALTEX,63.45,63.45,reported
2026-02-17,Quezon City,DIESEL PLUS,PETRON,56.75,59.1,reported
2026-02-17,Quezon City,DIESEL PLUS,SHELL,69.05,69.76,reported
2026-02-17,Quezon City,KEROSENE,PETRON,83.64,85.06,reported
2026-02-17,Quezon City,RON 100,PETRON,64.6,65.24,reported
2026-02-17,Quezon City,RON 91,CALTEX,60.5,61.34,reported
2026-02-17,Quezon City,RON 91,FLYING,49.4,52.5,reported
2026-02-17,Quezon City,RON 91,INDEPENDENT,49.1,52.0,reported
2026-02-17,Quezon City,RON 91,PETRON,52.6,54.61,reported
2026-02-17,Quezon City,RON 91,PHOENIX,52.8,57.5,reported
2026-02-17,Quezon City,RON 91,SEAOIL,53.4,54.7,reported
2026-02-17,Quezon City,RON 91,SHELL,59.14,59.55,reported
2026-02-17,Quezon City,RON 91,UNIOIL,54.4,54.9,reported
2026-02-17,Quezon City,RON 95,CALTEX,64.2,69.0,reported
2026-02-17,Quezon City,RON 95,FLYING,50.9,53.2,reported
2026-02-17,Quezon City,RON 95,INDEPENDENT,50.2,53.0,reported
2026-02-17,Quezon City,RON 95,PETRON,54.1,56.0,reported
2026-02-17,Quezon City,RON 95,PHOENIX,53.8,59.9,reported
2026-02-17,Quezon City,RON 95,SHELL,67.77,68.75,reported
2026-02-17,Quezon City,RON 95,UNIOIL,57.4,58.9,reported
2026-02-17,Quezon City,RON 97,SEAOIL,54.8,55.7,reported
2026-02-17,Quezon City,RON 97,SHELL,70.85,71.15,reported
2026-02-17,Quezon City,RON 97,UNIOIL,69.9,71.05,reported
2026-02-17,Taguig Cty,DIESEL,CALTEX,52.2,61.7,reported
2026-02-17,Taguig Cty,DIESEL,FLYING,51.93,52.13,reported
2026-02-17,Taguig Cty,DIESEL,INDEPENDENT,52.13,56.29,reported
2026-02-17,Taguig Cty,DIESEL,PETRON,55.1,56.6,reported
2026-02-17,Taguig Cty,DIESEL,SEAOIL,51.4,51.4,reported
2026-02-17,Taguig Cty,DIESEL,SHELL,58.6,59.59,reported
2026-02-17,Taguig Cty,DIESEL PLUS,CALTEX,70.2,70.2,reported
2026-02-17,Taguig Cty,DIESEL PLUS,PETRON,57.6,58.7,reported
2026-02-17,Taguig Cty,DIESEL PLUS,SHELL,67.1,70.2,reported
2026-02-17,Taguig Cty,KEROSENE,CALTEX,88.95,97.69,reported
2026-02-17,Taguig Cty,RON 100,PETRON,65.23,66.39,reported
2026-02-17,Taguig Cty,RON 91,CALTEX,53.5,61.29,reported
2026-02-17,Taguig Cty,RON 91,FLYING,51.6,53.3,reported
2026-02-17,Taguig Cty,RON 91,INDEPENDENT,51.6,58.99,reported
2026-02-17,Taguig Cty,RON 91,PETRON,54.1,55.11,reported
2026-02-17,Taguig Cty,RON 91,PHOENIX,,,no_report
2026-02-17,Taguig Cty,RON 91,SEAOIL,51.6,51.6,reported
2026-02-17,Taguig Cty,RON 91,SHELL,56.4,59.3,reported
2026-02-17,Taguig Cty,RON 91,TOTAL,,,no_report
2026-02-17,Taguig Cty,RON 91,UNIOIL,,,no_report
2026-02-17,Taguig Cty,RON 95,CALTEX,53.6,68.6,reported
2026-02-17,Taguig Cty,RON 95,FLYING,52.0,53.6,reported
2026-02-17,Taguig Cty,RON 95,INDEPENDENT,52.0,59.49,reported
2026-02-17,Taguig Cty,RON 95,PETRON,55.4,56.61,reported
2026-02-17,Taguig Cty,RON 95,SHELL,64.59,68.35,reported
2026-02-17,Taguig Cty,RON 97,SEAOIL,52.1,52.1,reported
2026-02-17,Taguig Cty,RON 97,SHELL,69.95,70.88,reported
2026-02-24,Caloocan City,DIESEL,CALTEX,60.3,60.3,reported
2026-02-24,Caloocan City,DIESEL,FLYING,52.44,52.51,reported
2026-02-24,Caloocan City,DIESEL,INDEPENDENT,48.0,55.35,reported
2026-02-24,Caloocan City,DIESEL,PETRON,55.0,58.49,reported
2026-02-24,Caloocan City,DIESEL,SEAOIL,51.45,51.5,reported
2026-02-24,Caloocan City,DIESEL,SHELL,59.18,60.69,reported
2026-02-24,Caloocan City,DIESEL,UNIOIL,56.79,56.79,reported
2026-02-24,Caloocan City,DIESEL PLUS,PETRON,61.49,61.49,reported
2026-02-24,Caloocan City,DIESEL PLUS,SHELL,67.68,69.91,reported
2026-02-24,Caloocan City,KEROSENE,PETRON,83.64,85.22,reported
2026-02-24,Caloocan City,RON 91,CALTEX,59.6,59.6,reported
2026-02-24,Caloocan City,RON 91,FLYING,50.2,51.55,reported
2026-02-24,Caloocan City,RON 91,INDEPENDENT,49.0,56.5,reported
2026-02-24,Caloocan City,RON 91,PETRON,53.0,57.8,reported
2026-02-24,Caloocan City,RON 91,SEAOIL,52.6,54.1,reported
2026-02-24,Caloocan City,RON 91,SHELL,58.61,60.4,reported
2026-02-24,Caloocan City,RON 91,UNIOIL,56.04,56.04,reported
2026-02-24,Caloocan City,RON 95,CALTEX,66.5,66.5,reported
2026-02-24,Caloocan City,RON 95,FLYING,50.8,53.3,reported
2026-02-24,Caloocan City,RON 95,INDEPENDENT,50.0,58.0,reported
2026-02-24,Caloocan City,RON 95,PETRON,54.1,59.31,reported
2026-02-24,Caloocan City,RON 95,SHELL,65.61,68.59,reported
2026-02-24,Caloocan City,RON 95,UNIOIL,59.55,59.55,reported
2026-02-24,Caloocan City,RON 97,SEAOIL,53.6,55.4,reported
2026-02-24,Caloocan City,RON 97,SHELL,70.49,71.59,reported
2026-02-24,Makati City,DIESEL,CALTEX,56.51,61.39,reported
2026-02-24,Makati City,DIESEL,PETRON,55.8,57.4,reported
2026-02-24,Makati City,DIESEL,PHOENIX,57.4,57.4,reported
2026-02-24,Makati City,DIESEL,SHELL,58.01,60.79,reported
2026-02-24,Makati City,DIESEL,UNIOIL,57.4,57.9,reported
2026-02-24,Makati City,DIESEL PLUS,CALTEX,61.4,64.04,reported
2026-02-24,Makati City,DIESEL PLUS,PETRON,58.8,60.4,reported
2026-02-24,Makati City,DIESEL PLUS,SHELL,66.51,69.8,reported
2026-02-24,Makati City,RON 100,PETRON,62.47,66.91,reported
2026-02-24,Makati City,RON 91,CALTEX,55.31,60.49,reported
2026-02-24,Makati City,RON 91,FLYING,,,no_report
2026-02-24,Makati City,RON 91,PETRON,52.3,55.31,reported
2026-02-24,Makati City,RON 91,PHOENIX,55.3,55.3,reported
2026-02-24,Makati City,RON 91,SHELL,55.91,57.9,reported
2026-02-24,Makati City,RON 91,TOTAL,,,no_report
2026-02-24,Makati City,RON 91,UNIOIL,55.3,55.6,reported
2026-02-24,Makati City,RON 95,CALTEX,56.81,68.68,reported
2026-02-24,Makati City,RON 95,PETRON,53.8,56.79,reported
2026-02-24,Makati City,RON 95,PHOENIX,56.8,56.8,reported
2026-02-24,Makati City,RON 95,SHELL,64.1,66.64,reported
2026-02-24,Makati City,RON 95,UNIOIL,57.1,58.8,reported
2026-02-24,Makati City,RON 97,PHOENIX,69.1,69.1,reported
2026-02-24,Makati City,RON 97,SHELL,65.81,70.99,reported
2026-02-24,Manila City,DIESEL,CALTEX,60.8,61.79,reported
2026-02-24,Manila City,DIESEL,FLYING,52.44,53.8,reported
2026-02-24,Manila City,DIESEL,INDEPENDENT,50.5,53.3,reported
2026-02-24,Manila City,DIESEL,PETRON,55.3,56.54,reported
2026-02-24,Manila City,DIESEL,SEAOIL,55.2,55.3,reported
2026-02-24,Manila City,DIESEL,SHELL,59.29,60.8,reported
2026-02-24,Manila City,DIESEL,TOTAL,54.8,58.5,reported
2026-02-24,Manila City,DIESEL PLUS,PETRON,58.3,59.54,reported
2026-02-24,Manila City,DIESEL PLUS,SHELL,67.79,70.39,reported
2026-02-24,Manila City,DIESEL PLUS,TOTAL,56.8,56.8,reported
2026-02-24,Manila City,KEROSENE,INDEPENDENT,80.0,80.0,reported
2026-02-24,Manila City,KEROSENE,PETRON,84.41,84.67,reported
2026-02-24,Manila City,RON 100,PETRON,64.63,69.51,reported
2026-02-24,Manila City,RON 91,CALTEX,58.2,59.4,reported
2026-02-24,Manila City,RON 91,FLYING,52.0,52.71,reported
2026-02-24,Manila City,RON 91,INDEPENDENT,52.1,53.7,reported
2026-02-24,Manila City,RON 91,PETRON,53.0,57.2,reported
2026-02-24,Manila City,RON 91,SEAOIL,51.9,54.2,reported
2026-02-24,Manila City,RON 91,SHELL,56.75,57.96,reported
2026-02-24,Manila City,RON 91,TOTAL,55.4,58.38,reported
2026-02-24,Manila City,RON 95,CALTEX,62.99,63.8,reported
2026-02-24,Manila City,RON 95,FLYING,53.5,53.6,reported
2026-02-24,Manila City,RON 95,INDEPENDENT,52.95,55.89,reported
2026-02-24,Manila City,RON 95,PETRON,54.5,59.2,reported
2026-02-24,Manila City,RON 95,SHELL,64.94,68.17,reported
2026-02-24,Manila City,RON 95,TOTAL,57.5,66.59,reported
2026-02-24,Manila City,RON 97,SEAOIL,54.5,56.3,reported
2026-02-24,Manila City,RON 97,SHELL,69.88,73.58,reported
2026-02-24,Muntinlupa City,DIESEL,CALTEX,61.27,63.2,reported
2026-02-24,Muntinlupa City,DIESEL,FLYING,54.05,54.05,reported
2026-02-24,Muntinlupa City,DIESEL,PETRON,55.4,61.89,reported
2026-02-24,Muntinlupa City,DIESEL,PHOENIX,56.7,61.39,reported
2026-02-24,Muntinlupa City,DIESEL,SEAOIL,57.2,57.2,reported
2026-02-24,Muntinlupa City,DIESEL,SHELL,60.2,65.39,reported
2026-02-24,Muntinlupa City,DIESEL,TOTAL,61.89,61.89,reported
2026-02-24,Muntinlupa City,DIESEL,UNIOIL,58.9,60.2,reported
2026-02-24,Muntinlupa City,DIESEL PLUS,PETRON,58.4,64.89,reported
2026-02-24,Muntinlupa City,DIESEL PLUS,SHELL,68.7,73.61,reported
2026-02-24,Muntinlupa City,DIESEL PLUS,TOTAL,64.89,64.89,reported
2026-02-24,Muntinlupa City,KEROSENE,CALTEX,82.24,82.24,reported
2026-02-24,Muntinlupa City,RON 100,PETRON,63.43,70.26,reported
2026-02-24,Muntinlupa City,RON 91,CALTEX,57.23,58.53,reported
2026-02-24,Muntinlupa City,RON 91,FLYING,51.65,51.65,reported
2026-02-24,Muntinlupa City,RON 91,PETRON,52.6,58.65,reported
2026-02-24,Muntinlupa City,RON 91,PHOENIX,56.1,58.15,reported
2026-02-24,Muntinlupa City,RON 91,PTT,,,no_report
2026-02-24,Muntinlupa City,RON 91,SEAOIL,54.4,60.85,reported
2026-02-24,Muntinlupa City,RON 91,SHELL,56.7,60.95,reported
2026-02-24,Muntinlupa City,RON 91,TOTAL,58.65,58.65,reported
2026-02-24,Muntinlupa City,RON 91,UNIOIL,58.95,58.95,reported
2026-02-24,Muntinlupa City,RON 95,CALTEX,62.21,63.91,reported
2026-02-24,Muntinlupa City,RON 95,FLYING,51.8,51.8,reported
2026-02-24,Muntinlupa City,RON 95,PETRON,53.85,60.15,reported
2026-02-24,Muntinlupa City,RON 95,PHOENIX,57.1,59.65,reported
2026-02-24,Muntinlupa City,RON 95,SHELL,64.89,69.14,reported
2026-02-24,Muntinlupa City,RON 95,TOTAL,60.15,60.15,reported
2026-02-24,Muntinlupa City,RON 95,UNIOIL,57.7,61.95,reported
2026-02-24,Muntinlupa City,RON 97,SEAOIL,56.23,61.67,reported
2026-02-24,Muntinlupa City,RON 97,SHELL,69.1,72.14,reported
2026-02-24,Parañaque City,DIESEL,CALTEX,61.3,61.5,reported
2026-02-24,Parañaque City,DIESEL,FLYING,54.2,54.2,reported
2026-02-24,Parañaque City,DIESEL,INDEPENDENT,56.1,57.2,reported
2026-02-24,Parañaque City,DIESEL,PETRON,55.8,58.49,reported
2026-02-24,Parañaque City,DIESEL,SEAOIL,56.5,57.3,reported
2026-02-24,Parañaque City,DIESEL,SHELL,57.6,61.89,reported
2026-02-24,Parañaque City,DIESEL,TOTAL,61.2,61.2,reported
2026-02-24,Parañaque City,DIESEL,UNIOIL,57.2,58.49,reported
2026-02-24,Parañaque City,DIESEL PLUS,CALTEX,63.3,63.5,reported
2026-02-24,Parañaque City,DIESEL PLUS,PETRON,58.8,61.49,reported
2026-02-24,Parañaque City,DIESEL PLUS,SHELL,66.1,71.4,reported
2026-02-24,Parañaque City,KEROSENE,INDEPENDENT,77.4,77.4,reported
2026-02-24,Parañaque City,RON 100,PETRON,63.35,67.63,reported
2026-02-24,Parañaque City,RON 91,CALTEX,60.1,60.9,reported
2026-02-24,Parañaque City,RON 91,FLYING,53.6,53.6,reported
2026-02-24,Parañaque City,RON 91,INDEPENDENT,55.4,56.3,reported
2026-02-24,Parañaque City,RON 91,PETRON,52.3,56.41,reported
2026-02-24,Parañaque City,RON 91,PTT,,,no_report
2026-02-24,Parañaque City,RON 91,SEAOIL,55.6,57.81,reported
2026-02-24,Parañaque City,RON 91,SHELL,57.95,60.15,reported
2026-02-24,Parañaque City,RON 91,TOTAL,59.6,59.6,reported
2026-02-24,Parañaque City,RON 91,UNIOIL,55.9,56.41,reported
2026-02-24,Parañaque City,RON 95,CALTEX,63.1,63.3,reported
2026-02-24,Parañaque City,RON 95,FLYING,54.6,54.6,reported
2026-02-24,Parañaque City,RON 95,INDEPENDENT,55.9,58.3,reported
2026-02-24,Parañaque City,RON 95,PETRON,53.81,58.41,reported
2026-02-24,Parañaque City,RON 95,SHELL,66.14,69.44,reported
2026-02-24,Parañaque City,RON 95,TOTAL,61.6,61.6,reported
2026-02-24,Parañaque City,RON 95,UNIOIL,58.41,59.4,reported
2026-02-24,Parañaque City,RON 97,SEAOIL,57.1,58.81,reported
2026-02-24,Parañaque City,RON 97,SHELL,69.19,71.03,reported
2026-02-24,Parañaque City,RON 97,UNIOIL,72.16,74.6,reported
2026-02-24,Pasay City,DIESEL,CALTEX,61.8,62.8,reported
2026-02-24,Pasay City,DIESEL,INDEPENDENT,52.9,55.1,reported
2026-02-24,Pasay City,DIESEL,PETRON,55.9,59.4,reported
2026-02-24,Pasay City,DIESEL,PTT,56.1,59.1,reported
2026-02-24,Pasay City,DIESEL,SHELL,58.75,61.89,reported
2026-02-24,Pasay City,DIESEL,TOTAL,64.4,64.4,reported
2026-02-24,Pasay City,DIESEL PLUS,CALTEX,64.8,64.8,reported
2026-02-24,Pasay City,DIESEL PLUS,PETRON,62.4,62.4,reported
2026-02-24,Pasay City,DIESEL PLUS,PTT,59.1,59.1,reported
2026-02-24,Pasay City,DIESEL PLUS,SHELL,67.28,70.9,reported
2026-02-24,Pasay City,DIESEL PLUS,TOTAL,67.4,67.4,reported
2026-02-24,Pasay City,KEROSENE,CALTEX,95.23,95.23,reported
2026-02-24,Pasay City,KEROSENE,PETRON,85.36,85.36,reported
2026-02-24,Pasay City,RON 100,PETRON,65.7,69.72,reported
2026-02-24,Pasay City,RON 91,CALTEX,60.5,60.86,reported
2026-02-24,Pasay City,RON 91,FLYING,,,no_report
2026-02-24,Pasay City,RON 91,INDEPENDENT,51.55,54.69,reported
2026-02-24,Pasay City,RON 91,PETRON,53.4,57.8,reported
2026-02-24,Pasay City,RON 91,PTT,53.6,57.5,reported
2026-02-24,Pasay City,RON 91,SEAOIL,,,no_report
2026-02-24,Pasay City,RON 91,SHELL,58.65,61.36,reported
2026-02-24,Pasay City,RON 91,TOTAL,62.8,62.8,reported
2026-02-24,Pasay City,RON 95,CALTEX,65.52,68.69,reported
2026-02-24,Pasay City,RON 95,INDEPENDENT,52.5,56.3,reported
2026-02-24,Pasay City,RON 95,PETRON,54.5,59.3,reported
2026-02-24,Pasay City,RON 95,PTT,54.7,57.5,reported
2026-02-24,Pasay City,RON 95,SHELL,66.84,74.03,reported
2026-02-24,Pasay City,RON 95,TOTAL,64.3,64.3,reported
2026-02-24,Pasay City,RON 97,SHELL,71.48,77.03,reported
2026-02-24,Pasig City,DIESEL,CALTEX,61.79,64.73,reported
2026-02-24,Pasig City,DIESEL,FLYING,52.56,54.05,reported
2026-02-24,Pasig City,DIESEL,INDEPENDENT,53.75,58.15,reported
2026-02-24,Pasig City,DIESEL,PETRON,55.15,58.49,reported
2026-02-24,Pasig City,DIESEL,PHOENIX,53.56,59.8,reported
2026-02-24,Pasig City,DIESEL,SEAOIL,53.16,55.45,reported
2026-02-24,Pasig City,DIESEL,SHELL,59.31,60.79,reported
2026-02-24,Pasig City,DIESEL,TOTAL,55.9,55.9,reported
2026-02-24,Pasig City,DIESEL,UNIOIL,56.65,56.8,reported
2026-02-24,Pasig City,DIESEL PLUS,CALTEX,63.79,63.79,reported
2026-02-24,Pasig City,DIESEL PLUS,PETRON,56.8,61.49,reported
2026-02-24,Pasig City,DIESEL PLUS,SHELL,66.69,69.8,reported
2026-02-24,Pasig City,KEROSENE,PETRON,84.73,84.73,reported
2026-02-24,Pasig City,RON 100,PETRON,63.84,65.07,reported
2026-02-24,Pasig City,RON 91,CALTEX,58.59,63.49,reported
2026-02-24,Pasig City,RON 91,FLYING,50.6,52.35,reported
2026-02-24,Pasig City,RON 91,INDEPENDENT,52.15,56.45,reported
2026-02-24,Pasig City,RON 91,PETRON,52.84,54.2,reported
2026-02-24,Pasig City,RON 91,PHOENIX,51.0,58.5,reported
2026-02-24,Pasig City,RON 91,SEAOIL,52.6,54.55,reported
2026-02-24,Pasig City,RON 91,SHELL,58.05,58.59,reported
2026-02-24,Pasig City,RON 91,TOTAL,54.65,54.65,reported
2026-02-24,Pasig City,RON 91,UNIOIL,54.5,55.3,reported
2026-02-24,Pasig City,RON 95,CALTEX,63.9,70.6,reported
2026-02-24,Pasig City,RON 95,FLYING,50.9,53.35,reported
2026-02-24,Pasig City,RON 95,INDEPENDENT,53.15,57.45,reported
2026-02-24,Pasig City,RON 95,PETRON,53.99,55.51,reported
2026-02-24,Pasig City,RON 95,PHOENIX,52.0,60.5,reported
2026-02-24,Pasig City,RON 95,SHELL,65.4,66.6,reported
2026-02-24,Pasig City,RON 95,UNIOIL,57.5,58.8,reported
2026-02-24,Pasig City,RON 97,SEAOIL,55.1,57.55,reported
2026-02-24,Pasig City,RON 97,SHELL,68.35,68.49,reported
2026-02-24,Pasig City,RON 97,UNIOIL,70.56,73.0,reported
2026-02-24,Quezon City,DIESEL,CALTEX,61.6,62.25,reported
2026-02-24,Quezon City,DIESEL,FLYING,52.09,52.89,reported
2026-02-24,Quezon City,DIESEL,INDEPENDENT,48.15,50.09,reported
2026-02-24,Quezon City,DIESEL,PETRON,54.95,55.81,reported
2026-02-24,Quezon City,DIESEL,PHOENIX,53.1,59.0,reported
2026-02-24,Quezon City,DIESEL,SEAOIL,51.55,53.31,reported
2026-02-24,Quezon City,DIESEL,SHELL,60.75,61.75,reported
2026-02-24,Quezon City,DIESEL,UNIOIL,56.45,57.5,reported
2026-02-24,Quezon City,DIESEL PLUS,CALTEX,64.65,64.65,reported
2026-02-24,Quezon City,DIESEL PLUS,PETRON,57.95,58.81,reported
2026-02-24,Quezon City,DIESEL PLUS,SHELL,70.25,70.96,reported
2026-02-24,Quezon City,KEROSENE,PETRON,84.84,86.26,reported
2026-02-24,Quezon City,RON 100,PETRON,64.33,65.84,reported
2026-02-24,Quezon City,RON 91,CALTEX,60.5,61.94,reported
2026-02-24,Quezon City,RON 91,FLYING,49.7,52.1,reported
2026-02-24,Quezon City,RON 91,INDEPENDENT,49.7,50.8,reported
2026-02-24,Quezon City,RON 91,PETRON,53.2,54.61,reported
2026-02-24,Quezon City,RON 91,PHOENIX,53.4,58.1,reported
2026-02-24,Quezon City,RON 91,SEAOIL,52.71,54.1,reported
2026-02-24,Quezon City,RON 91,SHELL,59.74,60.15,reported
2026-02-24,Quezon City,RON 91,UNIOIL,54.2,55.0,reported
2026-02-24,Quezon City,RON 95,CALTEX,64.8,69.0,reported
2026-02-24,Quezon City,RON 95,FLYING,51.5,53.0,reported
2026-02-24,Quezon City,RON 95,INDEPENDENT,50.4,52.2,reported
2026-02-24,Quezon City,RON 95,PETRON,54.7,56.3,reported
2026-02-24,Quezon City,RON 95,PHOENIX,54.4,60.5,reported
2026-02-24,Quezon City,RON 95,SHELL,68.34,68.89,reported
2026-02-24,Quezon City,RON 95,UNIOIL,57.7,58.0,reported
2026-02-24,Quezon City,RON 97,SEAOIL,54.29,55.1,reported
2026-02-24,Quezon City,RON 97,SHELL,70.05,71.75,reported
2026-02-24,Quezon City,RON 97,UNIOIL,70.5,71.65,reported
2026-02-24,Taguig Cty,DIESEL,CALTEX,52.48,60.39,reported
2026-02-24,Taguig Cty,DIESEL,FLYING,52.19,52.48,reported
2026-02-24,Taguig Cty,DIESEL,INDEPENDENT,50.19,56.99,reported
2026-02-24,Taguig Cty,DIESEL,PETRON,54.8,57.8,reported
2026-02-24,Taguig Cty,DIESEL,SEAOIL,52.1,52.1,reported
2026-02-24,Taguig Cty,DIESEL,SHELL,59.8,60.79,reported
2026-02-24,Taguig Cty,DIESEL PLUS,CALTEX,71.4,71.4,reported
2026-02-24,Taguig Cty,DIESEL PLUS,PETRON,57.8,58.8,reported
2026-02-24,Taguig Cty,DIESEL PLUS,SHELL,68.3,71.4,reported
2026-02-24,Taguig Cty,KEROSENE,CALTEX,89.5,98.89,reported
2026-02-24,Taguig Cty,RON 100,PETRON,62.37,66.99,reported
2026-02-24,Taguig Cty,RON 91,CALTEX,53.1,59.0,reported
2026-02-24,Taguig Cty,RON 91,FLYING,50.7,53.1,reported
2026-02-24,Taguig Cty,RON 91,INDEPENDENT,50.7,58.99,reported
2026-02-24,Taguig Cty,RON 91,PETRON,51.8,55.4,reported
2026-02-24,Taguig Cty,RON 91,PHOENIX,,,no_report
2026-02-24,Taguig Cty,RON 91,SEAOIL,50.8,50.8,reported
2026-02-24,Taguig Cty,RON 91,SHELL,57.0,58.99,reported
2026-02-24,Taguig Cty,RON 91,TOTAL,,,no_report
2026-02-24,Taguig Cty,RON 91,UNIOIL,,,no_report
2026-02-24,Taguig Cty,RON 95,CALTEX,53.3,68.95,reported
2026-02-24,Taguig Cty,RON 95,FLYING,51.0,53.3,reported
2026-02-24,Taguig Cty,RON 95,INDEPENDENT,51.0,59.49,reported
2026-02-24,Taguig Cty,RON 95,PETRON,53.1,56.9,reported
2026-02-24,Taguig Cty,RON 95,SHELL,65.15,68.95,reported
2026-02-24,Taguig Cty,RON 97,SEAOIL,52.3,52.3,reported
2026-02-24,Taguig Cty,RON 97,SHELL,66.9,70.78,reported
2026-03-03,Caloocan City,DIESEL,CALTEX,60.5,60.5,reported
2026-03-03,Caloocan City,DIESEL,FLYING,53.0,53.07,reported
2026-03-03,Caloocan City,DIESEL,INDEPENDENT,49.0,55.55,reported
2026-03-03,Caloocan City,DIESEL,PETRON,56.7,60.19,reported
2026-03-03,Caloocan City,DIESEL,SEAOIL,52.45,52.7,reported
2026-03-03,Caloocan City,DIESEL,SHELL,59.15,61.5,reported
2026-03-03,Caloocan City,DIESEL,UNIOIL,56.9,56.9,reported
2026-03-03,Caloocan City,DIESEL PLUS,PETRON,63.19,63.19,reported
2026-03-03,Caloocan City,DIESEL PLUS,SHELL,68.88,70.2,reported
2026-03-03,Caloocan City,KEROSENE,PETRON,85.64,87.22,reported
2026-03-03,Caloocan City,RON 91,CALTEX,61.24,61.24,reported
2026-03-03,Caloocan City,RON 91,FLYING,51.5,52.2,reported
2026-03-03,Caloocan City,RON 91,INDEPENDENT,49.0,57.4,reported
2026-03-03,Caloocan City,RON 91,PETRON,54.9,60.2,reported
2026-03-03,Caloocan City,RON 91,SEAOIL,52.7,54.1,reported
2026-03-03,Caloocan City,RON 91,SHELL,57.85,62.1,reported
2026-03-03,Caloocan City,RON 91,UNIOIL,56.04,56.04,reported
2026-03-03,Caloocan City,RON 95,CALTEX,68.2,68.2,reported
2026-03-03,Caloocan City,RON 95,FLYING,52.1,53.6,reported
2026-03-03,Caloocan City,RON 95,INDEPENDENT,50.0,58.9,reported
2026-03-03,Caloocan City,RON 95,PETRON,56.0,61.71,reported
2026-03-03,Caloocan City,RON 95,SHELL,66.2,69.49,reported
2026-03-03,Caloocan City,RON 95,UNIOIL,59.55,59.55,reported
2026-03-03,Caloocan City,RON 97,SEAOIL,53.7,55.4,reported
2026-03-03,Caloocan City,RON 97,SHELL,72.39,72.49,reported
2026-03-03,Makati City,DIESEL,CALTEX,57.71,59.21,reported
2026-03-03,Makati City,DIESEL,PETRON,57.2,58.6,reported
2026-03-03,Makati City,DIESEL,PHOENIX,60.6,60.6,reported
2026-03-03,Makati City,DIESEL,SHELL,59.21,60.5,reported
2026-03-03,Makati City,DIESEL,UNIOIL,57.0,58.6,reported
2026-03-03,Makati City,DIESEL PLUS,CALTEX,62.5,66.71,reported
2026-03-03,Makati City,DIESEL PLUS,PETRON,60.5,61.6,reported
2026-03-03,Makati City,DIESEL PLUS,SHELL,67.71,71.0,reported
2026-03-03,Makati City,RON 100,PETRON,64.87,68.81,reported
2026-03-03,Makati City,RON 91,CALTEX,57.2,58.71,reported
2026-03-03,Makati City,RON 91,FLYING,,,no_report
2026-03-03,Makati City,RON 91,PETRON,54.7,57.21,reported
2026-03-03,Makati City,RON 91,PHOENIX,58.2,58.2,reported
2026-03-03,Makati City,RON 91,SHELL,57.81,58.5,reported
2026-03-03,Makati City,RON 91,TOTAL,,,no_report
2026-03-03,Makati City,RON 91,UNIOIL,55.2,57.2,reported
2026-03-03,Makati City,RON 95,CALTEX,58.71,68.0,reported
2026-03-03,Makati City,RON 95,PETRON,56.2,58.7,reported
2026-03-03,Makati City,RON 95,PHOENIX,59.7,59.7,reported
2026-03-03,Makati City,RON 95,SHELL,66.0,67.99,reported
2026-03-03,Makati City,RON 95,UNIOIL,57.2,60.7,reported
2026-03-03,Makati City,RON 97,PHOENIX,72.0,72.0,reported
2026-03-03,Makati City,RON 97,SHELL,67.71,72.89,reported
2026-03-03,Manila City,DIESEL,CALTEX,59.99,60.5,reported
2026-03-03,Manila City,DIESEL,FLYING,53.3,54.8,reported
2026-03-03,Manila City,DIESEL,INDEPENDENT,52.09,55.5,reported
2026-03-03,Manila City,DIESEL,PETRON,57.0,58.24,reported
2026-03-03,Manila City,DIESEL,SEAOIL,55.05,56.5,reported
2026-03-03,Manila City,DIESEL,SHELL,58.65,62.0,reported
2026-03-03,Manila City,DIESEL,TOTAL,54.8,59.7,reported
2026-03-03,Manila City,DIESEL PLUS,PETRON,60.08,61.24,reported
2026-03-03,Manila City,DIESEL PLUS,SHELL,68.99,70.5,reported
2026-03-03,Manila City,DIESEL PLUS,TOTAL,56.8,56.8,reported
2026-03-03,Manila City,KEROSENE,INDEPENDENT,85.0,85.0,reported
2026-03-03,Manila City,KEROSENE,PETRON,86.41,86.67,reported
2026-03-03,Manila City,RON 100,PETRON,67.03,71.91,reported
2026-03-03,Manila City,RON 91,CALTEX,58.6,59.86,reported
2026-03-03,Manila City,RON 91,FLYING,53.1,54.0,reported
2026-03-03,Manila City,RON 91,INDEPENDENT,52.1,54.8,reported
2026-03-03,Manila City,RON 91,PETRON,55.4,59.6,reported
2026-03-03,Manila City,RON 91,SEAOIL,54.4,54.9,reported
2026-03-03,Manila City,RON 91,SHELL,59.5,60.59,reported
2026-03-03,Manila City,RON 91,TOTAL,55.4,60.28,reported
2026-03-03,Manila City,RON 95,CALTEX,63.4,63.5,reported
2026-03-03,Manila City,RON 95,FLYING,54.85,55.5,reported
2026-03-03,Manila City,RON 95,INDEPENDENT,52.95,58.29,reported
2026-03-03,Manila City,RON 95,PETRON,56.9,61.6,reported
2026-03-03,Manila City,RON 95,SHELL,66.84,68.89,reported
2026-03-03,Manila City,RON 95,TOTAL,57.5,68.47,reported
2026-03-03,Manila City,RON 97,SEAOIL,56.3,56.4,reported
2026-03-03,Manila City,RON 97,SHELL,68.55,71.78,reported
2026-03-03,Muntinlupa City,DIESEL,CALTEX,62.4,62.47,reported
2026-03-03,Muntinlupa City,DIESEL,FLYING,54.05,54.05,reported
2026-03-03,Muntinlupa City,DIESEL,PETRON,57.6,63.09,reported
2026-03-03,Muntinlupa City,DIESEL,PHOENIX,60.0,62.59,reported
2026-03-03,Muntinlupa City,DIESEL,SEAOIL,58.4,58.4,reported
2026-03-03,Muntinlupa City,DIESEL,SHELL,60.1,66.59,reported
2026-03-03,Muntinlupa City,DIESEL,TOTAL,63.09,63.09,reported
2026-03-03,Muntinlupa City,DIESEL,UNIOIL,59.0,59.6,reported
2026-03-03,Muntinlupa City,DIESEL PLUS,PETRON,60.6,66.09,reported
2026-03-03,Muntinlupa City,DIESEL PLUS,SHELL,68.6,74.81,reported
2026-03-03,Muntinlupa City,DIESEL PLUS,TOTAL,66.09,66.09,reported
2026-03-03,Muntinlupa City,KEROSENE,CALTEX,85.74,85.74,reported
2026-03-03,Muntinlupa City,RON 100,PETRON,66.33,72.16,reported
2026-03-03,Muntinlupa City,RON 91,CALTEX,59.31,60.43,reported
2026-03-03,Muntinlupa City,RON 91,FLYING,52.95,52.95,reported
2026-03-03,Muntinlupa City,RON 91,PETRON,55.5,60.55,reported
2026-03-03,Muntinlupa City,RON 91,PHOENIX,57.8,60.05,reported
2026-03-03,Muntinlupa City,RON 91,PTT,,,no_report
2026-03-03,Muntinlupa City,RON 91,SEAOIL,56.3,62.75,reported
2026-03-03,Muntinlupa City,RON 91,SHELL,58.6,62.85,reported
2026-03-03,Muntinlupa City,RON 91,TOTAL,60.55,60.55,reported
2026-03-03,Muntinlupa City,RON 91,UNIOIL,58.95,58.95,reported
2026-03-03,Muntinlupa City,RON 95,CALTEX,64.11,65.81,reported
2026-03-03,Muntinlupa City,RON 95,FLYING,53.1,53.1,reported
2026-03-03,Muntinlupa City,RON 95,PETRON,56.75,62.05,reported
2026-03-03,Muntinlupa City,RON 95,PHOENIX,59.3,61.55,reported
2026-03-03,Muntinlupa City,RON 95,SHELL,66.79,71.04,reported
2026-03-03,Muntinlupa City,RON 95,TOTAL,62.05,62.05,reported
2026-03-03,Muntinlupa City,RON 95,UNIOIL,58.8,61.95,reported
2026-03-03,Muntinlupa City,RON 97,SEAOIL,58.13,63.57,reported
2026-03-03,Muntinlupa City,RON 97,SHELL,70.29,74.04,reported
2026-03-03,Parañaque City,DIESEL,CALTEX,59.4,62.5,reported
2026-03-03,Parañaque City,DIESEL,FLYING,55.26,55.4,reported
2026-03-03,Parañaque City,DIESEL,INDEPENDENT,57.3,58.2,reported
2026-03-03,Parañaque City,DIESEL,PETRON,57.9,60.19,reported
2026-03-03,Parañaque City,DIESEL,SEAOIL,55.7,56.5,reported
2026-03-03,Parañaque City,DIESEL,SHELL,58.8,63.09,reported
2026-03-03,Parañaque City,DIESEL,TOTAL,62.4,62.4,reported
2026-03-03,Parañaque City,DIESEL,UNIOIL,59.69,59.9,reported
2026-03-03,Parañaque City,DIESEL PLUS,CALTEX,61.6,64.5,reported
2026-03-03,Parañaque City,DIESEL PLUS,PETRON,60.9,63.19,reported
2026-03-03,Parañaque City,DIESEL PLUS,SHELL,67.3,71.59,reported
2026-03-03,Parañaque City,KEROSENE,INDEPENDENT,78.9,78.9,reported
2026-03-03,Parañaque City,RON 100,PETRON,66.25,70.03,reported
2026-03-03,Parañaque City,RON 91,CALTEX,60.51,62.7,reported
2026-03-03,Parañaque City,RON 91,FLYING,55.5,55.51,reported
2026-03-03,Parañaque City,RON 91,INDEPENDENT,57.3,58.2,reported
2026-03-03,Parañaque City,RON 91,PETRON,55.2,58.81,reported
2026-03-03,Parañaque City,RON 91,PTT,,,no_report
2026-03-03,Parañaque City,RON 91,SEAOIL,56.4,56.9,reported
2026-03-03,Parañaque City,RON 91,SHELL,59.85,62.05,reported
2026-03-03,Parañaque City,RON 91,TOTAL,61.5,61.5,reported
2026-03-03,Parañaque City,RON 91,UNIOIL,58.31,60.01,reported
2026-03-03,Parañaque City,RON 95,CALTEX,62.3,65.2,reported
2026-03-03,Parañaque City,RON 95,FLYING,56.5,56.5,reported
2026-03-03,Parañaque City,RON 95,INDEPENDENT,57.8,60.2,reported
2026-03-03,Parañaque City,RON 95,PETRON,56.71,60.41,reported
2026-03-03,Parañaque City,RON 95,SHELL,67.2,70.24,reported
2026-03-03,Parañaque City,RON 95,TOTAL,63.5,63.5,reported
2026-03-03,Parañaque City,RON 95,UNIOIL,60.31,63.01,reported
2026-03-03,Parañaque City,RON 97,SEAOIL,57.4,58.4,reported
2026-03-03,Parañaque City,RON 97,SHELL,69.75,71.79,reported
2026-03-03,Parañaque City,RON 97,UNIOIL,74.06,76.5,reported
2026-03-03,Pasay City,DIESEL,CALTEX,63.0,64.0,reported
2026-03-03,Pasay City,DIESEL,INDEPENDENT,54.6,54.9,reported
2026-03-03,Pasay City,DIESEL,PETRON,57.6,61.6,reported
2026-03-03,Pasay City,DIESEL,PTT,57.3,60.3,reported
2026-03-03,Pasay City,DIESEL,SHELL,58.8,63.09,reported
2026-03-03,Pasay City,DIESEL,TOTAL,65.6,65.6,reported
2026-03-03,Pasay City,DIESEL PLUS,CALTEX,66.0,66.0,reported
2026-03-03,Pasay City,DIESEL PLUS,PETRON,64.6,64.6,reported
2026-03-03,Pasay City,DIESEL PLUS,PTT,60.3,60.3,reported
2026-03-03,Pasay City,DIESEL PLUS,SHELL,67.3,72.1,reported
2026-03-03,Pasay City,DIESEL PLUS,TOTAL,68.6,68.6,reported
2026-03-03,Pasay City,KEROSENE,CALTEX,96.73,96.73,reported
2026-03-03,Pasay City,KEROSENE,PETRON,87.86,87.86,reported
2026-03-03,Pasay City,RON 100,PETRON,68.6,72.62,reported
2026-03-03,Pasay City,RON 91,CALTEX,62.4,62.48,reported
2026-03-03,Pasay City,RON 91,FLYING,,,no_report
2026-03-03,Pasay City,RON 91,INDEPENDENT,53.05,53.95,reported
2026-03-03,Pasay City,RON 91,PETRON,55.8,60.7,reported
2026-03-03,Pasay City,RON 91,PTT,55.5,59.4,reported
2026-03-03,Pasay City,RON 91,SEAOIL,,,no_report
2026-03-03,Pasay City,RON 91,SHELL,59.85,62.0,reported
2026-03-03,Pasay City,RON 91,TOTAL,64.7,64.7,reported
2026-03-03,Pasay City,RON 95,CALTEX,65.95,70.59,reported
2026-03-03,Pasay City,RON 95,INDEPENDENT,54.0,54.9,reported
2026-03-03,Pasay City,RON 95,PETRON,56.9,62.2,reported
2026-03-03,Pasay City,RON 95,PTT,56.6,59.4,reported
2026-03-03,Pasay City,RON 95,SHELL,67.79,70.19,reported
2026-03-03,Pasay City,RON 95,TOTAL,66.2,66.2,reported
2026-03-03,Pasay City,RON 97,SHELL,69.5,73.19,reported
2026-03-03,Pasig City,DIESEL,CALTEX,61.55,61.89,reported
2026-03-03,Pasig City,DIESEL,FLYING,53.12,55.15,reported
2026-03-03,Pasig City,DIESEL,INDEPENDENT,54.2,60.55,reported
2026-03-03,Pasig City,DIESEL,PETRON,57.35,60.19,reported
2026-03-03,Pasig City,DIESEL,PHOENIX,55.6,60.15,reported
2026-03-03,Pasig City,DIESEL,SEAOIL,54.36,56.65,reported
2026-03-03,Pasig City,DIESEL,SHELL,60.0,61.99,reported
2026-03-03,Pasig City,DIESEL,TOTAL,57.1,57.1,reported
2026-03-03,Pasig City,DIESEL,UNIOIL,56.65,57.85,reported
2026-03-03,Pasig City,DIESEL PLUS,CALTEX,63.55,63.55,reported
2026-03-03,Pasig City,DIESEL PLUS,PETRON,58.5,63.19,reported
2026-03-03,Pasig City,DIESEL PLUS,SHELL,67.89,70.49,reported
2026-03-03,Pasig City,KEROSENE,PETRON,86.73,86.73,reported
2026-03-03,Pasig City,RON 100,PETRON,66.24,67.45,reported
2026-03-03,Pasig City,RON 91,CALTEX,58.3,61.05,reported
2026-03-03,Pasig City,RON 91,FLYING,51.6,53.65,reported
2026-03-03,Pasig City,RON 91,INDEPENDENT,52.85,58.95,reported
2026-03-03,Pasig City,RON 91,PETRON,55.24,56.6,reported
2026-03-03,Pasig City,RON 91,PHOENIX,53.1,59.1,reported
2026-03-03,Pasig City,RON 91,SEAOIL,53.9,56.45,reported
2026-03-03,Pasig City,RON 91,SHELL,59.55,60.4,reported
2026-03-03,Pasig City,RON 91,TOTAL,56.55,56.55,reported
2026-03-03,Pasig City,RON 91,UNIOIL,55.9,56.4,reported
2026-03-03,Pasig City,RON 95,CALTEX,61.6,69.2,reported
2026-03-03,Pasig City,RON 95,FLYING,51.9,54.65,reported
2026-03-03,Pasig City,RON 95,INDEPENDENT,53.85,59.95,reported
2026-03-03,Pasig City,RON 95,PETRON,56.75,57.91,reported
2026-03-03,Pasig City,RON 95,PHOENIX,53.4,61.1,reported
2026-03-03,Pasig City,RON 95,SHELL,67.3,68.5,reported
2026-03-03,Pasig City,RON 95,UNIOIL,59.4,59.4,reported
2026-03-03,Pasig City,RON 97,SEAOIL,56.4,59.45,reported
2026-03-03,Pasig City,RON 97,SHELL,69.45,70.25,reported
2026-03-03,Pasig City,RON 97,UNIOIL,64.4,72.55,reported
2026-03-03,Quezon City,DIESEL,CALTEX,58.15,62.8,reported
2026-03-03,Quezon City,DIESEL,FLYING,52.46,53.07,reported
2026-03-03,Quezon City,DIESEL,INDEPENDENT,54.58,57.0,reported
2026-03-03,Quezon City,DIESEL,PETRON,55.55,57.51,reported
2026-03-03,Quezon City,DIESEL,PHOENIX,54.3,60.2,reported
2026-03-03,Quezon City,DIESEL,SEAOIL,51.55,54.95,reported
2026-03-03,Quezon City,DIESEL,SHELL,59.59,61.9,reported
2026-03-03,Quezon City,DIESEL,UNIOIL,57.05,58.7,reported
2026-03-03,Quezon City,DIESEL PLUS,PETRON,58.55,60.51,reported
2026-03-03,Quezon City,DIESEL PLUS,SHELL,68.09,71.45,reported
2026-03-03,Quezon City,KEROSENE,PETRON,86.34,88.26,reported
2026-03-03,Quezon City,RON 100,PETRON,64.61,68.24,reported
2026-03-03,Quezon City,RON 91,CALTEX,55.85,62.4,reported
2026-03-03,Quezon City,RON 91,FLYING,50.7,53.6,reported
2026-03-03,Quezon City,RON 91,INDEPENDENT,52.08,53.7,reported
2026-03-03,Quezon City,RON 91,PETRON,53.7,57.01,reported
2026-03-03,Quezon City,RON 91,PHOENIX,55.3,60.0,reported
2026-03-03,Quezon City,RON 91,SEAOIL,52.89,55.4,reported
2026-03-03,Quezon City,RON 91,SHELL,58.2,61.64,reported
2026-03-03,Quezon City,RON 91,UNIOIL,54.7,56.9,reported
2026-03-03,Quezon City,RON 95,CALTEX,67.9,70.9,reported
2026-03-03,Quezon City,RON 95,FLYING,51.7,54.6,reported
2026-03-03,Quezon City,RON 95,INDEPENDENT,52.6,54.7,reported
2026-03-03,Quezon City,RON 95,PETRON,54.7,58.7,reported
2026-03-03,Quezon City,RON 95,PHOENIX,56.3,62.4,reported
2026-03-03,Quezon City,RON 95,SHELL,65.3,69.83,reported
2026-03-03,Quezon City,RON 95,UNIOIL,58.2,59.9,reported
2026-03-03,Quezon City,RON 97,SEAOIL,53.89,56.4,reported
2026-03-03,Quezon City,RON 97,SHELL,71.1,73.5,reported
2026-03-03,Quezon City,RON 97,UNIOIL,63.2,64.9,reported
2026-03-03,Taguig Cty,DIESEL,CALTEX,54.2,60.0,reported
2026-03-03,Taguig Cty,DIESEL,FLYING,52.75,53.3,reported
2026-03-03,Taguig Cty,DIESEL,INDEPENDENT,52.95,58.89,reported
2026-03-03,Taguig Cty,DIESEL,PETRON,56.8,59.09,reported
2026-03-03,Taguig Cty,DIESEL,SEAOIL,52.52,52.52,reported
2026-03-03,Taguig Cty,DIESEL,SHELL,59.5,62.49,reported
2026-03-03,Taguig Cty,DIESEL PLUS,CALTEX,71.4,71.4,reported
2026-03-03,Taguig Cty,DIESEL PLUS,PETRON,59.81,60.0,reported
2026-03-03,Taguig Cty,DIESEL PLUS,SHELL,68.0,70.49,reported
2026-03-03,Taguig Cty,KEROSENE,CALTEX,89.5,99.89,reported
2026-03-03,Taguig Cty,RON 100,PETRON,65.77,68.89,reported
2026-03-03,Taguig Cty,RON 91,CALTEX,54.9,59.9,reported
2026-03-03,Taguig Cty,RON 91,FLYING,52.0,54.4,reported
2026-03-03,Taguig Cty,RON 91,INDEPENDENT,52.5,58.99,reported
2026-03-03,Taguig Cty,RON 91,PETRON,54.7,57.3,reported
2026-03-03,Taguig Cty,RON 91,PHOENIX,,,no_report
2026-03-03,Taguig Cty,RON 91,SEAOIL,52.4,52.4,reported
2026-03-03,Taguig Cty,RON 91,SHELL,58.0,60.1,reported
2026-03-03,Taguig Cty,RON 91,TOTAL,,,no_report
2026-03-03,Taguig Cty,RON 91,UNIOIL,,,no_report
2026-03-03,Taguig Cty,RON 95,CALTEX,55.9,67.2,reported
2026-03-03,Taguig Cty,RON 95,FLYING,52.1,54.6,reported
2026-03-03,Taguig Cty,RON 95,INDEPENDENT,52.85,59.49,reported
2026-03-03,Taguig Cty,RON 95,PETRON,56.0,58.8,reported
2026-03-03,Taguig Cty,RON 95,SHELL,66.19,67.75,reported
2026-03-03,Taguig Cty,RON 97,SEAOIL,55.9,55.9,reported
2026-03-03,Taguig Cty,RON 97,SHELL,67.9,69.5,reported
2026-03-17,Caloocan City,DIESEL,CALTEX,110.7,110.7,reported
2026-03-17,Caloocan City,DIESEL,FLYING,101.8,103.1,reported
2026-03-17,Caloocan City,DIESEL,INDEPENDENT,92.0,105.0,reported
2026-03-17,Caloocan City,DIESEL,PETRON,101.6,104.3,reported
2026-03-17,Caloocan City,DIESEL,SEAOIL,102.3,102.89,reported
2026-03-17,Caloocan City,DIESEL,SHELL,108.1,110.2,reported
2026-03-17,Caloocan City,DIESEL,UNIOIL,102.3,102.6,reported
2026-03-17,Caloocan City,DIESEL PLUS,PETRON,107.3,107.3,reported
2026-03-17,Caloocan City,DIESEL PLUS,SHELL,116.1,117.8,reported
2026-03-17,Caloocan City,KEROSENE,PETRON,131.1,131.85,reported
2026-03-17,Caloocan City,RON 91,CALTEX,88.4,88.4,reported
2026-03-17,Caloocan City,RON 91,FLYING,82.1,84.7,reported
2026-03-17,Caloocan City,RON 91,INDEPENDENT,77.7,85.0,reported
2026-03-17,Caloocan City,RON 91,PETRON,81.6,86.4,reported
2026-03-17,Caloocan City,RON 91,SEAOIL,82.5,82.99,reported
2026-03-17,Caloocan City,RON 91,SHELL,84.7,89.0,reported
2026-03-17,Caloocan City,RON 91,UNIOIL,82.6,84.5,reported
2026-03-17,Caloocan City,RON 95,CALTEX,94.3,94.3,reported
2026-03-17,Caloocan City,RON 95,FLYING,83.3,87.7,reported
2026-03-17,Caloocan City,RON 95,INDEPENDENT,79.65,86.0,reported
2026-03-17,Caloocan City,RON 95,PETRON,82.7,87.9,reported
2026-03-17,Caloocan City,RON 95,SHELL,92.5,95.9,reported
2026-03-17,Caloocan City,RON 95,UNIOIL,85.6,88.3,reported
2026-03-17,Caloocan City,RON 97,SEAOIL,84.1,85.0,reported
2026-03-17,Caloocan City,RON 97,SHELL,98.5,98.9,reported
2026-03-17,Makati City,DIESEL,CALTEX,105.85,107.91,reported
2026-03-17,Makati City,DIESEL,PETRON,102.3,103.2,reported
2026-03-17,Makati City,DIESEL,PHOENIX,108.7,108.7,reported
2026-03-17,Makati City,DIESEL,SHELL,107.7,110.1,reported
2026-03-17,Makati City,DIESEL,UNIOIL,102.6,102.6,reported
2026-03-17,Makati City,DIESEL PLUS,CALTEX,112.05,119.27,reported
2026-03-17,Makati City,DIESEL PLUS,PETRON,105.3,106.4,reported
2026-03-17,Makati City,DIESEL PLUS,SHELL,116.8,119.7,reported
2026-03-17,Makati City,RON 100,PETRON,89.6,93.6,reported
2026-03-17,Makati City,RON 91,CALTEX,83.75,89.7,reported
2026-03-17,Makati City,RON 91,PETRON,79.5,82.0,reported
2026-03-17,Makati City,RON 91,PHOENIX,85.3,85.3,reported
2026-03-17,Makati City,RON 91,SHELL,84.7,85.4,reported
2026-03-17,Makati City,RON 91,UNIOIL,82.6,82.6,reported
2026-03-17,Makati City,RON 95,CALTEX,85.26,97.78,reported
2026-03-17,Makati City,RON 95,PETRON,81.0,85.4,reported
2026-03-17,Makati City,RON 95,PHOENIX,93.0,93.0,reported
2026-03-17,Makati City,RON 95,SHELL,92.4,94.4,reported
2026-03-17,Makati City,RON 95,UNIOIL,85.6,85.6,reported
2026-03-17,Makati City,RON 97,PHOENIX,94.7,94.7,reported
2026-03-17,Makati City,RON 97,SHELL,94.1,96.1,reported
2026-03-17,Manila City,DIESEL,CALTEX,110.1,111.36,reported
2026-03-17,Manila City,DIESEL,FLYING,102.5,102.6,reported
2026-03-17,Manila City,DIESEL,INDEPENDENT,99.0,103.9,reported
2026-03-17,Manila City,DIESEL,PETRON,101.1,102.4,reported
2026-03-17,Manila City,DIESEL,SEAOIL,102.1,102.5,reported
2026-03-17,Manila City,DIESEL,SHELL,105.9,110.1,reported
2026-03-17,Manila City,DIESEL,TOTAL,99.99,99.99,reported
2026-03-17,Manila City,DIESEL,UNIOIL,102.5,102.6,reported
2026-03-17,Manila City,DIESEL PLUS,PETRON,104.1,105.4,reported
2026-03-17,Manila City,DIESEL PLUS,SHELL,118.2,119.7,reported
2026-03-17,Manila City,DIESEL PLUS,TOTAL,99.99,99.99,reported
2026-03-17,Manila City,KEROSENE,INDEPENDENT,99.99,99.99,reported
2026-03-17,Manila City,KEROSENE,PETRON,131.9,132.1,reported
2026-03-17,Manila City,RON 100,PETRON,93.3,98.2,reported
2026-03-17,Manila City,RON 91,CALTEX,88.7,90.5,reported
2026-03-17,Manila City,RON 91,FLYING,83.5,86.1,reported
2026-03-17,Manila City,RON 91,INDEPENDENT,80.99,83.9,reported
2026-03-17,Manila City,RON 91,PETRON,79.7,83.9,reported
2026-03-17,Manila City,RON 91,SEAOIL,83.5,83.6,reported
2026-03-17,Manila City,RON 91,SHELL,86.4,86.5,reported
2026-03-17,Manila City,RON 91,TOTAL,82.6,86.83,reported
2026-03-17,Manila City,RON 91,UNIOIL,82.6,83.5,reported
2026-03-17,Manila City,RON 95,CALTEX,93.45,93.5,reported
2026-03-17,Manila City,RON 95,FLYING,85.5,87.6,reported
2026-03-17,Manila City,RON 95,INDEPENDENT,82.5,84.9,reported
2026-03-17,Manila City,RON 95,PETRON,83.1,87.8,reported
2026-03-17,Manila City,RON 95,SHELL,94.2,94.4,reported
2026-03-17,Manila City,RON 95,TOTAL,84.1,94.52,reported
2026-03-17,Manila City,RON 95,UNIOIL,85.6,87.4,reported
2026-03-17,Manila City,RON 97,SEAOIL,85.0,85.6,reported
2026-03-17,Manila City,RON 97,SHELL,95.9,96.8,reported
2026-03-17,Marikina City,DIESEL,FLYING,101.4,102.9,reported
2026-03-17,Marikina City,DIESEL,INDEPENDENT,97.4,101.4,reported
2026-03-17,Marikina City,DIESEL,PETRON,101.5,101.5,reported
2026-03-17,Marikina City,DIESEL,SEAOIL,104.22,104.22,reported
2026-03-17,Marikina City,DIESEL,SHELL,107.3,109.0,reported
2026-03-17,Marikina City,DIESEL,UNIOIL,102.4,102.4,reported
2026-03-17,Marikina City,DIESEL PLUS,PETRON,104.4,104.4,reported
2026-03-17,Marikina City,DIESEL PLUS,SHELL,116.8,117.0,reported
2026-03-17,Marikina City,KEROSENE,PETRON,129.3,129.3,reported
2026-03-17,Marikina City,RON 100,PETRON,94.2,94.2,reported
2026-03-17,Marikina City,RON 91,FLYING,82.4,83.3,reported
2026-03-17,Marikina City,RON 91,INDEPENDENT,76.6,81.8,reported
2026-03-17,Marikina City,RON 91,PETRON,81.8,81.8,reported
2026-03-17,Marikina City,RON 91,SEAOIL,81.8,81.8,reported
2026-03-17,Marikina City,RON 91,SHELL,85.3,88.7,reported
2026-03-17,Marikina City,RON 91,UNIOIL,82.8,82.8,reported
2026-03-17,Marikina City,RON 95,FLYING,84.3,85.5,reported
2026-03-17,Marikina City,RON 95,INDEPENDENT,78.8,84.8,reported
2026-03-17,Marikina City,RON 95,PETRON,83.8,83.8,reported
2026-03-17,Marikina City,RON 95,SHELL,93.5,95.5,reported
2026-03-17,Marikina City,RON 95,UNIOIL,85.8,85.8,reported
2026-03-17,Marikina City,RON 97,SEAOIL,82.8,82.8,reported
2026-03-17,Marikina City,RON 97,SHELL,96.5,98.5,reported
2026-03-17,Muntinlupa City,DIESEL,CALTEX,107.12,107.45,reported
2026-03-17,Muntinlupa City,DIESEL,FLYING,103.1,103.1,reported
2026-03-17,Muntinlupa City,DIESEL,PETRON,99.5,102.6,reported
2026-03-17,Muntinlupa City,DIESEL,PHOENIX,104.5,113.0,reported
2026-03-17,Muntinlupa City,DIESEL,SEAOIL,107.05,107.85,reported
2026-03-17,Muntinlupa City,DIESEL,SHELL,109.8,116.3,reported
2026-03-17,Muntinlupa City,DIESEL,TOTAL,101.79,101.79,reported
2026-03-17,Muntinlupa City,DIESEL,UNIOIL,103.9,103.9,reported
2026-03-17,Muntinlupa City,DIESEL PLUS,PETRON,104.79,105.6,reported
2026-03-17,Muntinlupa City,DIESEL PLUS,SHELL,117.8,122.4,reported
2026-03-17,Muntinlupa City,DIESEL PLUS,TOTAL,104.79,104.79,reported
2026-03-17,Muntinlupa City,KEROSENE,CALTEX,131.1,131.1,reported
2026-03-17,Muntinlupa City,KEROSENE,SEAOIL,126.99,126.99,reported
2026-03-17,Muntinlupa City,RON 100,PETRON,91.6,92.3,reported
2026-03-17,Muntinlupa City,RON 91,CALTEX,83.98,84.4,reported
2026-03-17,Muntinlupa City,RON 91,FLYING,81.2,81.2,reported
2026-03-17,Muntinlupa City,RON 91,PETRON,80.7,82.1,reported
2026-03-17,Muntinlupa City,RON 91,PHOENIX,84.8,88.6,reported
2026-03-17,Muntinlupa City,RON 91,SEAOIL,84.7,89.9,reported
2026-03-17,Muntinlupa City,RON 91,SHELL,86.0,89.7,reported
2026-03-17,Muntinlupa City,RON 91,TOTAL,83.45,83.45,reported
2026-03-17,Muntinlupa City,RON 91,UNIOIL,83.2,83.2,reported
2026-03-17,Muntinlupa City,RON 95,CALTEX,88.81,90.36,reported
2026-03-17,Muntinlupa City,RON 95,FLYING,82.5,82.5,reported
2026-03-17,Muntinlupa City,RON 95,PETRON,82.0,83.6,reported
2026-03-17,Muntinlupa City,RON 95,PHOENIX,88.6,95.7,reported
2026-03-17,Muntinlupa City,RON 95,SHELL,93.2,97.4,reported
2026-03-17,Muntinlupa City,RON 95,TOTAL,84.95,84.95,reported
2026-03-17,Muntinlupa City,RON 95,UNIOIL,86.2,86.2,reported
2026-03-17,Muntinlupa City,RON 97,SEAOIL,86.45,92.77,reported
2026-03-17,Muntinlupa City,RON 97,SHELL,96.7,100.4,reported
2026-03-17,Navotas City,DIESEL,CALTEX,102.4,102.4,reported
2026-03-17,Navotas City,DIESEL,FLYING,102.8,102.8,reported
2026-03-17,Navotas City,DIESEL,UNIOIL,102.3,102.3,reported
2026-03-17,Navotas City,RON 91,CALTEX,82.8,82.8,reported
2026-03-17,Navotas City,RON 91,FLYING,84.8,84.8,reported
2026-03-17,Navotas City,RON 91,UNIOIL,84.5,84.5,reported
2026-03-17,Navotas City,RON 95,CALTEX,85.8,85.8,reported
2026-03-17,Navotas City,RON 95,FLYING,88.4,88.4,reported
2026-03-17,Navotas City,RON 95,UNIOIL,88.3,88.3,reported
2026-03-17,Parañaque City,DIESEL,CALTEX,107.85,109.85,reported
2026-03-17,Parañaque City,DIESEL,FLYING,103.0,104.0,reported
2026-03-17,Parañaque City,DIESEL,INDEPENDENT,103.3,107.4,reported
2026-03-17,Parañaque City,DIESEL,PETRON,102.2,104.3,reported
2026-03-17,Parañaque City,DIESEL,SEAOIL,106.85,107.35,reported
2026-03-17,Parañaque City,DIESEL,SHELL,108.5,112.8,reported
2026-03-17,Parañaque City,DIESEL,TOTAL,107.3,107.3,reported
2026-03-17,Parañaque City,DIESEL,UNIOIL,103.9,103.9,reported
2026-03-17,Parañaque City,DIESEL PLUS,CALTEX,110.85,111.05,reported
2026-03-17,Parañaque City,DIESEL PLUS,PETRON,106.4,107.3,reported
2026-03-17,Parañaque City,DIESEL PLUS,SHELL,116.3,120.8,reported
2026-03-17,Parañaque City,DIESEL PLUS,TOTAL,126.2,126.2,reported
2026-03-17,Parañaque City,KEROSENE,INDEPENDENT,130.0,130.0,reported
2026-03-17,Parañaque City,RON 100,PETRON,90.7,94.6,reported
2026-03-17,Parañaque City,RON 91,CALTEX,87.06,88.56,reported
2026-03-17,Parañaque City,RON 91,FLYING,84.5,85.0,reported
2026-03-17,Parañaque City,RON 91,INDEPENDENT,80.5,86.9,reported
2026-03-17,Parañaque City,RON 91,PETRON,81.3,84.0,reported
2026-03-17,Parañaque City,RON 91,SEAOIL,86.7,86.9,reported
2026-03-17,Parañaque City,RON 91,SHELL,86.7,88.9,reported
2026-03-17,Parañaque City,RON 91,TOTAL,87.8,87.8,reported
2026-03-17,Parañaque City,RON 91,UNIOIL,83.2,83.2,reported
2026-03-17,Parañaque City,RON 95,CALTEX,88.85,90.56,reported
2026-03-17,Parañaque City,RON 95,FLYING,87.6,88.0,reported
2026-03-17,Parañaque City,RON 95,INDEPENDENT,81.0,88.4,reported
2026-03-17,Parañaque City,RON 95,PETRON,82.3,87.1,reported
2026-03-17,Parañaque City,RON 95,SHELL,93.4,96.5,reported
2026-03-17,Parañaque City,RON 95,TOTAL,90.8,90.8,reported
2026-03-17,Parañaque City,RON 95,UNIOIL,86.2,86.2,reported
2026-03-17,Parañaque City,RON 97,SEAOIL,87.7,88.4,reported
2026-03-17,Parañaque City,RON 97,SHELL,91.8,98.0,reported
2026-03-17,Parañaque City,RON 97,UNIOIL,91.2,92.0,reported
2026-03-17,Pasay City,DIESEL,CALTEX,108.25,109.61,reported
2026-03-17,Pasay City,DIESEL,INDEPENDENT,103.3,107.7,reported
2026-03-17,Pasay City,DIESEL,PETRON,99.6,105.3,reported
2026-03-17,Pasay City,DIESEL,PTT,100.0,105.2,reported
2026-03-17,Pasay City,DIESEL,SHELL,108.5,112.8,reported
2026-03-17,Pasay City,DIESEL,TOTAL,107.0,107.0,reported
2026-03-17,Pasay City,DIESEL,UNIOIL,103.9,103.9,reported
2026-03-17,Pasay City,DIESEL PLUS,CALTEX,112.61,112.61,reported
2026-03-17,Pasay City,DIESEL PLUS,PETRON,108.3,108.3,reported
2026-03-17,Pasay City,DIESEL PLUS,PTT,106.2,106.2,reported
2026-03-17,Pasay City,DIESEL PLUS,SHELL,116.5,120.8,reported
2026-03-17,Pasay City,DIESEL PLUS,TOTAL,110.0,110.0,reported
2026-03-17,Pasay City,KEROSENE,CALTEX,142.13,142.13,reported
2026-03-17,Pasay City,KEROSENE,PETRON,132.8,132.8,reported
2026-03-17,Pasay City,RON 100,PETRON,93.3,96.4,reported
2026-03-17,Pasay City,RON 91,CALTEX,86.6,88.4,reported
2026-03-17,Pasay City,RON 91,INDEPENDENT,76.5,88.7,reported
2026-03-17,Pasay City,RON 91,PETRON,81.1,84.5,reported
2026-03-17,Pasay City,RON 91,PTT,81.7,84.4,reported
2026-03-17,Pasay City,RON 91,SHELL,86.5,88.9,reported
2026-03-17,Pasay City,RON 91,TOTAL,89.0,89.0,reported
2026-03-17,Pasay City,RON 91,UNIOIL,83.2,83.2,reported
2026-03-17,Pasay City,RON 95,CALTEX,91.85,94.3,reported
2026-03-17,Pasay City,RON 95,INDEPENDENT,78.5,93.1,reported
2026-03-17,Pasay City,RON 95,PETRON,82.0,86.0,reported
2026-03-17,Pasay City,RON 95,PTT,82.8,85.9,reported
2026-03-17,Pasay City,RON 95,SHELL,94.2,96.5,reported
2026-03-17,Pasay City,RON 95,TOTAL,90.5,90.5,reported
2026-03-17,Pasay City,RON 95,UNIOIL,86.2,86.2,reported
2026-03-17,Pasay City,RON 97,SHELL,95.9,99.5,reported
2026-03-17,Pasig City,DIESEL,CALTEX,108.1,110.34,reported
2026-03-17,Pasig City,DIESEL,FLYING,102.2,102.6,reported
2026-03-17,Pasig City,DIESEL,INDEPENDENT,102.1,103.9,reported
2026-03-17,Pasig City,DIESEL,PETRON,101.0,104.3,reported
2026-03-17,Pasig City,DIESEL,PHOENIX,98.0,104.0,reported
2026-03-17,Pasig City,DIESEL,SEAOIL,103.8,106.1,reported
2026-03-17,Pasig City,DIESEL,SHELL,109.7,111.7,reported
2026-03-17,Pasig City,DIESEL,TOTAL,98.0,98.0,reported
2026-03-17,Pasig City,DIESEL,UNIOIL,102.4,102.4,reported
2026-03-17,Pasig City,DIESEL PLUS,CALTEX,111.1,111.1,reported
2026-03-17,Pasig City,DIESEL PLUS,PETRON,104.0,107.3,reported
2026-03-17,Pasig City,DIESEL PLUS,SHELL,111.7,117.7,reported
2026-03-17,Pasig City,KEROSENE,PETRON,132.2,132.2,reported
2026-03-17,Pasig City,RON 100,PETRON,91.8,98.7,reported
2026-03-17,Pasig City,RON 91,CALTEX,85.45,87.6,reported
2026-03-17,Pasig City,RON 91,FLYING,82.2,82.4,reported
2026-03-17,Pasig City,RON 91,INDEPENDENT,81.5,85.0,reported
2026-03-17,Pasig City,RON 91,PETRON,80.6,83.0,reported
2026-03-17,Pasig City,RON 91,PHOENIX,80.85,85.4,reported
2026-03-17,Pasig City,RON 91,SEAOIL,85.1,85.65,reported
2026-03-17,Pasig City,RON 91,SHELL,86.2,87.9,reported
2026-03-17,Pasig City,RON 91,TOTAL,80.85,80.85,reported
2026-03-17,Pasig City,RON 91,UNIOIL,82.8,82.8,reported
2026-03-17,Pasig City,RON 95,CALTEX,88.75,95.75,reported
2026-03-17,Pasig City,RON 95,FLYING,84.7,87.2,reported
2026-03-17,Pasig City,RON 95,INDEPENDENT,83.0,86.5,reported
2026-03-17,Pasig City,RON 95,PETRON,82.6,89.2,reported
2026-03-17,Pasig City,RON 95,PHOENIX,84.8,86.4,reported
2026-03-17,Pasig City,RON 95,SHELL,93.7,94.9,reported
2026-03-17,Pasig City,RON 95,UNIOIL,85.5,86.8,reported
2026-03-17,Pasig City,RON 97,SEAOIL,88.65,90.04,reported
2026-03-17,Pasig City,RON 97,SHELL,95.9,96.6,reported
2026-03-17,Pasig City,RON 97,UNIOIL,90.8,90.8,reported
2026-03-17,Quezon City,DIESEL,CALTEX,102.9,111.7,reported
2026-03-17,Quezon City,DIESEL,FLYING,101.1,103.1,reported
2026-03-17,Quezon City,DIESEL,INDEPENDENT,99.0,101.4,reported
2026-03-17,Quezon City,DIESEL,PETRON,100.4,101.7,reported
2026-03-17,Quezon City,DIESEL,PHOENIX,99.99,110.1,reported
2026-03-17,Quezon City,DIESEL,SEAOIL,100.53,104.0,reported
2026-03-17,Quezon City,DIESEL,SHELL,107.3,110.4,reported
2026-03-17,Quezon City,DIESEL,UNIOIL,102.1,103.9,reported
2026-03-17,Quezon City,DIESEL PLUS,PETRON,104.4,104.7,reported
2026-03-17,Quezon City,DIESEL PLUS,SHELL,115.8,117.2,reported
2026-03-17,Quezon City,KEROSENE,PETRON,132.3,133.7,reported
2026-03-17,Quezon City,RON 100,PETRON,91.9,94.3,reported
2026-03-17,Quezon City,RON 91,CALTEX,82.1,90.4,reported
2026-03-17,Quezon City,RON 91,FLYING,80.4,84.5,reported
2026-03-17,Quezon City,RON 91,INDEPENDENT,74.6,81.5,reported
2026-03-17,Quezon City,RON 91,PETRON,80.4,81.5,reported
2026-03-17,Quezon City,RON 91,PHOENIX,85.08,86.8,reported
2026-03-17,Quezon City,RON 91,SEAOIL,78.69,84.6,reported
2026-03-17,Quezon City,RON 91,SHELL,82.2,86.7,reported
2026-03-17,Quezon City,RON 91,UNIOIL,82.6,83.2,reported
2026-03-17,Quezon City,RON 95,CALTEX,85.5,94.4,reported
2026-03-17,Quezon City,RON 95,FLYING,82.9,86.4,reported
2026-03-17,Quezon City,RON 95,INDEPENDENT,75.1,83.0,reported
2026-03-17,Quezon City,RON 95,PETRON,83.4,84.9,reported
2026-03-17,Quezon City,RON 95,PHOENIX,89.2,93.8,reported
2026-03-17,Quezon City,RON 95,SHELL,90.7,93.5,reported
2026-03-17,Quezon City,RON 95,UNIOIL,85.6,86.2,reported
2026-03-17,Quezon City,RON 97,SEAOIL,79.69,85.7,reported
2026-03-17,Quezon City,RON 97,SHELL,94.7,96.5,reported
2026-03-17,Quezon City,RON 97,UNIOIL,90.8,90.8,reported
2026-03-17,Taguig Cty,DIESEL,CALTEX,99.1,108.25,reported
2026-03-17,Taguig Cty,DIESEL,FLYING,98.1,100.5,reported
2026-03-17,Taguig Cty,DIESEL,INDEPENDENT,99.95,106.99,reported
2026-03-17,Taguig Cty,DIESEL,PETRON,99.0,102.6,reported
2026-03-17,Taguig Cty,DIESEL,SEAOIL,107.0,107.0,reported
2026-03-17,Taguig Cty,DIESEL,SHELL,107.7,110.2,reported
2026-03-17,Taguig Cty,DIESEL PLUS,CALTEX,115.75,115.75,reported
2026-03-17,Taguig Cty,DIESEL PLUS,PETRON,102.0,103.6,reported
2026-03-17,Taguig Cty,DIESEL PLUS,SHELL,116.2,117.6,reported
2026-03-17,Taguig Cty,KEROSENE,CALTEX,113.0,143.79,reported
2026-03-17,Taguig Cty,RON 100,PETRON,91.0,91.7,reported
2026-03-17,Taguig Cty,RON 91,CALTEX,81.9,85.4,reported
2026-03-17,Taguig Cty,RON 91,FLYING,78.1,82.6,reported
2026-03-17,Taguig Cty,RON 91,INDEPENDENT,80.2,87.49,reported
2026-03-17,Taguig Cty,RON 91,PETRON,78.7,81.1,reported
2026-03-17,Taguig Cty,RON 91,SEAOIL,84.6,84.6,reported
2026-03-17,Taguig Cty,RON 91,SHELL,83.4,85.4,reported
2026-03-17,Taguig Cty,RON 95,CALTEX,82.8,92.0,reported
2026-03-17,Taguig Cty,RON 95,FLYING,78.4,83.5,reported
2026-03-17,Taguig Cty,RON 95,INDEPENDENT,82.1,87.99,reported
2026-03-17,Taguig Cty,RON 95,PETRON,81.7,82.0,reported
2026-03-17,Taguig Cty,RON 95,SHELL,91.5,93.1,reported
2026-03-17,Taguig Cty,RON 97,SEAOIL,85.0,85.0,reported
2026-03-17,Taguig Cty,RON 97,SHELL,93.3,95.5,reported
2026-03-17,Valenzuela City,DIESEL,FLYING,97.1,104.6,reported
2026-03-17,Valenzuela City,DIESEL,INDEPENDENT,110.9,111.2,reported
2026-03-17,Valenzuela City,DIESEL,SHELL,110.9,111.2,reported
2026-03-17,Valenzuela City,DIESEL,UNIOIL,102.3,102.5,reported
2026-03-17,Valenzuela City,DIESEL PLUS,SHELL,118.3,118.9,reported
2026-03-17,Valenzuela City,RON 91,FLYING,79.9,87.6,reported
2026-03-17,Valenzuela City,RON 91,INDEPENDENT,86.6,90.2,reported
2026-03-17,Valenzuela City,RON 91,SHELL,86.6,90.2,reported
2026-03-17,Valenzuela City,RON 91,UNIOIL,82.8,84.5,reported
2026-03-17,Valenzuela City,RON 95,FLYING,80.2,90.6,reported
2026-03-17,Valenzuela City,RON 95,INDEPENDENT,90.8,93.5,reported
2026-03-17,Valenzuela City,RON 95,SHELL,90.8,93.5,reported
2026-03-17,Valenzuela City,RON 95,UNIOIL,85.8,88.3,reported
2026-03-17,Valenzuela City,RON 97,SHELL,96.5,96.9,reported
2026-03-24,Caloocan City,DIESEL,CALTEX,125.3,125.3,reported
2026-03-24,Caloocan City,DIESEL,FLYING,119.2,120.5,reported
2026-03-24,Caloocan City,DIESEL,INDEPENDENT,105.0,118.3,reported
2026-03-24,Caloocan City,DIESEL,PETRON,118.3,123.9,reported
2026-03-24,Caloocan City,DIESEL,SEAOIL,115.79,118.3,reported
2026-03-24,Caloocan City,DIESEL,SHELL,124.9,125.9,reported
2026-03-24,Caloocan City,DIESEL,UNIOIL,118.4,119.4,reported
2026-03-24,Caloocan City,DIESEL PLUS,PETRON,124.8,124.8,reported
2026-03-24,Caloocan City,DIESEL PLUS,SHELL,133.9,135.6,reported
2026-03-24,Caloocan City,KEROSENE,PETRON,152.6,154.2,reported
2026-03-24,Caloocan City,RON 91,CALTEX,97.4,97.4,reported
2026-03-24,Caloocan City,RON 91,FLYING,92.5,95.1,reported
2026-03-24,Caloocan City,RON 91,INDEPENDENT,85.0,91.3,reported
2026-03-24,Caloocan City,RON 91,PETRON,92.1,96.9,reported
2026-03-24,Caloocan City,RON 91,SEAOIL,86.2,88.6,reported
2026-03-24,Caloocan City,RON 91,SHELL,95.4,99.7,reported
2026-03-24,Caloocan City,RON 91,UNIOIL,92.3,94.2,reported
2026-03-24,Caloocan City,RON 95,CALTEX,101.9,101.9,reported
2026-03-24,Caloocan City,RON 95,FLYING,93.7,98.1,reported
2026-03-24,Caloocan City,RON 95,INDEPENDENT,86.0,92.0,reported
2026-03-24,Caloocan City,RON 95,PETRON,94.1,98.9,reported
2026-03-24,Caloocan City,RON 95,SHELL,103.2,106.6,reported
2026-03-24,Caloocan City,RON 95,UNIOIL,95.3,98.0,reported
2026-03-24,Caloocan City,RON 97,SEAOIL,87.2,90.6,reported
2026-03-24,Caloocan City,RON 97,SHELL,109.2,109.6,reported
2026-03-24,Makati City,DIESEL,CALTEX,120.75,126.36,reported
2026-03-24,Makati City,DIESEL,PETRON,119.8,120.7,reported
2026-03-24,Makati City,DIESEL,PHOENIX,126.5,126.5,reported
2026-03-24,Makati City,DIESEL,SHELL,125.5,125.6,reported
2026-03-24,Makati City,DIESEL,UNIOIL,118.6,119.4,reported
2026-03-24,Makati City,DIESEL PLUS,CALTEX,130.5,137.22,reported
2026-03-24,Makati City,DIESEL PLUS,PETRON,122.8,123.7,reported
2026-03-24,Makati City,DIESEL PLUS,SHELL,134.6,137.5,reported
2026-03-24,Makati City,RON 100,PETRON,100.1,104.1,reported
2026-03-24,Makati City,RON 91,CALTEX,94.35,100.3,reported
2026-03-24,Makati City,RON 91,PETRON,90.0,92.5,reported
2026-03-24,Makati City,RON 91,PHOENIX,97.1,97.1,reported
2026-03-24,Makati City,RON 91,SHELL,95.4,96.1,reported
2026-03-24,Makati City,RON 91,UNIOIL,90.7,92.3,reported
2026-03-24,Makati City,RON 95,CALTEX,95.86,108.38,reported
2026-03-24,Makati City,RON 95,PETRON,92.1,94.5,reported
2026-03-24,Makati City,RON 95,PHOENIX,104.8,104.8,reported
2026-03-24,Makati City,RON 95,SHELL,103.1,105.1,reported
2026-03-24,Makati City,RON 95,UNIOIL,93.7,95.3,reported
2026-03-24,Makati City,RON 97,PHOENIX,106.5,106.5,reported
2026-03-24,Makati City,RON 97,SHELL,104.8,106.8,reported
2026-03-24,Manila City,DIESEL,CALTEX,125.0,125.1,reported
2026-03-24,Manila City,DIESEL,FLYING,119.9,120.0,reported
2026-03-24,Manila City,DIESEL,INDEPENDENT,109.9,118.0,reported
2026-03-24,Manila City,DIESEL,PETRON,118.6,119.9,reported
2026-03-24,Manila City,DIESEL,SEAOIL,114.8,118.9,reported
2026-03-24,Manila City,DIESEL,SHELL,123.7,125.7,reported
2026-03-24,Manila City,DIESEL,TOTAL,119.1,120.6,reported
2026-03-24,Manila City,DIESEL,UNIOIL,119.3,119.4,reported
2026-03-24,Manila City,DIESEL PLUS,PETRON,121.6,122.9,reported
2026-03-24,Manila City,DIESEL PLUS,SHELL,136.0,137.5,reported
2026-03-24,Manila City,DIESEL PLUS,TOTAL,122.1,122.1,reported
2026-03-24,Manila City,KEROSENE,INDEPENDENT,150.0,150.0,reported
2026-03-24,Manila City,KEROSENE,PETRON,153.4,153.6,reported
2026-03-24,Manila City,RON 100,PETRON,103.8,108.7,reported
2026-03-24,Manila City,RON 91,CALTEX,96.2,98.0,reported
2026-03-24,Manila City,RON 91,FLYING,93.9,96.5,reported
2026-03-24,Manila City,RON 91,INDEPENDENT,84.0,88.0,reported
2026-03-24,Manila City,RON 91,PETRON,90.2,94.4,reported
2026-03-24,Manila City,RON 91,SEAOIL,86.8,93.2,reported
2026-03-24,Manila City,RON 91,SHELL,96.2,97.2,reported
2026-03-24,Manila City,RON 91,TOTAL,93.1,94.6,reported
2026-03-24,Manila City,RON 91,UNIOIL,92.3,93.2,reported
2026-03-24,Manila City,RON 95,CALTEX,99.9,99.99,reported
2026-03-24,Manila City,RON 95,FLYING,95.9,98.0,reported
2026-03-24,Manila City,RON 95,INDEPENDENT,84.99,90.0,reported
2026-03-24,Manila City,RON 95,PETRON,92.3,96.4,reported
2026-03-24,Manila City,RON 95,SHELL,103.9,105.1,reported
2026-03-24,Manila City,RON 95,TOTAL,95.2,102.3,reported
2026-03-24,Manila City,RON 95,UNIOIL,95.3,97.1,reported
2026-03-24,Manila City,RON 97,SEAOIL,88.59,94.7,reported
2026-03-24,Manila City,RON 97,SHELL,105.6,106.9,reported
2026-03-24,Marikina City,DIESEL,FLYING,118.8,120.3,reported
2026-03-24,Marikina City,DIESEL,INDEPENDENT,111.4,115.4,reported
2026-03-24,Marikina City,DIESEL,PETRON,119.0,119.0,reported
2026-03-24,Marikina City,DIESEL,SEAOIL,121.02,121.02,reported
2026-03-24,Marikina City,DIESEL,SHELL,125.1,125.7,reported
2026-03-24,Marikina City,DIESEL,UNIOIL,118.5,119.2,reported
2026-03-24,Marikina City,DIESEL PLUS,PETRON,121.9,121.9,reported
2026-03-24,Marikina City,DIESEL PLUS,SHELL,134.6,134.8,reported
2026-03-24,Marikina City,KEROSENE,PETRON,150.8,150.8,reported
2026-03-24,Marikina City,RON 100,PETRON,104.7,104.7,reported
2026-03-24,Marikina City,RON 91,FLYING,92.8,93.7,reported
2026-03-24,Marikina City,RON 91,INDEPENDENT,88.5,89.8,reported
2026-03-24,Marikina City,RON 91,PETRON,92.3,92.3,reported
2026-03-24,Marikina City,RON 91,SEAOIL,91.5,91.5,reported
2026-03-24,Marikina City,RON 91,SHELL,96.4,99.4,reported
2026-03-24,Marikina City,RON 91,UNIOIL,90.8,92.5,reported
2026-03-24,Marikina City,RON 95,FLYING,94.7,95.9,reported
2026-03-24,Marikina City,RON 95,INDEPENDENT,90.4,92.8,reported
2026-03-24,Marikina City,RON 95,PETRON,94.3,94.3,reported
2026-03-24,Marikina City,RON 95,SHELL,104.2,106.2,reported
2026-03-24,Marikina City,RON 95,UNIOIL,93.8,95.5,reported
2026-03-24,Marikina City,RON 97,SEAOIL,92.5,92.5,reported
2026-03-24,Marikina City,RON 97,SHELL,107.2,109.2,reported
2026-03-24,Muntinlupa City,DIESEL,CALTEX,121.2,122.17,reported
2026-03-24,Muntinlupa City,DIESEL,FLYING,120.5,120.5,reported
2026-03-24,Muntinlupa City,DIESEL,PETRON,120.1,125.2,reported
2026-03-24,Muntinlupa City,DIESEL,PHOENIX,122.5,131.9,reported
2026-03-24,Muntinlupa City,DIESEL,SEAOIL,123.85,124.65,reported
2026-03-24,Muntinlupa City,DIESEL,SHELL,125.8,131.0,reported
2026-03-24,Muntinlupa City,DIESEL,TOTAL,121.9,121.9,reported
2026-03-24,Muntinlupa City,DIESEL,UNIOIL,120.7,120.7,reported
2026-03-24,Muntinlupa City,DIESEL PLUS,PETRON,123.1,128.2,reported
2026-03-24,Muntinlupa City,DIESEL PLUS,SHELL,135.6,140.2,reported
2026-03-24,Muntinlupa City,DIESEL PLUS,TOTAL,124.9,124.9,reported
2026-03-24,Muntinlupa City,KEROSENE,CALTEX,152.1,152.1,reported
2026-03-24,Muntinlupa City,KEROSENE,SEAOIL,147.89,147.89,reported
2026-03-24,Muntinlupa City,RON 100,PETRON,102.1,109.4,reported
2026-03-24,Muntinlupa City,RON 91,CALTEX,91.9,93.0,reported
2026-03-24,Muntinlupa City,RON 91,FLYING,91.6,91.6,reported
2026-03-24,Muntinlupa City,RON 91,PETRON,91.2,97.8,reported
2026-03-24,Muntinlupa City,RON 91,PHOENIX,96.3,101.2,reported
2026-03-24,Muntinlupa City,RON 91,SEAOIL,94.4,99.5,reported
2026-03-24,Muntinlupa City,RON 91,SHELL,96.2,100.4,reported
2026-03-24,Muntinlupa City,RON 91,TOTAL,95.4,95.4,reported
2026-03-24,Muntinlupa City,RON 91,UNIOIL,92.9,92.9,reported
2026-03-24,Muntinlupa City,RON 95,CALTEX,96.31,97.41,reported
2026-03-24,Muntinlupa City,RON 95,FLYING,92.9,92.9,reported
2026-03-24,Muntinlupa City,RON 95,PETRON,93.2,99.8,reported
2026-03-24,Muntinlupa City,RON 95,PHOENIX,101.1,108.9,reported
2026-03-24,Muntinlupa City,RON 95,SHELL,103.9,108.1,reported
2026-03-24,Muntinlupa City,RON 95,TOTAL,96.9,96.9,reported
2026-03-24,Muntinlupa City,RON 95,UNIOIL,95.9,95.9,reported
2026-03-24,Muntinlupa City,RON 97,SEAOIL,96.15,102.47,reported
2026-03-24,Muntinlupa City,RON 97,SHELL,107.2,111.1,reported
2026-03-24,Navotas City,DIESEL,CALTEX,118.5,119.2,reported
2026-03-24,Navotas City,DIESEL,FLYING,120.2,120.2,reported
2026-03-24,Navotas City,DIESEL,UNIOIL,119.4,119.4,reported
2026-03-24,Navotas City,RON 91,CALTEX,90.8,92.5,reported
2026-03-24,Navotas City,RON 91,FLYING,95.2,95.2,reported
2026-03-24,Navotas City,RON 91,UNIOIL,94.2,94.2,reported
2026-03-24,Navotas City,RON 95,CALTEX,93.8,95.5,reported
2026-03-24,Navotas City,RON 95,FLYING,98.8,98.8,reported
2026-03-24,Navotas City,RON 95,UNIOIL,98.0,98.0,reported
2026-03-24,Parañaque City,DIESEL,CALTEX,122.9,126.9,reported
2026-03-24,Parañaque City,DIESEL,FLYING,120.4,121.4,reported
2026-03-24,Parañaque City,DIESEL,INDEPENDENT,119.2,121.9,reported
2026-03-24,Parañaque City,DIESEL,PETRON,119.7,121.8,reported
2026-03-24,Parañaque City,DIESEL,SEAOIL,115.2,118.8,reported
2026-03-24,Parañaque City,DIESEL,SHELL,123.9,128.0,reported
2026-03-24,Parañaque City,DIESEL,TOTAL,121.2,121.2,reported
2026-03-24,Parañaque City,DIESEL,UNIOIL,120.7,120.7,reported
2026-03-24,Parañaque City,DIESEL PLUS,CALTEX,128.3,129.5,reported
2026-03-24,Parañaque City,DIESEL PLUS,PETRON,122.8,124.8,reported
2026-03-24,Parañaque City,DIESEL PLUS,SHELL,134.1,138.6,reported
2026-03-24,Parañaque City,DIESEL PLUS,TOTAL,125.0,125.0,reported
2026-03-24,Parañaque City,KEROSENE,INDEPENDENT,150.9,150.9,reported
2026-03-24,Parañaque City,RON 100,PETRON,101.2,105.1,reported
2026-03-24,Parañaque City,RON 91,CALTEX,95.66,98.46,reported
2026-03-24,Parañaque City,RON 91,FLYING,94.9,95.4,reported
2026-03-24,Parañaque City,RON 91,INDEPENDENT,90.2,94.0,reported
2026-03-24,Parañaque City,RON 91,PETRON,91.8,94.5,reported
2026-03-24,Parañaque City,RON 91,SEAOIL,88.5,91.5,reported
2026-03-24,Parañaque City,RON 91,SHELL,95.6,99.6,reported
2026-03-24,Parañaque City,RON 91,TOTAL,95.6,95.6,reported
2026-03-24,Parañaque City,RON 91,UNIOIL,92.9,92.9,reported
2026-03-24,Parañaque City,RON 95,CALTEX,97.66,99.66,reported
2026-03-24,Parañaque City,RON 95,FLYING,98.0,98.4,reported
2026-03-24,Parañaque City,RON 95,INDEPENDENT,90.7,95.4,reported
2026-03-24,Parañaque City,RON 95,PETRON,93.9,96.5,reported
2026-03-24,Parañaque City,RON 95,SHELL,103.2,107.2,reported
2026-03-24,Parañaque City,RON 95,TOTAL,98.6,98.6,reported
2026-03-24,Parañaque City,RON 95,UNIOIL,95.9,95.9,reported
2026-03-24,Parañaque City,RON 97,SEAOIL,89.5,93.0,reported
2026-03-24,Parañaque City,RON 97,SHELL,102.5,106.8,reported
2026-03-24,Parañaque City,RON 97,UNIOIL,100.9,100.9,reported
2026-03-24,Pasay City,DIESEL,CALTEX,126.7,127.06,reported
2026-03-24,Pasay City,DIESEL,INDEPENDENT,106.0,125.7,reported
2026-03-24,Pasay City,DIESEL,PETRON,119.2,122.8,reported
2026-03-24,Pasay City,DIESEL,PTT,118.6,123.9,reported
2026-03-24,Pasay City,DIESEL,SHELL,122.6,128.6,reported
2026-03-24,Pasay City,DIESEL,TOTAL,124.9,124.9,reported
2026-03-24,Pasay City,DIESEL,UNIOIL,120.7,120.7,reported
2026-03-24,Pasay City,DIESEL PLUS,CALTEX,130.06,130.06,reported
2026-03-24,Pasay City,DIESEL PLUS,PETRON,125.8,125.8,reported
2026-03-24,Pasay City,DIESEL PLUS,PTT,126.9,126.9,reported
2026-03-24,Pasay City,DIESEL PLUS,SHELL,135.5,138.6,reported
2026-03-24,Pasay City,DIESEL PLUS,TOTAL,127.9,127.9,reported
2026-03-24,Pasay City,KEROSENE,CALTEX,165.13,165.13,reported
2026-03-24,Pasay City,KEROSENE,PETRON,154.3,154.3,reported
2026-03-24,Pasay City,RON 100,PETRON,103.8,106.9,reported
2026-03-24,Pasay City,RON 91,CALTEX,97.2,99.0,reported
2026-03-24,Pasay City,RON 91,INDEPENDENT,88.5,96.7,reported
2026-03-24,Pasay City,RON 91,PETRON,90.5,95.0,reported
2026-03-24,Pasay City,RON 91,PTT,89.7,94.9,reported
2026-03-24,Pasay City,RON 91,SHELL,97.2,99.6,reported
2026-03-24,Pasay City,RON 91,TOTAL,99.5,99.5,reported
2026-03-24,Pasay City,RON 91,UNIOIL,92.9,92.9,reported
2026-03-24,Pasay City,RON 95,CALTEX,102.45,104.9,reported
2026-03-24,Pasay City,RON 95,INDEPENDENT,89.5,101.1,reported
2026-03-24,Pasay City,RON 95,PETRON,92.5,97.0,reported
2026-03-24,Pasay City,RON 95,PTT,91.2,97.0,reported
2026-03-24,Pasay City,RON 95,SHELL,97.9,107.2,reported
2026-03-24,Pasay City,RON 95,TOTAL,101.0,101.0,reported
2026-03-24,Pasay City,RON 95,UNIOIL,95.9,95.9,reported
2026-03-24,Pasay City,RON 97,SHELL,106.6,110.2,reported
2026-03-24,Pasig City,DIESEL,CALTEX,124.59,128.64,reported
2026-03-24,Pasig City,DIESEL,FLYING,119.6,120.0,reported
2026-03-24,Pasig City,DIESEL,INDEPENDENT,109.9,120.1,reported
2026-03-24,Pasig City,DIESEL,PETRON,118.5,121.8,reported
2026-03-24,Pasig City,DIESEL,PHOENIX,115.9,118.5,reported
2026-03-24,Pasig City,DIESEL,SEAOIL,117.0,119.7,reported
2026-03-24,Pasig City,DIESEL,SHELL,125.0,127.2,reported
2026-03-24,Pasig City,DIESEL,TOTAL,115.9,115.9,reported
2026-03-24,Pasig City,DIESEL,UNIOIL,119.2,119.2,reported
2026-03-24,Pasig City,DIESEL PLUS,CALTEX,128.55,128.55,reported
2026-03-24,Pasig City,DIESEL PLUS,PETRON,121.5,124.8,reported
2026-03-24,Pasig City,DIESEL PLUS,SHELL,134.9,137.5,reported
2026-03-24,Pasig City,KEROSENE,PETRON,153.7,153.7,reported
2026-03-24,Pasig City,RON 100,PETRON,102.3,109.2,reported
2026-03-24,Pasig City,RON 91,CALTEX,95.04,98.2,reported
2026-03-24,Pasig City,RON 91,FLYING,92.6,92.8,reported
2026-03-24,Pasig City,RON 91,INDEPENDENT,85.9,93.0,reported
2026-03-24,Pasig City,RON 91,PETRON,91.1,93.5,reported
2026-03-24,Pasig City,RON 91,PHOENIX,89.9,92.5,reported
2026-03-24,Pasig City,RON 91,SEAOIL,89.5,93.5,reported
2026-03-24,Pasig City,RON 91,SHELL,97.1,98.0,reported
2026-03-24,Pasig City,RON 91,TOTAL,91.4,91.4,reported
2026-03-24,Pasig City,RON 91,UNIOIL,92.5,92.5,reported
2026-03-24,Pasig City,RON 95,CALTEX,99.35,106.35,reported
2026-03-24,Pasig City,RON 95,FLYING,95.1,97.6,reported
2026-03-24,Pasig City,RON 95,INDEPENDENT,86.9,95.1,reported
2026-03-24,Pasig City,RON 95,PETRON,93.1,95.6,reported
2026-03-24,Pasig City,RON 95,PHOENIX,92.8,95.5,reported
2026-03-24,Pasig City,RON 95,SHELL,104.4,105.6,reported
2026-03-24,Pasig City,RON 95,UNIOIL,95.5,95.5,reported
2026-03-24,Pasig City,RON 97,SEAOIL,90.5,97.4,reported
2026-03-24,Pasig City,RON 97,SHELL,106.5,107.3,reported
2026-03-24,Pasig City,RON 97,UNIOIL,100.5,100.5,reported
2026-03-24,Quezon City,DIESEL,CALTEX,127.0,127.0,reported
2026-03-24,Quezon City,DIESEL,FLYING,120.2,120.5,reported
2026-03-24,Quezon City,DIESEL,INDEPENDENT,109.5,115.0,reported
2026-03-24,Quezon City,DIESEL,PETRON,117.9,119.2,reported
2026-03-24,Quezon City,DIESEL,PHOENIX,125.0,125.2,reported
2026-03-24,Quezon City,DIESEL,SEAOIL,109.9,120.6,reported
2026-03-24,Quezon City,DIESEL,SHELL,123.3,125.6,reported
2026-03-24,Quezon City,DIESEL,UNIOIL,118.3,120.7,reported
2026-03-24,Quezon City,DIESEL PLUS,PETRON,120.9,122.2,reported
2026-03-24,Quezon City,DIESEL PLUS,SHELL,133.6,135.0,reported
2026-03-24,Quezon City,KEROSENE,PETRON,153.8,155.2,reported
2026-03-24,Quezon City,RON 100,PETRON,102.4,104.8,reported
2026-03-24,Quezon City,RON 91,CALTEX,97.0,97.0,reported
2026-03-24,Quezon City,RON 91,FLYING,90.8,94.9,reported
2026-03-24,Quezon City,RON 91,INDEPENDENT,86.0,88.5,reported
2026-03-24,Quezon City,RON 91,PETRON,90.9,92.1,reported
2026-03-24,Quezon City,RON 91,PHOENIX,94.2,95.7,reported
2026-03-24,Quezon City,RON 91,SEAOIL,85.9,89.0,reported
2026-03-24,Quezon City,RON 91,SHELL,92.9,97.4,reported
2026-03-24,Quezon City,RON 91,UNIOIL,91.7,92.9,reported
2026-03-24,Quezon City,RON 95,CALTEX,102.0,102.0,reported
2026-03-24,Quezon City,RON 95,FLYING,93.3,96.8,reported
2026-03-24,Quezon City,RON 95,INDEPENDENT,87.5,89.5,reported
2026-03-24,Quezon City,RON 95,PETRON,92.9,94.2,reported
2026-03-24,Quezon City,RON 95,PHOENIX,95.5,104.5,reported
2026-03-24,Quezon City,RON 95,SHELL,101.4,104.2,reported
2026-03-24,Quezon City,RON 95,UNIOIL,94.7,95.9,reported
2026-03-24,Quezon City,RON 97,SEAOIL,86.9,91.5,reported
2026-03-24,Quezon City,RON 97,SHELL,105.4,107.2,reported
2026-03-24,Quezon City,RON 97,UNIOIL,99.7,100.5,reported
2026-03-24,Taguig Cty,DIESEL,CALTEX,117.9,126.7,reported
2026-03-24,Taguig Cty,DIESEL,FLYING,115.5,117.9,reported
2026-03-24,Taguig Cty,DIESEL,INDEPENDENT,118.4,123.89,reported
2026-03-24,Taguig Cty,DIESEL,PETRON,116.5,120.1,reported
2026-03-24,Taguig Cty,DIESEL,SEAOIL,116.1,116.1,reported
2026-03-24,Taguig Cty,DIESEL,SHELL,123.9,125.9,reported
2026-03-24,Taguig Cty,DIESEL PLUS,CALTEX,134.2,134.2,reported
2026-03-24,Taguig Cty,DIESEL PLUS,PETRON,119.5,123.1,reported
2026-03-24,Taguig Cty,DIESEL PLUS,SHELL,134.0,135.4,reported
2026-03-24,Taguig Cty,KEROSENE,CALTEX,140.0,166.79,reported
2026-03-24,Taguig Cty,RON 100,PETRON,101.5,102.2,reported
2026-03-24,Taguig Cty,RON 91,CALTEX,93.0,96.0,reported
2026-03-24,Taguig Cty,RON 91,FLYING,88.5,93.0,reported
2026-03-24,Taguig Cty,RON 91,INDEPENDENT,89.8,94.49,reported
2026-03-24,Taguig Cty,RON 91,PETRON,89.2,91.6,reported
2026-03-24,Taguig Cty,RON 91,SEAOIL,89.0,89.0,reported
2026-03-24,Taguig Cty,RON 91,SHELL,94.1,98.2,reported
2026-03-24,Taguig Cty,RON 95,CALTEX,93.9,102.6,reported
2026-03-24,Taguig Cty,RON 95,FLYING,88.88,93.9,reported
2026-03-24,Taguig Cty,RON 95,INDEPENDENT,91.7,96.4,reported
2026-03-24,Taguig Cty,RON 95,PETRON,91.2,93.0,reported
2026-03-24,Taguig Cty,RON 95,SHELL,102.2,105.9,reported
2026-03-24,Taguig Cty,RON 97,SEAOIL,90.2,90.2,reported
2026-03-24,Taguig Cty,RON 97,SHELL,104.0,108.7,reported
2026-03-24,Valenzuela City,DIESEL,FLYING,114.5,122.0,reported
2026-03-24,Valenzuela City,DIESEL,INDEPENDENT,126.7,128.7,reported
2026-03-24,Valenzuela City,DIESEL,SHELL,126.7,128.7,reported
2026-03-24,Valenzuela City,DIESEL,UNIOIL,118.9,122.3,reported
2026-03-24,Valenzuela City,DIESEL PLUS,SHELL,134.9,136.7,reported
2026-03-24,Valenzuela City,RON 91,FLYING,90.3,98.0,reported
2026-03-24,Valenzuela City,RON 91,INDEPENDENT,97.3,100.9,reported
2026-03-24,Valenzuela City,RON 91,SHELL,97.3,100.9,reported
2026-03-24,Valenzuela City,RON 91,UNIOIL,92.5,94.9,reported
2026-03-24,Valenzuela City,RON 95,FLYING,90.6,101.0,reported
2026-03-24,Valenzuela City,RON 95,INDEPENDENT,101.5,104.2,reported
2026-03-24,Valenzuela City,RON 95,SHELL,101.5,104.2,reported
2026-03-24,Valenzuela City,RON 95,UNIOIL,95.5,99.9,reported
2026-03-24,Valenzuela City,RON 97,SHELL,107.2,107.6,reported
2026-03-31,Caloocan City,DIESEL,CALTEX,135.7,135.7,reported
2026-03-31,Caloocan City,DIESEL,FLYING,126.5,130.5,reported
2026-03-31,Caloocan City,DIESEL,INDEPENDENT,110.0,128.8,reported
2026-03-31,Caloocan City,DIESEL,PETRON,130.6,135.8,reported
2026-03-31,Caloocan City,DIESEL,SEAOIL,129.9,130.8,reported
2026-03-31,Caloocan City,DIESEL,SHELL,135.2,136.2,reported
2026-03-31,Caloocan City,DIESEL,UNIOIL,129.1,129.8,reported
2026-03-31,Caloocan City,DIESEL PLUS,PETRON,136.7,136.7,reported
2026-03-31,Caloocan City,DIESEL PLUS,SHELL,141.1,145.9,reported
2026-03-31,Caloocan City,KEROSENE,PETRON,154.0,154.75,reported
2026-03-31,Caloocan City,RON 91,CALTEX,101.1,101.1,reported
2026-03-31,Caloocan City,RON 91,FLYING,90.3,93.4,reported
2026-03-31,Caloocan City,RON 91,INDEPENDENT,86.0,93.2,reported
2026-03-31,Caloocan City,RON 91,PETRON,90.4,98.8,reported
2026-03-31,Caloocan City,RON 91,SEAOIL,81.0,81.2,reported
2026-03-31,Caloocan City,RON 91,SHELL,96.9,101.6,reported
2026-03-31,Caloocan City,RON 91,UNIOIL,91.0,95.2,reported
2026-03-31,Caloocan City,RON 95,CALTEX,107.5,107.5,reported
2026-03-31,Caloocan City,RON 95,FLYING,92.3,95.4,reported
2026-03-31,Caloocan City,RON 95,INDEPENDENT,87.0,93.7,reported
2026-03-31,Caloocan City,RON 95,PETRON,92.4,100.8,reported
2026-03-31,Caloocan City,RON 95,SHELL,104.4,109.1,reported
2026-03-31,Caloocan City,RON 95,UNIOIL,94.0,99.0,reported
2026-03-31,Caloocan City,RON 97,SEAOIL,82.2,82.5,reported
2026-03-31,Caloocan City,RON 97,SHELL,112.1,112.6,reported
2026-03-31,Makati City,DIESEL,CALTEX,132.75,138.4,reported
2026-03-31,Makati City,DIESEL,PETRON,125.9,131.7,reported
2026-03-31,Makati City,DIESEL,PHOENIX,136.8,136.8,reported
2026-03-31,Makati City,DIESEL,SHELL,135.8,135.9,reported
2026-03-31,Makati City,DIESEL,UNIOIL,129.4,129.8,reported
2026-03-31,Makati City,DIESEL PLUS,CALTEX,135.9,144.5,reported
2026-03-31,Makati City,DIESEL PLUS,PETRON,128.9,134.7,reported
2026-03-31,Makati City,DIESEL PLUS,SHELL,145.5,145.6,reported
2026-03-31,Makati City,RON 100,PETRON,99.2,102.9,reported
2026-03-31,Makati City,RON 91,CALTEX,96.85,102.8,reported
2026-03-31,Makati City,RON 91,PETRON,87.2,91.9,reported
2026-03-31,Makati City,RON 91,PHOENIX,98.8,98.8,reported
2026-03-31,Makati City,RON 91,SHELL,96.6,98.4,reported
2026-03-31,Makati City,RON 91,UNIOIL,91.0,93.3,reported
2026-03-31,Makati City,RON 95,CALTEX,98.36,109.9,reported
2026-03-31,Makati City,RON 95,PETRON,89.2,93.9,reported
2026-03-31,Makati City,RON 95,PHOENIX,106.3,106.3,reported
2026-03-31,Makati City,RON 95,SHELL,104.1,105.9,reported
2026-03-31,Makati City,RON 95,UNIOIL,94.0,96.3,reported
2026-03-31,Makati City,RON 97,PHOENIX,107.3,107.3,reported
2026-03-31,Makati City,RON 97,SHELL,107.7,109.7,reported
2026-03-31,Manila City,DIESEL,CALTEX,135.6,135.6,reported
2026-03-31,Manila City,DIESEL,FLYING,129.4,129.9,reported
2026-03-31,Manila City,DIESEL,INDEPENDENT,116.0,136.8,reported
2026-03-31,Manila City,DIESEL,PETRON,128.9,131.4,reported
2026-03-31,Manila City,DIESEL,SEAOIL,125.4,131.1,reported
2026-03-31,Manila City,DIESEL,SHELL,132.3,134.5,reported
2026-03-31,Manila City,DIESEL,TOTAL,131.0,138.4,reported
2026-03-31,Manila City,DIESEL,UNIOIL,129.8,133.5,reported
2026-03-31,Manila City,DIESEL PLUS,PETRON,131.8,134.4,reported
2026-03-31,Manila City,DIESEL PLUS,SHELL,140.2,143.7,reported
2026-03-31,Manila City,DIESEL PLUS,TOTAL,134.0,134.0,reported
2026-03-31,Manila City,KEROSENE,INDEPENDENT,150.0,150.0,reported
2026-03-31,Manila City,KEROSENE,PETRON,154.8,155.0,reported
2026-03-31,Manila City,RON 100,PETRON,104.8,110.6,reported
2026-03-31,Manila City,RON 91,CALTEX,95.99,95.99,reported
2026-03-31,Manila City,RON 91,FLYING,93.9,94.0,reported
2026-03-31,Manila City,RON 91,INDEPENDENT,88.8,91.0,reported
2026-03-31,Manila City,RON 91,PETRON,90.5,96.3,reported
2026-03-31,Manila City,RON 91,SEAOIL,84.9,85.2,reported
2026-03-31,Manila City,RON 91,SHELL,92.1,97.5,reported
2026-03-31,Manila City,RON 91,TOTAL,95.0,98.3,reported
2026-03-31,Manila City,RON 91,UNIOIL,91.0,95.7,reported
2026-03-31,Manila City,RON 95,CALTEX,102.99,102.99,reported
2026-03-31,Manila City,RON 95,FLYING,96.0,96.1,reported
2026-03-31,Manila City,RON 95,INDEPENDENT,89.8,92.0,reported
2026-03-31,Manila City,RON 95,PETRON,92.5,98.3,reported
2026-03-31,Manila City,RON 95,SHELL,95.9,105.0,reported
2026-03-31,Manila City,RON 95,TOTAL,97.1,106.0,reported
2026-03-31,Manila City,RON 95,UNIOIL,94.0,99.6,reported
2026-03-31,Manila City,RON 97,SEAOIL,85.9,87.3,reported
2026-03-31,Manila City,RON 97,SHELL,103.2,109.8,reported
2026-03-31,Marikina City,DIESEL,FLYING,128.8,129.7,reported
2026-03-31,Marikina City,DIESEL,INDEPENDENT,126.4,128.1,reported
2026-03-31,Marikina City,DIESEL,PETRON,128.9,128.9,reported
2026-03-31,Marikina City,DIESEL,SEAOIL,133.52,133.52,reported
2026-03-31,Marikina City,DIESEL,SHELL,133.4,133.4,reported
2026-03-31,Marikina City,DIESEL,UNIOIL,129.5,129.5,reported
2026-03-31,Marikina City,DIESEL PLUS,PETRON,132.0,132.0,reported
2026-03-31,Marikina City,DIESEL PLUS,SHELL,144.4,144.5,reported
2026-03-31,Marikina City,KEROSENE,PETRON,152.2,152.2,reported
2026-03-31,Marikina City,RON 100,PETRON,101.9,101.9,reported
2026-03-31,Marikina City,RON 91,FLYING,93.1,93.2,reported
2026-03-31,Marikina City,RON 91,INDEPENDENT,88.0,89.5,reported
2026-03-31,Marikina City,RON 91,PETRON,89.9,89.9,reported
2026-03-31,Marikina City,RON 91,SEAOIL,86.5,86.5,reported
2026-03-31,Marikina City,RON 91,SHELL,96.4,96.4,reported
2026-03-31,Marikina City,RON 91,UNIOIL,89.9,91.3,reported
2026-03-31,Marikina City,RON 95,FLYING,95.1,95.1,reported
2026-03-31,Marikina City,RON 95,INDEPENDENT,89.5,91.2,reported
2026-03-31,Marikina City,RON 95,PETRON,91.9,91.9,reported
2026-03-31,Marikina City,RON 95,SHELL,104.2,104.3,reported
2026-03-31,Marikina City,RON 95,UNIOIL,92.9,94.3,reported
2026-03-31,Marikina City,RON 97,SEAOIL,87.5,87.5,reported
2026-03-31,Marikina City,RON 97,SHELL,108.5,108.5,reported
2026-03-31,Muntinlupa City,DIESEL,CALTEX,132.2,139.57,reported
2026-03-31,Muntinlupa City,DIESEL,FLYING,126.8,126.8,reported
2026-03-31,Muntinlupa City,DIESEL,PETRON,128.9,137.1,reported
2026-03-31,Muntinlupa City,DIESEL,PHOENIX,135.5,144.9,reported
2026-03-31,Muntinlupa City,DIESEL,SEAOIL,132.6,137.15,reported
2026-03-31,Muntinlupa City,DIESEL,SHELL,136.1,141.3,reported
2026-03-31,Muntinlupa City,DIESEL,TOTAL,134.69,134.69,reported
2026-03-31,Muntinlupa City,DIESEL,UNIOIL,130.7,131.6,reported
2026-03-31,Muntinlupa City,DIESEL PLUS,PETRON,131.9,140.1,reported
2026-03-31,Muntinlupa City,DIESEL PLUS,SHELL,142.0,150.3,reported
2026-03-31,Muntinlupa City,DIESEL PLUS,TOTAL,137.69,137.69,reported
2026-03-31,Muntinlupa City,KEROSENE,CALTEX,151.85,151.85,reported
2026-03-31,Muntinlupa City,KEROSENE,SEAOIL,149.89,149.89,reported
2026-03-31,Muntinlupa City,RON 100,PETRON,104.4,111.3,reported
2026-03-31,Muntinlupa City,RON 91,CALTEX,96.75,97.5,reported
2026-03-31,Muntinlupa City,RON 91,FLYING,90.3,90.3,reported
2026-03-31,Muntinlupa City,RON 91,PETRON,92.4,99.7,reported
2026-03-31,Muntinlupa City,RON 91,PHOENIX,100.0,104.1,reported
2026-03-31,Muntinlupa City,RON 91,SEAOIL,91.2,95.5,reported
2026-03-31,Muntinlupa City,RON 91,SHELL,97.8,103.3,reported
2026-03-31,Muntinlupa City,RON 91,TOTAL,96.35,96.35,reported
2026-03-31,Muntinlupa City,RON 91,UNIOIL,92.0,93.9,reported
2026-03-31,Muntinlupa City,RON 95,CALTEX,101.16,101.9,reported
2026-03-31,Muntinlupa City,RON 95,FLYING,91.3,91.3,reported
2026-03-31,Muntinlupa City,RON 95,PETRON,94.4,101.7,reported
2026-03-31,Muntinlupa City,RON 95,PHOENIX,105.1,111.8,reported
2026-03-31,Muntinlupa City,RON 95,SHELL,105.3,110.8,reported
2026-03-31,Muntinlupa City,RON 95,TOTAL,97.85,97.85,reported
2026-03-31,Muntinlupa City,RON 95,UNIOIL,96.7,96.9,reported
2026-03-31,Muntinlupa City,RON 97,SEAOIL,93.2,98.47,reported
2026-03-31,Muntinlupa City,RON 97,SHELL,110.3,114.0,reported
2026-03-31,Navotas City,DIESEL,FLYING,129.9,129.9,reported
2026-03-31,Navotas City,DIESEL,UNIOIL,129.7,129.7,reported
2026-03-31,Navotas City,RON 91,FLYING,95.0,95.0,reported
2026-03-31,Navotas City,RON 91,UNIOIL,95.2,95.2,reported
2026-03-31,Navotas City,RON 95,FLYING,98.8,98.8,reported
2026-03-31,Navotas City,RON 95,UNIOIL,99.0,99.0,reported
2026-03-31,Parañaque City,DIESEL,CALTEX,138.3,138.9,reported
2026-03-31,Parañaque City,DIESEL,FLYING,130.8,131.3,reported
2026-03-31,Parañaque City,DIESEL,INDEPENDENT,129.9,131.0,reported
2026-03-31,Parañaque City,DIESEL,PETRON,126.5,133.7,reported
2026-03-31,Parañaque City,DIESEL,SEAOIL,125.2,126.0,reported
2026-03-31,Parañaque City,DIESEL,SHELL,136.5,138.3,reported
2026-03-31,Parañaque City,DIESEL,TOTAL,134.0,134.0,reported
2026-03-31,Parañaque City,DIESEL,UNIOIL,130.7,131.6,reported
2026-03-31,Parañaque City,DIESEL PLUS,CALTEX,141.3,141.5,reported
2026-03-31,Parañaque City,DIESEL PLUS,PETRON,129.5,136.7,reported
2026-03-31,Parañaque City,DIESEL PLUS,SHELL,144.1,149.0,reported
2026-03-31,Parañaque City,DIESEL PLUS,TOTAL,137.8,137.8,reported
2026-03-31,Parañaque City,KEROSENE,INDEPENDENT,152.9,152.9,reported
2026-03-31,Parañaque City,RON 100,PETRON,101.2,107.0,reported
2026-03-31,Parañaque City,RON 91,CALTEX,100.16,100.96,reported
2026-03-31,Parañaque City,RON 91,FLYING,95.3,95.3,reported
2026-03-31,Parañaque City,RON 91,INDEPENDENT,90.0,94.3,reported
2026-03-31,Parañaque City,RON 91,PETRON,89.2,96.4,reported
2026-03-31,Parañaque City,RON 91,SEAOIL,88.8,89.9,reported
2026-03-31,Parañaque City,RON 91,SHELL,100.2,101.7,reported
2026-03-31,Parañaque City,RON 91,TOTAL,96.6,96.6,reported
2026-03-31,Parañaque City,RON 91,UNIOIL,92.0,95.0,reported
2026-03-31,Parañaque City,RON 95,CALTEX,101.95,102.16,reported
2026-03-31,Parañaque City,RON 95,FLYING,97.3,97.3,reported
2026-03-31,Parañaque City,RON 95,INDEPENDENT,92.0,96.9,reported
2026-03-31,Parañaque City,RON 95,PETRON,91.2,98.4,reported
2026-03-31,Parañaque City,RON 95,SHELL,107.0,109.2,reported
2026-03-31,Parañaque City,RON 95,TOTAL,99.6,99.6,reported
2026-03-31,Parañaque City,RON 95,UNIOIL,96.7,98.0,reported
2026-03-31,Parañaque City,RON 97,SEAOIL,89.8,92.0,reported
2026-03-31,Parañaque City,RON 97,SHELL,105.4,112.0,reported
2026-03-31,Parañaque City,RON 97,UNIOIL,101.9,101.9,reported
2026-03-31,Pasay City,DIESEL,CALTEX,137.0,138.7,reported
2026-03-31,Pasay City,DIESEL,INDEPENDENT,124.0,138.6,reported
2026-03-31,Pasay City,DIESEL,PETRON,119.7,134.7,reported
2026-03-31,Pasay City,DIESEL,PTT,129.0,136.4,reported
2026-03-31,Pasay City,DIESEL,SHELL,135.3,138.9,reported
2026-03-31,Pasay City,DIESEL,TOTAL,137.7,137.7,reported
2026-03-31,Pasay City,DIESEL,UNIOIL,131.6,131.6,reported
2026-03-31,Pasay City,DIESEL PLUS,CALTEX,140.0,140.0,reported
2026-03-31,Pasay City,DIESEL PLUS,PETRON,137.7,137.7,reported
2026-03-31,Pasay City,DIESEL PLUS,PTT,138.7,138.7,reported
2026-03-31,Pasay City,DIESEL PLUS,SHELL,144.0,149.0,reported
2026-03-31,Pasay City,DIESEL PLUS,TOTAL,140.7,140.7,reported
2026-03-31,Pasay City,KEROSENE,CALTEX,166.53,166.53,reported
2026-03-31,Pasay City,KEROSENE,PETRON,155.75,155.75,reported
2026-03-31,Pasay City,RON 100,PETRON,103.0,108.8,reported
2026-03-31,Pasay City,RON 91,CALTEX,99.7,101.5,reported
2026-03-31,Pasay City,RON 91,INDEPENDENT,88.5,97.7,reported
2026-03-31,Pasay City,RON 91,PETRON,91.0,96.9,reported
2026-03-31,Pasay City,RON 91,PTT,91.0,97.7,reported
2026-03-31,Pasay City,RON 91,SHELL,97.1,101.7,reported
2026-03-31,Pasay City,RON 91,TOTAL,100.5,100.5,reported
2026-03-31,Pasay City,RON 91,UNIOIL,92.0,92.0,reported
2026-03-31,Pasay City,RON 95,CALTEX,104.95,107.4,reported
2026-03-31,Pasay City,RON 95,INDEPENDENT,89.5,102.1,reported
2026-03-31,Pasay City,RON 95,PETRON,93.0,98.9,reported
2026-03-31,Pasay City,RON 95,PTT,93.0,99.8,reported
2026-03-31,Pasay City,RON 95,SHELL,104.6,109.2,reported
2026-03-31,Pasay City,RON 95,TOTAL,102.0,102.0,reported
2026-03-31,Pasay City,RON 95,UNIOIL,96.7,96.7,reported
2026-03-31,Pasay City,RON 97,SHELL,109.15,113.1,reported
2026-03-31,Pasig City,DIESEL,CALTEX,137.55,140.64,reported
2026-03-31,Pasig City,DIESEL,FLYING,130.0,130.4,reported
2026-03-31,Pasig City,DIESEL,INDEPENDENT,129.1,140.4,reported
2026-03-31,Pasig City,DIESEL,PETRON,127.3,131.1,reported
2026-03-31,Pasig City,DIESEL,PHOENIX,128.2,129.2,reported
2026-03-31,Pasig City,DIESEL,SEAOIL,129.5,132.2,reported
2026-03-31,Pasig City,DIESEL,SHELL,124.6,136.6,reported
2026-03-31,Pasig City,DIESEL,TOTAL,128.7,128.7,reported
2026-03-31,Pasig City,DIESEL,UNIOIL,129.5,129.5,reported
2026-03-31,Pasig City,DIESEL PLUS,CALTEX,140.55,140.55,reported
2026-03-31,Pasig City,DIESEL PLUS,PETRON,130.3,134.1,reported
2026-03-31,Pasig City,DIESEL PLUS,SHELL,137.5,145.5,reported
2026-03-31,Pasig City,KEROSENE,PETRON,155.1,155.1,reported
2026-03-31,Pasig City,RON 100,PETRON,99.9,106.1,reported
2026-03-31,Pasig City,RON 91,CALTEX,97.54,101.85,reported
2026-03-31,Pasig City,RON 91,FLYING,93.0,93.2,reported
2026-03-31,Pasig City,RON 91,INDEPENDENT,89.8,92.3,reported
2026-03-31,Pasig City,RON 91,PETRON,88.88,94.3,reported
2026-03-31,Pasig City,RON 91,PHOENIX,92.4,93.2,reported
2026-03-31,Pasig City,RON 91,SEAOIL,84.8,88.5,reported
2026-03-31,Pasig City,RON 91,SHELL,97.9,99.0,reported
2026-03-31,Pasig City,RON 91,TOTAL,92.4,92.4,reported
2026-03-31,Pasig City,RON 91,UNIOIL,91.3,91.3,reported
2026-03-31,Pasig City,RON 95,CALTEX,102.1,108.85,reported
2026-03-31,Pasig City,RON 95,FLYING,95.0,95.2,reported
2026-03-31,Pasig City,RON 95,INDEPENDENT,90.4,94.8,reported
2026-03-31,Pasig City,RON 95,PETRON,90.8,96.3,reported
2026-03-31,Pasig City,RON 95,PHOENIX,95.1,95.2,reported
2026-03-31,Pasig City,RON 95,SHELL,105.6,106.5,reported
2026-03-31,Pasig City,RON 95,UNIOIL,94.3,94.3,reported
2026-03-31,Pasig City,RON 97,SEAOIL,85.5,92.4,reported
2026-03-31,Pasig City,RON 97,SHELL,107.3,109.2,reported
2026-03-31,Pasig City,RON 97,UNIOIL,99.3,99.3,reported
2026-03-31,Quezon City,DIESEL,CALTEX,135.2,141.9,reported
2026-03-31,Quezon City,DIESEL,FLYING,121.2,129.2,reported
2026-03-31,Quezon City,DIESEL,INDEPENDENT,120.0,126.0,reported
2026-03-31,Quezon City,DIESEL,PETRON,127.3,131.1,reported
2026-03-31,Quezon City,DIESEL,PHOENIX,131.5,137.9,reported
2026-03-31,Quezon City,DIESEL,SEAOIL,122.4,128.1,reported
2026-03-31,Quezon City,DIESEL,SHELL,125.6,135.4,reported
2026-03-31,Quezon City,DIESEL,UNIOIL,128.9,129.2,reported
2026-03-31,Quezon City,DIESEL PLUS,PETRON,130.3,134.1,reported
2026-03-31,Quezon City,DIESEL PLUS,SHELL,140.1,145.1,reported
2026-03-31,Quezon City,KEROSENE,PETRON,155.2,156.6,reported
2026-03-31,Quezon City,RON 100,PETRON,99.9,104.3,reported
2026-03-31,Quezon City,RON 91,CALTEX,97.2,105.6,reported
2026-03-31,Quezon City,RON 91,FLYING,87.8,90.3,reported
2026-03-31,Quezon City,RON 91,INDEPENDENT,86.0,88.5,reported
2026-03-31,Quezon City,RON 91,PETRON,88.8,92.8,reported
2026-03-31,Quezon City,RON 91,PHOENIX,95.7,97.1,reported
2026-03-31,Quezon City,RON 91,SEAOIL,83.9,85.9,reported
2026-03-31,Quezon City,RON 91,SHELL,90.8,98.7,reported
2026-03-31,Quezon City,RON 91,UNIOIL,88.8,93.5,reported
2026-03-31,Quezon City,RON 95,CALTEX,106.1,109.5,reported
2026-03-31,Quezon City,RON 95,FLYING,89.3,92.3,reported
2026-03-31,Quezon City,RON 95,INDEPENDENT,88.0,89.5,reported
2026-03-31,Quezon City,RON 95,PETRON,90.8,94.8,reported
2026-03-31,Quezon City,RON 95,PHOENIX,98.4,100.5,reported
2026-03-31,Quezon City,RON 95,SHELL,100.7,107.1,reported
2026-03-31,Quezon City,RON 95,UNIOIL,91.8,96.5,reported
2026-03-31,Quezon City,RON 97,SEAOIL,85.9,86.9,reported
2026-03-31,Quezon City,RON 97,SHELL,103.7,110.1,reported
2026-03-31,Quezon City,RON 97,UNIOIL,101.5,101.5,reported
2026-03-31,Taguig Cty,DIESEL,CALTEX,128.2,138.7,reported
2026-03-31,Taguig Cty,DIESEL,FLYING,126.6,127.3,reported
2026-03-31,Taguig Cty,DIESEL,INDEPENDENT,128.8,130.3,reported
2026-03-31,Taguig Cty,DIESEL,PETRON,128.4,132.0,reported
2026-03-31,Taguig Cty,DIESEL,SEAOIL,128.6,128.6,reported
2026-03-31,Taguig Cty,DIESEL,SHELL,134.2,136.2,reported
2026-03-31,Taguig Cty,DIESEL PLUS,CALTEX,146.2,146.2,reported
2026-03-31,Taguig Cty,DIESEL PLUS,PETRON,131.4,135.0,reported
2026-03-31,Taguig Cty,DIESEL PLUS,SHELL,143.9,145.9,reported
2026-03-31,Taguig Cty,KEROSENE,CALTEX,150.4,168.9,reported
2026-03-31,Taguig Cty,RON 100,PETRON,98.5,101.7,reported
2026-03-31,Taguig Cty,RON 91,CALTEX,92.4,98.5,reported
2026-03-31,Taguig Cty,RON 91,FLYING,88.2,92.4,reported
2026-03-31,Taguig Cty,RON 91,INDEPENDENT,89.8,94.49,reported
2026-03-31,Taguig Cty,RON 91,PETRON,86.5,93.5,reported
2026-03-31,Taguig Cty,RON 91,SEAOIL,81.5,81.5,reported
2026-03-31,Taguig Cty,RON 91,SHELL,95.8,97.0,reported
2026-03-31,Taguig Cty,RON 95,CALTEX,93.3,105.1,reported
2026-03-31,Taguig Cty,RON 95,FLYING,89.2,93.3,reported
2026-03-31,Taguig Cty,RON 95,INDEPENDENT,91.7,96.3,reported
2026-03-31,Taguig Cty,RON 95,PETRON,88.5,94.4,reported
2026-03-31,Taguig Cty,RON 95,SEAOIL,82.5,82.5,reported
2026-03-31,Taguig Cty,RON 95,SHELL,103.3,105.1,reported
2026-03-31,Taguig Cty,RON 97,SHELL,106.9,108.5,reported
2026-03-31,Valenzuela City,DIESEL,FLYING,127.8,132.9,reported
2026-03-31,Valenzuela City,DIESEL,INDEPENDENT,134.0,141.3,reported
2026-03-31,Valenzuela City,DIESEL,SHELL,134.0,141.3,reported
2026-03-31,Valenzuela City,DIESEL,UNIOIL,129.2,135.2,reported
2026-03-31,Valenzuela City,DIESEL PLUS,SHELL,139.9,141.3,reported
2026-03-31,Valenzuela City,RON 91,FLYING,88.3,98.8,reported
2026-03-31,Valenzuela City,RON 91,INDEPENDENT,93.3,96.5,reported
2026-03-31,Valenzuela City,RON 91,SHELL,93.3,96.5,reported
2026-03-31,Valenzuela City,RON 91,UNIOIL,93.5,97.8,reported
2026-03-31,Valenzuela City,RON 95,FLYING,89.3,99.99,reported
2026-03-31,Valenzuela City,RON 95,INDEPENDENT,98.1,101.3,reported
2026-03-31,Valenzuela City,RON 95,SHELL,98.1,101.3,reported
2026-03-31,Valenzuela City,RON 95,UNIOIL,96.5,102.8,reported
2026-03-31,Valenzuela City,RON 97,SHELL,102.2,104.3,reported
2026-04-07,Caloocan City,DIESEL,CALTEX,153.7,153.7,reported
2026-04-07,Caloocan City,DIESEL,FLYING,133.5,144.7,reported
2026-04-07,Caloocan City,DIESEL,INDEPENDENT,120.0,142.8,reported
2026-04-07,Caloocan City,DIESEL,PETRON,147.0,150.0,reported
2026-04-07,Caloocan City,DIESEL,SEAOIL,147.85,148.15,reported
2026-04-07,Caloocan City,DIESEL,SHELL,152.7,153.8,reported
2026-04-07,Caloocan City,DIESEL,UNIOIL,146.2,146.2,reported
2026-04-07,Caloocan City,DIESEL PLUS,PETRON,153.0,153.0,reported
2026-04-07,Caloocan City,DIESEL PLUS,SHELL,158.6,162.6,reported
2026-04-07,Caloocan City,KEROSENE,PETRON,154.0,162.85,reported
2026-04-07,Caloocan City,RON 91,CALTEX,103.6,103.6,reported
2026-04-07,Caloocan City,RON 91,FLYING,91.1,95.1,reported
2026-04-07,Caloocan City,RON 91,INDEPENDENT,86.0,95.6,reported
2026-04-07,Caloocan City,RON 91,PETRON,90.5,101.1,reported
2026-04-07,Caloocan City,RON 91,SEAOIL,86.1,86.9,reported
2026-04-07,Caloocan City,RON 91,SHELL,97.8,104.7,reported
2026-04-07,Caloocan City,RON 91,UNIOIL,96.7,96.7,reported
2026-04-07,Caloocan City,RON 95,CALTEX,110.9,110.9,reported
2026-04-07,Caloocan City,RON 95,FLYING,93.1,97.1,reported
2026-04-07,Caloocan City,RON 95,INDEPENDENT,87.0,96.1,reported
2026-04-07,Caloocan City,RON 95,PETRON,92.5,103.1,reported
2026-04-07,Caloocan City,RON 95,SHELL,104.3,108.5,reported
2026-04-07,Caloocan City,RON 95,UNIOIL,100.5,100.5,reported
2026-04-07,Caloocan City,RON 97,SEAOIL,87.1,87.4,reported
2026-04-07,Caloocan City,RON 97,SHELL,112.0,112.5,reported
2026-04-07,Makati City,DIESEL,CALTEX,150.0,157.9,reported
2026-04-07,Makati City,DIESEL,PETRON,143.9,144.5,reported
2026-04-07,Makati City,DIESEL,PHOENIX,152.6,152.6,reported
2026-04-07,Makati City,DIESEL,SHELL,148.5,154.3,reported
2026-04-07,Makati City,DIESEL,UNIOIL,145.8,145.8,reported
2026-04-07,Makati City,DIESEL PLUS,CALTEX,155.4,164.1,reported
2026-04-07,Makati City,DIESEL PLUS,PETRON,146.9,147.5,reported
2026-04-07,Makati City,DIESEL PLUS,SHELL,162.2,162.3,reported
2026-04-07,Makati City,RON 100,PETRON,102.5,105.2,reported
2026-04-07,Makati City,RON 91,CALTEX,94.5,108.2,reported
2026-04-07,Makati City,RON 91,PETRON,90.5,93.2,reported
2026-04-07,Makati City,RON 91,PHOENIX,99.7,99.7,reported
2026-04-07,Makati City,RON 91,SHELL,92.1,100.2,reported
2026-04-07,Makati City,RON 91,UNIOIL,92.5,92.5,reported
2026-04-07,Makati City,RON 95,CALTEX,96.5,115.3,reported
2026-04-07,Makati City,RON 95,PETRON,92.5,95.2,reported
2026-04-07,Makati City,RON 95,PHOENIX,103.5,103.5,reported
2026-04-07,Makati City,RON 95,SHELL,97.0,104.0,reported
2026-04-07,Makati City,RON 95,UNIOIL,95.5,95.5,reported
2026-04-07,Makati City,RON 97,PHOENIX,107.6,107.6,reported
2026-04-07,Makati City,RON 97,SHELL,108.1,110.5,reported
2026-04-07,Manila City,DIESEL,CALTEX,152.0,154.99,reported
2026-04-07,Manila City,DIESEL,FLYING,146.6,147.1,reported
2026-04-07,Manila City,DIESEL,INDEPENDENT,135.0,156.6,reported
2026-04-07,Manila City,DIESEL,PETRON,144.5,148.5,reported
2026-04-07,Manila City,DIESEL,SEAOIL,148.95,151.65,reported
2026-04-07,Manila City,DIESEL,SHELL,150.1,152.2,reported
2026-04-07,Manila City,DIESEL,TOTAL,145.9,156.2,reported
2026-04-07,Manila City,DIESEL PLUS,PETRON,147.5,151.5,reported
2026-04-07,Manila City,DIESEL PLUS,SHELL,160.0,162.2,reported
2026-04-07,Manila City,DIESEL PLUS,TOTAL,148.9,148.9,reported
2026-04-07,Manila City,KEROSENE,INDEPENDENT,175.0,175.0,reported
2026-04-07,Manila City,KEROSENE,PETRON,162.9,163.1,reported
2026-04-07,Manila City,RON 100,PETRON,106.8,109.7,reported
2026-04-07,Manila City,RON 91,CALTEX,101.99,103.2,reported
2026-04-07,Manila City,RON 91,FLYING,94.5,95.7,reported
2026-04-07,Manila City,RON 91,INDEPENDENT,86.1,94.8,reported
2026-04-07,Manila City,RON 91,PETRON,89.0,96.9,reported
2026-04-07,Manila City,RON 91,SEAOIL,89.8,90.1,reported
2026-04-07,Manila City,RON 91,SHELL,96.5,101.2,reported
2026-04-07,Manila City,RON 91,TOTAL,95.3,101.3,reported
2026-04-07,Manila City,RON 95,CALTEX,107.0,108.45,reported
2026-04-07,Manila City,RON 95,FLYING,96.5,97.7,reported
2026-04-07,Manila City,RON 95,INDEPENDENT,87.1,95.8,reported
2026-04-07,Manila City,RON 95,PETRON,91.0,98.8,reported
2026-04-07,Manila City,RON 95,SHELL,101.4,105.0,reported
2026-04-07,Manila City,RON 95,TOTAL,97.3,109.0,reported
2026-04-07,Manila City,RON 97,SEAOIL,90.8,92.2,reported
2026-04-07,Manila City,RON 97,SHELL,105.9,114.3,reported
2026-04-07,Marikina City,DIESEL,FLYING,147.1,147.2,reported
2026-04-07,Marikina City,DIESEL,INDEPENDENT,128.1,141.4,reported
2026-04-07,Marikina City,DIESEL,PETRON,146.9,146.9,reported
2026-04-07,Marikina City,DIESEL,SEAOIL,151.47,151.47,reported
2026-04-07,Marikina City,DIESEL,SHELL,153.2,153.2,reported
2026-04-07,Marikina City,DIESEL,UNIOIL,145.5,145.5,reported
2026-04-07,Marikina City,DIESEL PLUS,PETRON,149.9,149.9,reported
2026-04-07,Marikina City,DIESEL PLUS,SHELL,160.6,160.6,reported
2026-04-07,Marikina City,KEROSENE,PETRON,160.3,160.3,reported
2026-04-07,Marikina City,RON 100,PETRON,105.9,105.9,reported
2026-04-07,Marikina City,RON 91,FLYING,94.1,95.1,reported
2026-04-07,Marikina City,RON 91,INDEPENDENT,88.0,89.5,reported
2026-04-07,Marikina City,RON 91,PETRON,93.9,93.9,reported
2026-04-07,Marikina City,RON 91,SEAOIL,91.4,91.4,reported
2026-04-07,Marikina City,RON 91,SHELL,99.3,99.3,reported
2026-04-07,Marikina City,RON 91,UNIOIL,92.8,92.8,reported
2026-04-07,Marikina City,RON 95,FLYING,96.1,97.1,reported
2026-04-07,Marikina City,RON 95,INDEPENDENT,89.5,91.2,reported
2026-04-07,Marikina City,RON 95,PETRON,95.9,95.9,reported
2026-04-07,Marikina City,RON 95,SHELL,108.2,108.2,reported
2026-04-07,Marikina City,RON 95,UNIOIL,95.8,95.8,reported
2026-04-07,Marikina City,RON 97,SEAOIL,92.4,92.4,reported
2026-04-07,Marikina City,RON 97,SHELL,114.4,114.4,reported
2026-04-07,Muntinlupa City,DIESEL,CALTEX,153.2,156.87,reported
2026-04-07,Muntinlupa City,DIESEL,FLYING,146.1,146.1,reported
2026-04-07,Muntinlupa City,DIESEL,PETRON,146.9,155.1,reported
2026-04-07,Muntinlupa City,DIESEL,PHOENIX,158.3,158.3,reported
2026-04-07,Muntinlupa City,DIESEL,SEAOIL,146.9,155.1,reported
2026-04-07,Muntinlupa City,DIESEL,SHELL,153.4,158.3,reported
2026-04-07,Muntinlupa City,DIESEL,TOTAL,152.5,152.5,reported
2026-04-07,Muntinlupa City,DIESEL,UNIOIL,148.0,149.2,reported
2026-04-07,Muntinlupa City,DIESEL PLUS,PETRON,149.9,158.1,reported
2026-04-07,Muntinlupa City,DIESEL PLUS,SHELL,159.3,164.2,reported
2026-04-07,Muntinlupa City,DIESEL PLUS,TOTAL,155.5,155.5,reported
2026-04-07,Muntinlupa City,KEROSENE,CALTEX,160.85,160.85,reported
2026-04-07,Muntinlupa City,KEROSENE,SEAOIL,157.99,157.99,reported
2026-04-07,Muntinlupa City,RON 100,PETRON,104.2,115.3,reported
2026-04-07,Muntinlupa City,RON 91,CALTEX,102.15,102.9,reported
2026-04-07,Muntinlupa City,RON 91,FLYING,91.9,91.9,reported
2026-04-07,Muntinlupa City,RON 91,PETRON,92.2,103.7,reported
2026-04-07,Muntinlupa City,RON 91,PHOENIX,107.0,107.0,reported
2026-04-07,Muntinlupa City,RON 91,SEAOIL,92.2,100.4,reported
2026-04-07,Muntinlupa City,RON 91,SHELL,99.7,107.0,reported
2026-04-07,Muntinlupa City,RON 91,TOTAL,99.4,99.4,reported
2026-04-07,Muntinlupa City,RON 91,UNIOIL,91.6,93.5,reported
2026-04-07,Muntinlupa City,RON 95,CALTEX,106.56,107.31,reported
2026-04-07,Muntinlupa City,RON 95,FLYING,93.9,93.9,reported
2026-04-07,Muntinlupa City,RON 95,PETRON,94.2,105.7,reported
2026-04-07,Muntinlupa City,RON 95,PHOENIX,117.0,117.0,reported
2026-04-07,Muntinlupa City,RON 95,SHELL,105.2,110.7,reported
2026-04-07,Muntinlupa City,RON 95,TOTAL,100.9,100.9,reported
2026-04-07,Muntinlupa City,RON 95,UNIOIL,98.0,98.2,reported
2026-04-07,Muntinlupa City,RON 97,SEAOIL,94.2,103.37,reported
2026-04-07,Muntinlupa City,RON 97,SHELL,108.9,112.7,reported
2026-04-07,Navotas City,DIESEL,CALTEX,151.9,151.9,reported
2026-04-07,Navotas City,DIESEL,FLYING,147.8,147.8,reported
2026-04-07,Navotas City,RON 91,CALTEX,105.4,105.4,reported
2026-04-07,Navotas City,RON 91,FLYING,99.4,99.4,reported
2026-04-07,Navotas City,RON 95,CALTEX,109.1,109.1,reported
2026-04-07,Navotas City,RON 95,FLYING,100.2,100.2,reported
2026-04-07,Parañaque City,DIESEL,CALTEX,152.8,156.3,reported
2026-04-07,Parañaque City,DIESEL,FLYING,142.4,145.4,reported
2026-04-07,Parañaque City,DIESEL,INDEPENDENT,129.9,148.0,reported
2026-04-07,Parañaque City,DIESEL,PETRON,142.8,148.5,reported
2026-04-07,Parañaque City,DIESEL,SEAOIL,143.15,143.95,reported
2026-04-07,Parañaque City,DIESEL,SHELL,150.9,157.7,reported
2026-04-07,Parañaque City,DIESEL,TOTAL,151.8,151.8,reported
2026-04-07,Parañaque City,DIESEL,UNIOIL,143.5,148.0,reported
2026-04-07,Parañaque City,DIESEL PLUS,CALTEX,157.7,158.9,reported
2026-04-07,Parañaque City,DIESEL PLUS,PETRON,145.8,151.5,reported
2026-04-07,Parañaque City,DIESEL PLUS,SHELL,158.6,165.6,reported
2026-04-07,Parañaque City,DIESEL PLUS,TOTAL,155.6,155.6,reported
2026-04-07,Parañaque City,KEROSENE,INDEPENDENT,163.9,163.9,reported
2026-04-07,Parañaque City,RON 100,PETRON,102.5,107.2,reported
2026-04-07,Parañaque City,RON 91,CALTEX,103.2,106.36,reported
2026-04-07,Parañaque City,RON 91,FLYING,94.2,94.8,reported
2026-04-07,Parañaque City,RON 91,INDEPENDENT,90.0,93.54,reported
2026-04-07,Parañaque City,RON 91,PETRON,91.0,95.1,reported
2026-04-07,Parañaque City,RON 91,SEAOIL,93.7,94.8,reported
2026-04-07,Parañaque City,RON 91,SHELL,98.1,105.7,reported
2026-04-07,Parañaque City,RON 91,TOTAL,95.6,95.6,reported
2026-04-07,Parañaque City,RON 91,UNIOIL,93.5,93.5,reported
2026-04-07,Parañaque City,RON 95,CALTEX,107.35,108.5,reported
2026-04-07,Parañaque City,RON 95,FLYING,95.3,96.2,reported
2026-04-07,Parañaque City,RON 95,INDEPENDENT,92.0,98.2,reported
2026-04-07,Parañaque City,RON 95,PETRON,92.5,97.1,reported
2026-04-07,Parañaque City,RON 95,SHELL,105.9,109.5,reported
2026-04-07,Parañaque City,RON 95,TOTAL,100.6,100.6,reported
2026-04-07,Parañaque City,RON 95,UNIOIL,96.5,98.2,reported
2026-04-07,Parañaque City,RON 97,SEAOIL,94.7,96.9,reported
2026-04-07,Parañaque City,RON 97,SHELL,108.5,113.6,reported
2026-04-07,Pasay City,DIESEL,CALTEX,155.55,158.2,reported
2026-04-07,Pasay City,DIESEL,INDEPENDENT,137.2,138.6,reported
2026-04-07,Pasay City,DIESEL,PETRON,137.7,152.7,reported
2026-04-07,Pasay City,DIESEL,PTT,145.8,155.2,reported
2026-04-07,Pasay City,DIESEL,SHELL,151.0,157.7,reported
2026-04-07,Pasay City,DIESEL,TOTAL,155.5,155.5,reported
2026-04-07,Pasay City,DIESEL PLUS,CALTEX,159.5,159.5,reported
2026-04-07,Pasay City,DIESEL PLUS,PETRON,155.7,155.7,reported
2026-04-07,Pasay City,DIESEL PLUS,PTT,157.5,157.5,reported
2026-04-07,Pasay City,DIESEL PLUS,SHELL,160.8,165.6,reported
2026-04-07,Pasay City,DIESEL PLUS,TOTAL,158.5,158.5,reported
2026-04-07,Pasay City,KEROSENE,CALTEX,175.53,175.53,reported
2026-04-07,Pasay City,KEROSENE,PETRON,163.8,163.8,reported
2026-04-07,Pasay City,RON 100,PETRON,107.0,112.8,reported
2026-04-07,Pasay City,RON 91,CALTEX,105.1,106.1,reported
2026-04-07,Pasay City,RON 91,INDEPENDENT,89.0,97.7,reported
2026-04-07,Pasay City,RON 91,PETRON,93.5,100.9,reported
2026-04-07,Pasay City,RON 91,PTT,93.0,103.1,reported
2026-04-07,Pasay City,RON 91,SHELL,96.7,105.7,reported
2026-04-07,Pasay City,RON 91,TOTAL,103.5,103.5,reported
2026-04-07,Pasay City,RON 95,CALTEX,110.35,112.8,reported
2026-04-07,Pasay City,RON 95,INDEPENDENT,92.7,102.1,reported
2026-04-07,Pasay City,RON 95,PETRON,95.5,102.9,reported
2026-04-07,Pasay City,RON 95,PTT,95.5,105.2,reported
2026-04-07,Pasay City,RON 95,SHELL,101.6,110.0,reported
2026-04-07,Pasay City,RON 95,TOTAL,105.0,105.0,reported
2026-04-07,Pasay City,RON 97,SHELL,108.7,114.0,reported
2026-04-07,Pasig City,DIESEL,CALTEX,152.3,156.0,reported
2026-04-07,Pasig City,DIESEL,FLYING,135.5,147.5,reported
2026-04-07,Pasig City,DIESEL,INDEPENDENT,129.5,160.2,reported
2026-04-07,Pasig City,DIESEL,PETRON,144.0,147.9,reported
2026-04-07,Pasig City,DIESEL,PHOENIX,143.0,146.5,reported
2026-04-07,Pasig City,DIESEL,SEAOIL,147.45,150.2,reported
2026-04-07,Pasig City,DIESEL,SHELL,150.9,154.1,reported
2026-04-07,Pasig City,DIESEL,TOTAL,146.5,146.5,reported
2026-04-07,Pasig City,DIESEL,UNIOIL,145.5,145.5,reported
2026-04-07,Pasig City,DIESEL PLUS,CALTEX,155.3,155.3,reported
2026-04-07,Pasig City,DIESEL PLUS,PETRON,147.0,150.9,reported
2026-04-07,Pasig City,DIESEL PLUS,SHELL,160.8,163.2,reported
2026-04-07,Pasig City,KEROSENE,PETRON,163.2,163.2,reported
2026-04-07,Pasig City,RON 100,PETRON,102.7,107.5,reported
2026-04-07,Pasig City,RON 91,CALTEX,97.8,102.3,reported
2026-04-07,Pasig City,RON 91,FLYING,93.6,93.8,reported
2026-04-07,Pasig City,RON 91,INDEPENDENT,87.7,97.7,reported
2026-04-07,Pasig City,RON 91,PETRON,90.8,96.5,reported
2026-04-07,Pasig City,RON 91,PHOENIX,91.0,95.4,reported
2026-04-07,Pasig City,RON 91,SEAOIL,89.4,93.4,reported
2026-04-07,Pasig City,RON 91,SHELL,96.9,101.5,reported
2026-04-07,Pasig City,RON 91,TOTAL,95.4,95.4,reported
2026-04-07,Pasig City,RON 91,UNIOIL,92.89,92.89,reported
2026-04-07,Pasig City,RON 95,CALTEX,100.95,110.85,reported
2026-04-07,Pasig City,RON 95,FLYING,94.6,95.8,reported
2026-04-07,Pasig City,RON 95,INDEPENDENT,90.6,98.2,reported
2026-04-07,Pasig City,RON 95,PETRON,92.8,98.4,reported
2026-04-07,Pasig City,RON 95,PHOENIX,91.5,95.8,reported
2026-04-07,Pasig City,RON 95,SHELL,104.8,110.1,reported
2026-04-07,Pasig City,RON 95,UNIOIL,95.8,95.8,reported
2026-04-07,Pasig City,RON 97,SEAOIL,90.4,97.3,reported
2026-04-07,Pasig City,RON 97,SHELL,105.9,106.5,reported
2026-04-07,Pasig City,RON 97,UNIOIL,100.8,100.8,reported
2026-04-07,Quezon City,DIESEL,CALTEX,153.1,154.0,reported
2026-04-07,Quezon City,DIESEL,FLYING,133.5,145.6,reported
2026-04-07,Quezon City,DIESEL,INDEPENDENT,138.0,139.0,reported
2026-04-07,Quezon City,DIESEL,PETRON,145.3,149.1,reported
2026-04-07,Quezon City,DIESEL,PHOENIX,150.9,151.3,reported
2026-04-07,Quezon City,DIESEL,SEAOIL,140.35,151.05,reported
2026-04-07,Quezon City,DIESEL,SHELL,152.6,153.7,reported
2026-04-07,Quezon City,DIESEL,UNIOIL,140.0,145.2,reported
2026-04-07,Quezon City,DIESEL PLUS,PETRON,148.3,152.1,reported
2026-04-07,Quezon City,DIESEL PLUS,SHELL,159.6,162.3,reported
2026-04-07,Quezon City,KEROSENE,PETRON,156.6,163.3,reported
2026-04-07,Quezon City,RON 100,PETRON,103.9,108.3,reported
2026-04-07,Quezon City,RON 91,CALTEX,98.0,101.5,reported
2026-04-07,Quezon City,RON 91,FLYING,89.1,93.2,reported
2026-04-07,Quezon City,RON 91,INDEPENDENT,85.9,89.5,reported
2026-04-07,Quezon City,RON 91,PETRON,92.8,96.8,reported
2026-04-07,Quezon City,RON 91,PHOENIX,92.8,96.3,reported
2026-04-07,Quezon City,RON 91,SEAOIL,88.8,90.8,reported
2026-04-07,Quezon City,RON 91,SHELL,96.7,102.4,reported
2026-04-07,Quezon City,RON 91,UNIOIL,90.3,95.0,reported
2026-04-07,Quezon City,RON 95,CALTEX,110.0,113.1,reported
2026-04-07,Quezon City,RON 95,FLYING,91.1,95.2,reported
2026-04-07,Quezon City,RON 95,INDEPENDENT,87.4,90.5,reported
2026-04-07,Quezon City,RON 95,PETRON,94.8,98.8,reported
2026-04-07,Quezon City,RON 95,PHOENIX,94.8,106.4,reported
2026-04-07,Quezon City,RON 95,SHELL,106.3,107.7,reported
2026-04-07,Quezon City,RON 95,UNIOIL,93.3,98.0,reported
2026-04-07,Quezon City,RON 97,SEAOIL,90.8,91.8,reported
2026-04-07,Quezon City,RON 97,SHELL,109.6,111.8,reported
2026-04-07,Quezon City,RON 97,UNIOIL,98.3,103.0,reported
2026-04-07,Taguig Cty,DIESEL,CALTEX,146.8,157.7,reported
2026-04-07,Taguig Cty,DIESEL,FLYING,143.5,146.0,reported
2026-04-07,Taguig Cty,DIESEL,INDEPENDENT,147.9,149.89,reported
2026-04-07,Taguig Cty,DIESEL,PETRON,146.4,146.6,reported
2026-04-07,Taguig Cty,DIESEL,SEAOIL,135.0,135.0,reported
2026-04-07,Taguig Cty,DIESEL,SHELL,149.9,151.7,reported
2026-04-07,Taguig Cty,DIESEL PLUS,CALTEX,165.7,165.7,reported
2026-04-07,Taguig Cty,DIESEL PLUS,PETRON,149.4,149.6,reported
2026-04-07,Taguig Cty,DIESEL PLUS,SHELL,159.2,163.3,reported
2026-04-07,Taguig Cty,KEROSENE,CALTEX,158.5,177.19,reported
2026-04-07,Taguig Cty,RON 100,PETRON,102.5,102.5,reported
2026-04-07,Taguig Cty,RON 91,CALTEX,97.4,103.3,reported
2026-04-07,Taguig Cty,RON 91,FLYING,92.1,92.4,reported
2026-04-07,Taguig Cty,RON 91,INDEPENDENT,92.7,98.3,reported
2026-04-07,Taguig Cty,RON 91,PETRON,90.5,94.5,reported
2026-04-07,Taguig Cty,RON 91,SEAOIL,86.4,86.4,reported
2026-04-07,Taguig Cty,RON 91,SHELL,93.3,97.0,reported
2026-04-07,Taguig Cty,RON 95,CALTEX,98.3,109.6,reported
2026-04-07,Taguig Cty,RON 95,FLYING,93.1,98.1,reported
2026-04-07,Taguig Cty,RON 95,INDEPENDENT,93.9,100.3,reported
2026-04-07,Taguig Cty,RON 95,PETRON,92.5,96.5,reported
2026-04-07,Taguig Cty,RON 95,SEAOIL,87.4,87.4,reported
2026-04-07,Taguig Cty,RON 95,SHELL,101.2,108.0,reported
2026-04-07,Taguig Cty,RON 97,SHELL,102.3,111.0,reported
2026-04-07,Valenzuela City,DIESEL,FLYING,138.6,151.1,reported
2026-04-07,Valenzuela City,DIESEL,INDEPENDENT,153.8,155.2,reported
2026-04-07,Valenzuela City,DIESEL,SHELL,153.8,155.2,reported
2026-04-07,Valenzuela City,DIESEL PLUS,SHELL,159.7,161.1,reported
2026-04-07,Valenzuela City,RON 91,FLYING,93.2,98.8,reported
2026-04-07,Valenzuela City,RON 91,INDEPENDENT,99.2,102.4,reported
2026-04-07,Valenzuela City,RON 91,SHELL,99.2,102.4,reported
2026-04-07,Valenzuela City,RON 95,FLYING,94.2,100.8,reported
2026-04-07,Valenzuela City,RON 95,INDEPENDENT,104.0,107.2,reported
2026-04-07,Valenzuela City,RON 95,SHELL,104.0,107.2,reported
2026-04-07,Valenzuela City,RON 97,SHELL,108.1,110.2,reported
2026-04-14,Caloocan City,DIESEL,CALTEX,126.4,126.4,reported
2026-04-14,Caloocan City,DIESEL,FLYING,115.1,123.8,reported
2026-04-14,Caloocan City,DIESEL,INDEPENDENT,105.0,125.8,reported
2026-04-14,Caloocan City,DIESEL,PETRON,120.1,127.3,reported
2026-04-14,Caloocan City,DIESEL,SEAOIL,123.7,124.0,reported
2026-04-14,Caloocan City,DIESEL,SHELL,124.3,126.1,reported
2026-04-14,Caloocan City,DIESEL,UNIOIL,120.1,126.9,reported
2026-04-14,Caloocan City,DIESEL PLUS,PETRON,171.7,171.7,reported
2026-04-14,Caloocan City,DIESEL PLUS,SHELL,134.1,136.3,reported
2026-04-14,Caloocan City,KEROSENE,PETRON,153.6,165.2,reported
2026-04-14,Caloocan City,RON 91,CALTEX,93.9,93.9,reported
2026-04-14,Caloocan City,RON 91,FLYING,80.5,87.5,reported
2026-04-14,Caloocan City,RON 91,INDEPENDENT,80.0,83.2,reported
2026-04-14,Caloocan City,RON 91,PETRON,83.7,87.7,reported
2026-04-14,Caloocan City,RON 91,SEAOIL,81.1,81.5,reported
2026-04-14,Caloocan City,RON 91,SHELL,88.2,92.1,reported
2026-04-14,Caloocan City,RON 91,UNIOIL,86.1,92.2,reported
2026-04-14,Caloocan City,RON 95,CALTEX,102.5,102.5,reported
2026-04-14,Caloocan City,RON 95,FLYING,82.9,89.5,reported
2026-04-14,Caloocan City,RON 95,INDEPENDENT,81.0,83.7,reported
2026-04-14,Caloocan City,RON 95,PETRON,87.0,89.7,reported
2026-04-14,Caloocan City,RON 95,SHELL,97.8,102.0,reported
2026-04-14,Caloocan City,RON 95,UNIOIL,89.1,96.0,reported
2026-04-14,Caloocan City,RON 97,SEAOIL,83.0,83.0,reported
2026-04-14,Caloocan City,RON 97,SHELL,105.5,106.0,reported
2026-04-14,Makati City,DIESEL,CALTEX,125.0,129.9,reported
2026-04-14,Makati City,DIESEL,PETRON,121.2,123.2,reported
2026-04-14,Makati City,DIESEL,PHOENIX,123.0,123.0,reported
2026-04-14,Makati City,DIESEL,SHELL,122.5,123.4,reported
2026-04-14,Makati City,DIESEL,UNIOIL,124.9,124.9,reported
2026-04-14,Makati City,DIESEL PLUS,CALTEX,130.4,136.1,reported
2026-04-14,Makati City,DIESEL PLUS,PETRON,124.2,126.2,reported
2026-04-14,Makati City,DIESEL PLUS,SHELL,131.4,139.3,reported
2026-04-14,Makati City,RON 100,PETRON,98.0,98.1,reported
2026-04-14,Makati City,RON 91,CALTEX,88.0,100.7,reported
2026-04-14,Makati City,RON 91,PETRON,86.1,86.2,reported
2026-04-14,Makati City,RON 91,PHOENIX,85.9,85.9,reported
2026-04-14,Makati City,RON 91,SHELL,85.0,88.5,reported
2026-04-14,Makati City,RON 91,UNIOIL,86.1,88.0,reported
2026-04-14,Makati City,RON 95,CALTEX,90.5,107.8,reported
2026-04-14,Makati City,RON 95,PETRON,88.1,88.1,reported
2026-04-14,Makati City,RON 95,PHOENIX,92.5,92.5,reported
2026-04-14,Makati City,RON 95,SHELL,90.5,94.4,reported
2026-04-14,Makati City,RON 95,UNIOIL,89.1,91.0,reported
2026-04-14,Makati City,RON 97,PHOENIX,101.1,101.1,reported
2026-04-14,Makati City,RON 97,SHELL,97.3,104.0,reported
2026-04-14,Manila City,DIESEL,CALTEX,126.5,127.7,reported
2026-04-14,Manila City,DIESEL,FLYING,119.4,125.6,reported
2026-04-14,Manila City,DIESEL,INDEPENDENT,106.3,126.7,reported
2026-04-14,Manila City,DIESEL,PETRON,123.6,127.6,reported
2026-04-14,Manila City,DIESEL,SEAOIL,118.11,130.76,reported
2026-04-14,Manila City,DIESEL,SHELL,125.9,127.6,reported
2026-04-14,Manila City,DIESEL,TOTAL,125.0,125.9,reported
2026-04-14,Manila City,DIESEL,UNIOIL,122.1,130.4,reported
2026-04-14,Manila City,DIESEL PLUS,PETRON,126.7,130.1,reported
2026-04-14,Manila City,DIESEL PLUS,SHELL,136.0,138.3,reported
2026-04-14,Manila City,DIESEL PLUS,TOTAL,128.0,128.0,reported
2026-04-14,Manila City,KEROSENE,INDEPENDENT,165.0,165.0,reported
2026-04-14,Manila City,KEROSENE,PETRON,154.4,154.6,reported
2026-04-14,Manila City,RON 100,PETRON,95.5,104.4,reported
2026-04-14,Manila City,RON 91,CALTEX,85.0,92.4,reported
2026-04-14,Manila City,RON 91,FLYING,84.4,89.3,reported
2026-04-14,Manila City,RON 91,INDEPENDENT,81.67,87.5,reported
2026-04-14,Manila City,RON 91,PETRON,83.7,92.5,reported
2026-04-14,Manila City,RON 91,SEAOIL,84.57,85.37,reported
2026-04-14,Manila City,RON 91,SHELL,89.0,94.4,reported
2026-04-14,Manila City,RON 91,TOTAL,91.0,92.4,reported
2026-04-14,Manila City,RON 91,UNIOIL,84.5,94.8,reported
2026-04-14,Manila City,RON 95,CALTEX,90.9,95.9,reported
2026-04-14,Manila City,RON 95,FLYING,87.3,91.3,reported
2026-04-14,Manila City,RON 95,INDEPENDENT,82.67,91.98,reported
2026-04-14,Manila City,RON 95,PETRON,85.1,94.4,reported
2026-04-14,Manila City,RON 95,SHELL,94.9,100.3,reported
2026-04-14,Manila City,RON 95,TOTAL,93.0,94.4,reported
2026-04-14,Manila City,RON 95,UNIOIL,87.5,96.6,reported
2026-04-14,Manila City,RON 97,SEAOIL,86.37,86.57,reported
2026-04-14,Manila City,RON 97,SHELL,99.4,107.3,reported
2026-04-14,Marikina City,DIESEL,FLYING,120.5,123.1,reported
2026-04-14,Marikina City,DIESEL,INDEPENDENT,113.8,125.4,reported
2026-04-14,Marikina City,DIESEL,PETRON,119.8,119.8,reported
2026-04-14,Marikina City,DIESEL,SEAOIL,113.81,113.81,reported
2026-04-14,Marikina City,DIESEL,SHELL,123.7,123.7,reported
2026-04-14,Marikina City,DIESEL,UNIOIL,119.8,119.8,reported
2026-04-14,Marikina City,DIESEL PLUS,PETRON,122.8,122.8,reported
2026-04-14,Marikina City,DIESEL PLUS,SHELL,137.6,137.6,reported
2026-04-14,Marikina City,KEROSENE,PETRON,151.7,151.7,reported
2026-04-14,Marikina City,RON 100,PETRON,96.5,96.5,reported
2026-04-14,Marikina City,RON 91,FLYING,83.5,83.5,reported
2026-04-14,Marikina City,RON 91,INDEPENDENT,83.5,89.5,reported
2026-04-14,Marikina City,RON 91,PETRON,84.6,84.6,reported
2026-04-14,Marikina City,RON 91,SEAOIL,83.57,83.57,reported
2026-04-14,Marikina City,RON 91,SHELL,85.5,85.5,reported
2026-04-14,Marikina City,RON 91,UNIOIL,84.6,84.6,reported
2026-04-14,Marikina City,RON 95,FLYING,85.0,90.0,reported
2026-04-14,Marikina City,RON 95,INDEPENDENT,85.07,91.2,reported
2026-04-14,Marikina City,RON 95,PETRON,86.6,86.6,reported
2026-04-14,Marikina City,RON 95,SHELL,99.7,99.7,reported
2026-04-14,Marikina City,RON 95,UNIOIL,87.6,87.6,reported
2026-04-14,Marikina City,RON 97,SEAOIL,85.07,85.07,reported
2026-04-14,Marikina City,RON 97,SHELL,107.6,107.9,reported
2026-04-14,Muntinlupa City,DIESEL,CALTEX,128.8,131.47,reported
2026-04-14,Muntinlupa City,DIESEL,FLYING,124.4,124.4,reported
2026-04-14,Muntinlupa City,DIESEL,PETRON,120.1,128.0,reported
2026-04-14,Muntinlupa City,DIESEL,PHOENIX,125.6,136.7,reported
2026-04-14,Muntinlupa City,DIESEL,SEAOIL,126.1,134.21,reported
2026-04-14,Muntinlupa City,DIESEL,SHELL,126.2,134.6,reported
2026-04-14,Muntinlupa City,DIESEL,TOTAL,131.6,131.6,reported
2026-04-14,Muntinlupa City,DIESEL,UNIOIL,125.6,125.6,reported
2026-04-14,Muntinlupa City,DIESEL PLUS,PETRON,123.1,131.0,reported
2026-04-14,Muntinlupa City,DIESEL PLUS,SHELL,135.3,141.2,reported
2026-04-14,Muntinlupa City,DIESEL PLUS,TOTAL,134.6,134.6,reported
2026-04-14,Muntinlupa City,KEROSENE,CALTEX,149.35,149.35,reported
2026-04-14,Muntinlupa City,KEROSENE,SEAOIL,149.49,149.49,reported
2026-04-14,Muntinlupa City,RON 100,PETRON,98.1,105.0,reported
2026-04-14,Muntinlupa City,RON 91,CALTEX,89.95,93.7,reported
2026-04-14,Muntinlupa City,RON 91,FLYING,86.5,86.5,reported
2026-04-14,Muntinlupa City,RON 91,PETRON,86.1,93.6,reported
2026-04-14,Muntinlupa City,RON 91,PHOENIX,88.8,102.1,reported
2026-04-14,Muntinlupa City,RON 91,SEAOIL,87.8,95.97,reported
2026-04-14,Muntinlupa City,RON 91,SHELL,88.6,100.1,reported
2026-04-14,Muntinlupa City,RON 91,TOTAL,95.1,95.1,reported
2026-04-14,Muntinlupa City,RON 91,UNIOIL,88.8,88.9,reported
2026-04-14,Muntinlupa City,RON 95,CALTEX,94.96,98.71,reported
2026-04-14,Muntinlupa City,RON 95,FLYING,88.0,88.0,reported
2026-04-14,Muntinlupa City,RON 95,PETRON,88.1,95.6,reported
2026-04-14,Muntinlupa City,RON 95,PHOENIX,90.8,106.2,reported
2026-04-14,Muntinlupa City,RON 95,SHELL,94.7,104.2,reported
2026-04-14,Muntinlupa City,RON 95,TOTAL,96.6,96.6,reported
2026-04-14,Muntinlupa City,RON 95,UNIOIL,91.8,91.9,reported
2026-04-14,Muntinlupa City,RON 97,SEAOIL,89.9,98.94,reported
2026-04-14,Muntinlupa City,RON 97,SHELL,97.4,106.2,reported
2026-04-14,Navotas City,DIESEL,CALTEX,126.8,126.8,reported
2026-04-14,Navotas City,DIESEL,FLYING,125.2,125.2,reported
2026-04-14,Navotas City,DIESEL,UNIOIL,120.1,120.1,reported
2026-04-14,Navotas City,RON 91,CALTEX,98.9,98.9,reported
2026-04-14,Navotas City,RON 91,FLYING,92.2,92.2,reported
2026-04-14,Navotas City,RON 91,UNIOIL,83.7,83.7,reported
2026-04-14,Navotas City,RON 95,CALTEX,102.6,102.6,reported
2026-04-14,Navotas City,RON 95,FLYING,94.2,94.2,reported
2026-04-14,Navotas City,RON 95,UNIOIL,86.7,86.7,reported
2026-04-14,Parañaque City,DIESEL,CALTEX,120.4,129.8,reported
2026-04-14,Parañaque City,DIESEL,FLYING,117.9,119.9,reported
2026-04-14,Parañaque City,DIESEL,INDEPENDENT,121.8,129.9,reported
2026-04-14,Parañaque City,DIESEL,PETRON,120.0,121.9,reported
2026-04-14,Parañaque City,DIESEL,SEAOIL,121.9,122.4,reported
2026-04-14,Parañaque City,DIESEL,SHELL,125.4,128.9,reported
2026-04-14,Parañaque City,DIESEL,TOTAL,130.89,130.89,reported
2026-04-14,Parañaque City,DIESEL,UNIOIL,121.9,127.1,reported
2026-04-14,Parañaque City,DIESEL PLUS,CALTEX,123.0,132.8,reported
2026-04-14,Parañaque City,DIESEL PLUS,PETRON,123.0,124.9,reported
2026-04-14,Parañaque City,DIESEL PLUS,SHELL,135.6,142.6,reported
2026-04-14,Parañaque City,DIESEL PLUS,TOTAL,134.69,134.69,reported
2026-04-14,Parañaque City,KEROSENE,INDEPENDENT,155.4,155.4,reported
2026-04-14,Parañaque City,RON 100,PETRON,96.0,102.1,reported
2026-04-14,Parañaque City,RON 91,CALTEX,95.5,96.7,reported
2026-04-14,Parañaque City,RON 91,FLYING,87.5,87.5,reported
2026-04-14,Parañaque City,RON 91,INDEPENDENT,89.5,90.4,reported
2026-04-14,Parañaque City,RON 91,PETRON,84.0,90.1,reported
2026-04-14,Parañaque City,RON 91,SEAOIL,89.27,90.37,reported
2026-04-14,Parañaque City,RON 91,SHELL,87.9,94.8,reported
2026-04-14,Parañaque City,RON 91,TOTAL,91.2,91.2,reported
2026-04-14,Parañaque City,RON 91,UNIOIL,89.0,91.0,reported
2026-04-14,Parañaque City,RON 95,CALTEX,99.79,102.0,reported
2026-04-14,Parañaque City,RON 95,FLYING,88.0,88.5,reported
2026-04-14,Parañaque City,RON 95,INDEPENDENT,90.0,92.5,reported
2026-04-14,Parañaque City,RON 95,PETRON,86.0,92.1,reported
2026-04-14,Parañaque City,RON 95,SHELL,97.0,101.7,reported
2026-04-14,Parañaque City,RON 95,TOTAL,95.65,95.65,reported
2026-04-14,Parañaque City,RON 95,UNIOIL,92.0,92.0,reported
2026-04-14,Parañaque City,RON 97,SEAOIL,90.27,92.47,reported
2026-04-14,Parañaque City,RON 97,SHELL,99.5,107.1,reported
2026-04-14,Pasay City,DIESEL,CALTEX,125.55,130.2,reported
2026-04-14,Pasay City,DIESEL,INDEPENDENT,116.4,135.9,reported
2026-04-14,Pasay City,DIESEL,PETRON,116.8,125.4,reported
2026-04-14,Pasay City,DIESEL,PTT,120.1,125.4,reported
2026-04-14,Pasay City,DIESEL,SHELL,120.7,132.2,reported
2026-04-14,Pasay City,DIESEL,TOTAL,134.59,134.59,reported
2026-04-14,Pasay City,DIESEL,UNIOIL,125.6,125.6,reported
2026-04-14,Pasay City,DIESEL PLUS,CALTEX,129.5,129.5,reported
2026-04-14,Pasay City,DIESEL PLUS,PETRON,128.5,128.5,reported
2026-04-14,Pasay City,DIESEL PLUS,PTT,128.4,128.4,reported
2026-04-14,Pasay City,DIESEL PLUS,SHELL,134.0,139.4,reported
2026-04-14,Pasay City,DIESEL PLUS,TOTAL,137.59,137.59,reported
2026-04-14,Pasay City,KEROSENE,CALTEX,164.03,164.03,reported
2026-04-14,Pasay City,KEROSENE,PETRON,155.3,155.3,reported
2026-04-14,Pasay City,RON 100,PETRON,100.0,102.6,reported
2026-04-14,Pasay City,RON 91,CALTEX,95.7,97.6,reported
2026-04-14,Pasay City,RON 91,INDEPENDENT,84.0,97.7,reported
2026-04-14,Pasay City,RON 91,PETRON,85.6,90.6,reported
2026-04-14,Pasay City,RON 91,PTT,86.1,87.8,reported
2026-04-14,Pasay City,RON 91,SHELL,89.9,97.3,reported
2026-04-14,Pasay City,RON 91,TOTAL,99.2,99.2,reported
2026-04-14,Pasay City,RON 91,UNIOIL,88.8,88.9,reported
2026-04-14,Pasay City,RON 95,CALTEX,101.0,105.3,reported
2026-04-14,Pasay City,RON 95,INDEPENDENT,87.0,102.1,reported
2026-04-14,Pasay City,RON 95,PETRON,87.6,92.7,reported
2026-04-14,Pasay City,RON 95,PTT,88.1,89.8,reported
2026-04-14,Pasay City,RON 95,SHELL,95.1,103.5,reported
2026-04-14,Pasay City,RON 95,TOTAL,100.7,100.7,reported
2026-04-14,Pasay City,RON 95,UNIOIL,91.8,91.9,reported
2026-04-14,Pasay City,RON 97,SHELL,102.3,106.5,reported
2026-04-14,Pasig City,DIESEL,CALTEX,119.3,131.0,reported
2026-04-14,Pasig City,DIESEL,FLYING,116.1,124.1,reported
2026-04-14,Pasig City,DIESEL,INDEPENDENT,124.6,129.5,reported
2026-04-14,Pasig City,DIESEL,PETRON,119.1,123.1,reported
2026-04-14,Pasig City,DIESEL,PHOENIX,119.0,125.6,reported
2026-04-14,Pasig City,DIESEL,SEAOIL,125.41,129.4,reported
2026-04-14,Pasig City,DIESEL,SHELL,121.6,130.2,reported
2026-04-14,Pasig City,DIESEL,TOTAL,125.6,125.6,reported
2026-04-14,Pasig City,DIESEL,UNIOIL,117.6,123.1,reported
2026-04-14,Pasig City,DIESEL PLUS,CALTEX,126.3,126.3,reported
2026-04-14,Pasig City,DIESEL PLUS,PETRON,122.1,126.1,reported
2026-04-14,Pasig City,DIESEL PLUS,SHELL,135.1,140.1,reported
2026-04-14,Pasig City,KEROSENE,PETRON,154.7,154.7,reported
2026-04-14,Pasig City,RON 100,PETRON,96.1,98.3,reported
2026-04-14,Pasig City,RON 91,CALTEX,89.3,94.8,reported
2026-04-14,Pasig City,RON 91,FLYING,83.2,85.3,reported
2026-04-14,Pasig City,RON 91,INDEPENDENT,86.5,91.8,reported
2026-04-14,Pasig City,RON 91,PETRON,84.2,86.4,reported
2026-04-14,Pasig City,RON 91,PHOENIX,83.6,91.1,reported
2026-04-14,Pasig City,RON 91,SEAOIL,84.97,89.0,reported
2026-04-14,Pasig City,RON 91,SHELL,89.0,90.9,reported
2026-04-14,Pasig City,RON 91,TOTAL,91.1,91.1,reported
2026-04-14,Pasig City,RON 91,UNIOIL,84.4,86.3,reported
2026-04-14,Pasig City,RON 95,CALTEX,92.45,103.35,reported
2026-04-14,Pasig City,RON 95,FLYING,85.5,86.2,reported
2026-04-14,Pasig City,RON 95,INDEPENDENT,89.4,94.8,reported
2026-04-14,Pasig City,RON 95,PETRON,86.2,88.5,reported
2026-04-14,Pasig City,RON 95,PHOENIX,85.5,88.4,reported
2026-04-14,Pasig City,RON 95,SHELL,98.9,101.1,reported
2026-04-14,Pasig City,RON 95,UNIOIL,87.4,89.3,reported
2026-04-14,Pasig City,RON 97,SEAOIL,85.97,93.0,reported
2026-04-14,Pasig City,RON 97,SHELL,100.0,100.0,reported
2026-04-14,Pasig City,RON 97,UNIOIL,92.4,92.6,reported
2026-04-14,Quezon City,DIESEL,CALTEX,124.0,126.0,reported
2026-04-14,Quezon City,DIESEL,FLYING,114.8,121.8,reported
2026-04-14,Quezon City,DIESEL,INDEPENDENT,108.9,118.0,reported
2026-04-14,Quezon City,DIESEL,PETRON,118.1,123.4,reported
2026-04-14,Quezon City,DIESEL,PHOENIX,125.0,127.3,reported
2026-04-14,Quezon City,DIESEL,SEAOIL,116.11,122.1,reported
2026-04-14,Quezon City,DIESEL,SHELL,122.4,127.3,reported
2026-04-14,Quezon City,DIESEL,UNIOIL,118.4,124.3,reported
2026-04-14,Quezon City,DIESEL PLUS,PETRON,121.1,126.4,reported
2026-04-14,Quezon City,DIESEL PLUS,SHELL,134.8,137.4,reported
2026-04-14,Quezon City,KEROSENE,PETRON,156.2,164.8,reported
2026-04-14,Quezon City,RON 100,PETRON,94.5,105.9,reported
2026-04-14,Quezon City,RON 91,CALTEX,90.5,92.7,reported
2026-04-14,Quezon City,RON 91,FLYING,80.5,85.8,reported
2026-04-14,Quezon City,RON 91,INDEPENDENT,76.0,81.5,reported
2026-04-14,Quezon City,RON 91,PETRON,82.5,86.5,reported
2026-04-14,Quezon City,RON 91,PHOENIX,88.3,90.6,reported
2026-04-14,Quezon City,RON 91,SEAOIL,84.47,86.37,reported
2026-04-14,Quezon City,RON 91,SHELL,89.7,91.4,reported
2026-04-14,Quezon City,RON 91,UNIOIL,85.8,88.9,reported
2026-04-14,Quezon City,RON 95,CALTEX,102.5,102.7,reported
2026-04-14,Quezon City,RON 95,FLYING,82.9,87.8,reported
2026-04-14,Quezon City,RON 95,INDEPENDENT,77.0,82.9,reported
2026-04-14,Quezon City,RON 95,PETRON,84.5,88.2,reported
2026-04-14,Quezon City,RON 95,PHOENIX,90.3,94.4,reported
2026-04-14,Quezon City,RON 95,SHELL,93.5,99.4,reported
2026-04-14,Quezon City,RON 95,UNIOIL,91.9,93.8,reported
2026-04-14,Quezon City,RON 97,SEAOIL,86.97,87.37,reported
2026-04-14,Quezon City,RON 97,SHELL,100.1,105.4,reported
2026-04-14,Quezon City,RON 97,UNIOIL,96.9,98.3,reported
2026-04-14,Taguig Cty,DIESEL,CALTEX,125.4,134.0,reported
2026-04-14,Taguig Cty,DIESEL,FLYING,122.1,122.6,reported
2026-04-14,Taguig Cty,DIESEL,INDEPENDENT,125.9,129.89,reported
2026-04-14,Taguig Cty,DIESEL,PETRON,117.2,125.7,reported
2026-04-14,Taguig Cty,DIESEL,SEAOIL,114.2,114.2,reported
2026-04-14,Taguig Cty,DIESEL,SHELL,123.4,127.1,reported
2026-04-14,Taguig Cty,DIESEL PLUS,CALTEX,137.7,137.7,reported
2026-04-14,Taguig Cty,DIESEL PLUS,PETRON,120.2,128.7,reported
2026-04-14,Taguig Cty,DIESEL PLUS,SHELL,135.8,136.8,reported
2026-04-14,Taguig Cty,KEROSENE,CALTEX,158.5,165.69,reported
2026-04-14,Taguig Cty,RON 100,PETRON,94.1,98.1,reported
2026-04-14,Taguig Cty,RON 91,CALTEX,87.9,95.8,reported
2026-04-14,Taguig Cty,RON 91,FLYING,85.0,87.5,reported
2026-04-14,Taguig Cty,RON 91,INDEPENDENT,86.2,90.1,reported
2026-04-14,Taguig Cty,RON 91,PETRON,82.0,86.1,reported
2026-04-14,Taguig Cty,RON 91,SEAOIL,82.0,82.0,reported
2026-04-14,Taguig Cty,RON 91,SHELL,85.9,88.6,reported
2026-04-14,Taguig Cty,RON 95,CALTEX,88.9,102.1,reported
2026-04-14,Taguig Cty,RON 95,FLYING,87.0,88.5,reported
2026-04-14,Taguig Cty,RON 95,INDEPENDENT,88.5,92.1,reported
2026-04-14,Taguig Cty,RON 95,PETRON,84.0,88.1,reported
2026-04-14,Taguig Cty,RON 95,SEAOIL,83.0,83.0,reported
2026-04-14,Taguig Cty,RON 95,SHELL,94.0,97.4,reported
2026-04-14,Taguig Cty,RON 97,SHELL,95.8,98.5,reported
2026-04-14,Valenzuela City,DIESEL,FLYING,118.1,121.9,reported
2026-04-14,Valenzuela City,DIESEL,INDEPENDENT,122.9,128.5,reported
2026-04-14,Valenzuela City,DIESEL,SHELL,122.9,128.5,reported
2026-04-14,Valenzuela City,DIESEL,UNIOIL,118.6,127.0,reported
2026-04-14,Valenzuela City,DIESEL PLUS,SHELL,136.7,138.1,reported
2026-04-14,Valenzuela City,RON 91,FLYING,83.8,86.0,reported
2026-04-14,Valenzuela City,RON 91,INDEPENDENT,92.4,95.6,reported
2026-04-14,Valenzuela City,RON 91,SHELL,92.4,95.6,reported
2026-04-14,Valenzuela City,RON 91,UNIOIL,89.1,92.0,reported
2026-04-14,Valenzuela City,RON 95,FLYING,85.9,88.0,reported
2026-04-14,Valenzuela City,RON 95,INDEPENDENT,97.59,100.7,reported
2026-04-14,Valenzuela City,RON 95,SHELL,97.59,100.7,reported
2026-04-14,Valenzuela City,RON 95,UNIOIL,92.1,94.0,reported
2026-04-14,Valenzuela City,RON 97,SHELL,101.6,103.7,reported
2026-04-21,Caloocan City,DIESEL,CALTEX,100.4,100.4,reported
2026-04-21,Caloocan City,DIESEL,FLYING,92.16,96.76,reported
2026-04-21,Caloocan City,DIESEL,INDEPENDENT,92.16,102.0,reported
2026-04-21,Caloocan City,DIESEL,PETRON,92.2,102.4,reported
2026-04-21,Caloocan City,DIESEL,SEAOIL,99.06,102.32,reported
2026-04-21,Caloocan City,DIESEL,SHELL,99.3,99.9,reported
2026-04-21,Caloocan City,DIESEL,UNIOIL,109.0,109.0,reported
2026-04-21,Caloocan City,DIESEL PLUS,PETRON,99.1,99.1,reported
2026-04-21,Caloocan City,DIESEL PLUS,SHELL,109.1,110.1,reported
2026-04-21,Caloocan City,KEROSENE,PETRON,146.0,147.6,reported
2026-04-21,Caloocan City,RON 91,CALTEX,89.5,89.5,reported
2026-04-21,Caloocan City,RON 91,FLYING,77.09,79.59,reported
2026-04-21,Caloocan City,RON 91,INDEPENDENT,74.0,79.7,reported
2026-04-21,Caloocan City,RON 91,PETRON,78.1,83.3,reported
2026-04-21,Caloocan City,RON 91,SEAOIL,78.09,89.0,reported
2026-04-21,Caloocan City,RON 91,SHELL,83.4,88.6,reported
2026-04-21,Caloocan City,RON 91,UNIOIL,88.8,88.8,reported
2026-04-21,Caloocan City,RON 95,CALTEX,98.5,98.5,reported
2026-04-21,Caloocan City,RON 95,FLYING,78.29,80.59,reported
2026-04-21,Caloocan City,RON 95,INDEPENDENT,75.0,80.2,reported
2026-04-21,Caloocan City,RON 95,PETRON,79.1,84.3,reported
2026-04-21,Caloocan City,RON 95,SHELL,93.4,98.5,reported
2026-04-21,Caloocan City,RON 95,UNIOIL,91.8,91.8,reported
2026-04-21,Caloocan City,RON 97,SEAOIL,79.26,90.0,reported
2026-04-21,Caloocan City,RON 97,SHELL,102.0,102.5,reported
2026-04-21,Makati City,DIESEL,CALTEX,99.01,114.9,reported
2026-04-21,Makati City,DIESEL,INDEPENDENT,102.0,102.0,reported
2026-04-21,Makati City,DIESEL,PETRON,96.1,96.6,reported
2026-04-21,Makati City,DIESEL,PHOENIX,98.3,98.3,reported
2026-04-21,Makati City,DIESEL,SHELL,97.9,98.4,reported
2026-04-21,Makati City,DIESEL,UNIOIL,97.6,97.7,reported
2026-04-21,Makati City,DIESEL PLUS,CALTEX,103.41,120.0,reported
2026-04-21,Makati City,DIESEL PLUS,PETRON,99.1,99.6,reported
2026-04-21,Makati City,DIESEL PLUS,SHELL,105.9,106.4,reported
2026-04-21,Makati City,RON 100,PETRON,91.5,94.7,reported
2026-04-21,Makati City,RON 91,CALTEX,84.59,96.4,reported
2026-04-21,Makati City,RON 91,INDEPENDENT,81.1,82.1,reported
2026-04-21,Makati City,RON 91,PETRON,80.5,82.7,reported
2026-04-21,Makati City,RON 91,PHOENIX,82.7,82.7,reported
2026-04-21,Makati City,RON 91,SHELL,82.1,84.9,reported
2026-04-21,Makati City,RON 91,UNIOIL,80.5,83.7,reported
2026-04-21,Makati City,RON 95,CALTEX,86.59,99.4,reported
2026-04-21,Makati City,RON 95,INDEPENDENT,81.6,81.6,reported
2026-04-21,Makati City,RON 95,PETRON,81.5,83.7,reported
2026-04-21,Makati City,RON 95,PHOENIX,84.7,84.7,reported
2026-04-21,Makati City,RON 95,SHELL,86.9,89.7,reported
2026-04-21,Makati City,RON 95,UNIOIL,83.5,86.7,reported
2026-04-21,Makati City,RON 97,PHOENIX,94.7,94.7,reported
2026-04-21,Makati City,RON 97,SHELL,91.0,93.8,reported
2026-04-21,Manila City,DIESEL,CALTEX,104.46,104.5,reported
2026-04-21,Manila City,DIESEL,FLYING,96.16,100.8,reported
2026-04-21,Manila City,DIESEL,INDEPENDENT,95.16,98.7,reported
2026-04-21,Manila City,DIESEL,PETRON,94.2,101.0,reported
2026-04-21,Manila City,DIESEL,SEAOIL,93.17,102.86,reported
2026-04-21,Manila City,DIESEL,SHELL,99.9,102.6,reported
2026-04-21,Manila City,DIESEL,TOTAL,101.0,101.0,reported
2026-04-21,Manila City,DIESEL PLUS,PETRON,97.2,104.0,reported
2026-04-21,Manila City,DIESEL PLUS,SHELL,108.9,111.6,reported
2026-04-21,Manila City,DIESEL PLUS,TOTAL,104.0,104.0,reported
2026-04-21,Manila City,KEROSENE,INDEPENDENT,150.0,150.0,reported
2026-04-21,Manila City,KEROSENE,PETRON,146.0,147.0,reported
2026-04-21,Manila City,RON 100,PETRON,92.1,101.0,reported
2026-04-21,Manila City,RON 91,CALTEX,81.59,88.0,reported
2026-04-21,Manila City,RON 91,FLYING,80.09,82.6,reported
2026-04-21,Manila City,RON 91,INDEPENDENT,78.26,83.99,reported
2026-04-21,Manila City,RON 91,PETRON,80.2,89.0,reported
2026-04-21,Manila City,RON 91,SEAOIL,81.16,86.59,reported
2026-04-21,Manila City,RON 91,SHELL,84.9,86.9,reported
2026-04-21,Manila City,RON 91,TOTAL,87.2,89.0,reported
2026-04-21,Manila City,RON 95,CALTEX,87.49,92.0,reported
2026-04-21,Manila City,RON 95,FLYING,82.09,83.9,reported
2026-04-21,Manila City,RON 95,INDEPENDENT,79.26,86.0,reported
2026-04-21,Manila City,RON 95,PETRON,81.2,90.0,reported
2026-04-21,Manila City,RON 95,SHELL,89.7,91.7,reported
2026-04-21,Manila City,RON 95,TOTAL,89.6,91.0,reported
2026-04-21,Manila City,RON 97,SEAOIL,83.16,83.59,reported
2026-04-21,Manila City,RON 97,SHELL,93.8,95.8,reported
2026-04-21,Marikina City,DIESEL,FLYING,93.86,93.86,reported
2026-04-21,Marikina City,DIESEL,INDEPENDENT,93.86,100.5,reported
2026-04-21,Marikina City,DIESEL,PETRON,94.9,94.9,reported
2026-04-21,Marikina City,DIESEL,SEAOIL,88.87,88.87,reported
2026-04-21,Marikina City,DIESEL,SHELL,98.7,98.7,reported
2026-04-21,Marikina City,DIESEL,UNIOIL,96.9,96.9,reported
2026-04-21,Marikina City,DIESEL PLUS,PETRON,97.9,97.9,reported
2026-04-21,Marikina City,DIESEL PLUS,SHELL,111.7,112.6,reported
2026-04-21,Marikina City,KEROSENE,PETRON,144.2,144.2,reported
2026-04-21,Marikina City,RON 100,PETRON,93.2,93.2,reported
2026-04-21,Marikina City,RON 91,FLYING,80.09,80.09,reported
2026-04-21,Marikina City,RON 91,INDEPENDENT,80.09,83.5,reported
2026-04-21,Marikina City,RON 91,PETRON,81.2,81.2,reported
2026-04-21,Marikina City,RON 91,SEAOIL,80.16,80.16,reported
2026-04-21,Marikina City,RON 91,SHELL,82.0,82.0,reported
2026-04-21,Marikina City,RON 91,UNIOIL,81.2,81.2,reported
2026-04-21,Marikina City,RON 95,FLYING,81.59,81.59,reported
2026-04-21,Marikina City,RON 95,INDEPENDENT,81.1,84.5,reported
2026-04-21,Marikina City,RON 95,PETRON,82.2,82.2,reported
2026-04-21,Marikina City,RON 95,SHELL,91.9,91.9,reported
2026-04-21,Marikina City,RON 95,UNIOIL,84.2,84.2,reported
2026-04-21,Marikina City,RON 97,SEAOIL,81.66,81.66,reported
2026-04-21,Marikina City,RON 97,SHELL,104.4,104.4,reported
2026-04-21,Muntinlupa City,DIESEL,CALTEX,102.5,106.53,reported
2026-04-21,Muntinlupa City,DIESEL,FLYING,94.16,94.16,reported
2026-04-21,Muntinlupa City,DIESEL,PETRON,95.2,103.1,reported
2026-04-21,Muntinlupa City,DIESEL,PHOENIX,101.6,102.5,reported
2026-04-21,Muntinlupa City,DIESEL,SEAOIL,101.02,109.27,reported
2026-04-21,Muntinlupa City,DIESEL,SHELL,99.9,104.9,reported
2026-04-21,Muntinlupa City,DIESEL,TOTAL,106.64,106.64,reported
2026-04-21,Muntinlupa City,DIESEL,UNIOIL,102.2,102.2,reported
2026-04-21,Muntinlupa City,DIESEL PLUS,PETRON,98.2,106.1,reported
2026-04-21,Muntinlupa City,DIESEL PLUS,SHELL,108.1,111.2,reported
2026-04-21,Muntinlupa City,DIESEL PLUS,TOTAL,109.64,109.64,reported
2026-04-21,Muntinlupa City,KEROSENE,CALTEX,147.45,147.45,reported
2026-04-21,Muntinlupa City,KEROSENE,SEAOIL,147.49,147.49,reported
2026-04-21,Muntinlupa City,RON 100,PETRON,94.7,102.2,reported
2026-04-21,Muntinlupa City,RON 91,CALTEX,84.75,90.29,reported
2026-04-21,Muntinlupa City,RON 91,FLYING,80.09,80.09,reported
2026-04-21,Muntinlupa City,RON 91,PETRON,82.7,90.2,reported
2026-04-21,Muntinlupa City,RON 91,PHOENIX,86.8,91.6,reported
2026-04-21,Muntinlupa City,RON 91,SEAOIL,83.26,92.56,reported
2026-04-21,Muntinlupa City,RON 91,SHELL,84.6,92.0,reported
2026-04-21,Muntinlupa City,RON 91,TOTAL,91.64,91.64,reported
2026-04-21,Muntinlupa City,RON 91,UNIOIL,85.6,85.6,reported
2026-04-21,Muntinlupa City,RON 95,CALTEX,85.95,95.3,reported
2026-04-21,Muntinlupa City,RON 95,FLYING,81.09,81.09,reported
2026-04-21,Muntinlupa City,RON 95,PETRON,83.7,91.2,reported
2026-04-21,Muntinlupa City,RON 95,PHOENIX,93.6,94.6,reported
2026-04-21,Muntinlupa City,RON 95,SHELL,89.9,98.7,reported
2026-04-21,Muntinlupa City,RON 95,TOTAL,93.14,93.14,reported
2026-04-21,Muntinlupa City,RON 95,UNIOIL,88.6,88.6,reported
2026-04-21,Muntinlupa City,RON 97,SEAOIL,85.26,95.53,reported
2026-04-21,Muntinlupa City,RON 97,SHELL,93.0,102.2,reported
2026-04-21,Navotas City,DIESEL,CALTEX,98.9,98.9,reported
2026-04-21,Navotas City,DIESEL,FLYING,100.4,100.4,reported
2026-04-21,Navotas City,RON 91,CALTEX,89.8,89.8,reported
2026-04-21,Navotas City,RON 91,FLYING,79.8,79.8,reported
2026-04-21,Navotas City,RON 95,CALTEX,96.2,96.2,reported
2026-04-21,Navotas City,RON 95,FLYING,82.8,82.8,reported
2026-04-21,Parañaque City,DIESEL,CALTEX,99.86,104.86,reported
2026-04-21,Parañaque City,DIESEL,FLYING,95.96,95.96,reported
2026-04-21,Parañaque City,DIESEL,INDEPENDENT,102.0,105.3,reported
2026-04-21,Parañaque City,DIESEL,PETRON,94.2,96.2,reported
2026-04-21,Parañaque City,DIESEL,SEAOIL,96.97,100.4,reported
2026-04-21,Parañaque City,DIESEL,SHELL,102.9,104.2,reported
2026-04-21,Parañaque City,DIESEL,TOTAL,105.95,105.95,reported
2026-04-21,Parañaque City,DIESEL,UNIOIL,96.7,102.2,reported
2026-04-21,Parañaque City,DIESEL PLUS,CALTEX,103.06,107.86,reported
2026-04-21,Parañaque City,DIESEL PLUS,PETRON,97.2,99.9,reported
2026-04-21,Parañaque City,DIESEL PLUS,SHELL,108.4,111.9,reported
2026-04-21,Parañaque City,DIESEL PLUS,TOTAL,109.75,109.75,reported
2026-04-21,Parañaque City,KEROSENE,INDEPENDENT,153.4,153.4,reported
2026-04-21,Parañaque City,RON 100,PETRON,92.6,98.5,reported
2026-04-21,Parañaque City,RON 91,CALTEX,88.74,93.29,reported
2026-04-21,Parañaque City,RON 91,FLYING,85.69,85.69,reported
2026-04-21,Parañaque City,RON 91,INDEPENDENT,81.0,86.6,reported
2026-04-21,Parañaque City,RON 91,PETRON,80.6,82.7,reported
2026-04-21,Parañaque City,RON 91,SEAOIL,86.59,90.59,reported
2026-04-21,Parañaque City,RON 91,SHELL,84.4,91.0,reported
2026-04-21,Parañaque City,RON 91,TOTAL,87.79,87.79,reported
2026-04-21,Parañaque City,RON 91,UNIOIL,84.5,85.6,reported
2026-04-21,Parañaque City,RON 95,CALTEX,94.2,98.57,reported
2026-04-21,Parañaque City,RON 95,FLYING,87.69,87.69,reported
2026-04-21,Parañaque City,RON 95,INDEPENDENT,81.5,88.6,reported
2026-04-21,Parañaque City,RON 95,PETRON,81.6,83.7,reported
2026-04-21,Parañaque City,RON 95,SHELL,89.2,95.9,reported
2026-04-21,Parañaque City,RON 95,TOTAL,92.24,92.24,reported
2026-04-21,Parañaque City,RON 95,UNIOIL,86.6,87.5,reported
2026-04-21,Parañaque City,RON 97,SEAOIL,87.59,92.59,reported
2026-04-21,Parañaque City,RON 97,SHELL,96.0,99.9,reported
2026-04-21,Pasay City,DIESEL,CALTEX,105.86,110.26,reported
2026-04-21,Pasay City,DIESEL,INDEPENDENT,92.4,111.0,reported
2026-04-21,Pasay City,DIESEL,PETRON,93.5,96.0,reported
2026-04-21,Pasay City,DIESEL,PTT,95.16,100.4,reported
2026-04-21,Pasay City,DIESEL,SHELL,98.3,103.4,reported
2026-04-21,Pasay City,DIESEL,TOTAL,107.66,107.66,reported
2026-04-21,Pasay City,DIESEL,UNIOIL,102.2,102.2,reported
2026-04-21,Pasay City,DIESEL PLUS,CALTEX,109.89,109.89,reported
2026-04-21,Pasay City,DIESEL PLUS,PETRON,99.0,99.0,reported
2026-04-21,Pasay City,DIESEL PLUS,PTT,103.4,103.4,reported
2026-04-21,Pasay City,DIESEL PLUS,SHELL,105.58,110.4,reported
2026-04-21,Pasay City,DIESEL PLUS,TOTAL,110.66,110.66,reported
2026-04-21,Pasay City,KEROSENE,CALTEX,162.03,162.03,reported
2026-04-21,Pasay City,KEROSENE,PETRON,147.7,147.7,reported
2026-04-21,Pasay City,RON 100,PETRON,94.6,96.1,reported
2026-04-21,Pasay City,RON 91,CALTEX,89.23,95.19,reported
2026-04-21,Pasay City,RON 91,INDEPENDENT,81.6,90.1,reported
2026-04-21,Pasay City,RON 91,PETRON,81.6,84.1,reported
2026-04-21,Pasay City,RON 91,PTT,82.69,84.3,reported
2026-04-21,Pasay City,RON 91,SHELL,84.4,87.4,reported
2026-04-21,Pasay City,RON 91,TOTAL,93.79,93.79,reported
2026-04-21,Pasay City,RON 91,UNIOIL,85.6,85.6,reported
2026-04-21,Pasay City,RON 95,CALTEX,96.18,102.89,reported
2026-04-21,Pasay City,RON 95,INDEPENDENT,82.6,92.1,reported
2026-04-21,Pasay City,RON 95,PETRON,82.6,85.1,reported
2026-04-21,Pasay City,RON 95,PTT,84.69,86.3,reported
2026-04-21,Pasay City,RON 95,SHELL,89.2,92.7,reported
2026-04-21,Pasay City,RON 95,TOTAL,95.29,95.29,reported
2026-04-21,Pasay City,RON 95,UNIOIL,88.6,88.6,reported
2026-04-21,Pasay City,RON 97,SHELL,93.3,94.1,reported
2026-04-21,Pasig City,DIESEL,CALTEX,89.42,101.05,reported
2026-04-21,Pasig City,DIESEL,FLYING,91.66,95.66,reported
2026-04-21,Pasig City,DIESEL,INDEPENDENT,98.2,103.9,reported
2026-04-21,Pasig City,DIESEL,PETRON,96.7,98.2,reported
2026-04-21,Pasig City,DIESEL,PHOENIX,98.16,100.66,reported
2026-04-21,Pasig City,DIESEL,SEAOIL,100.47,104.5,reported
2026-04-21,Pasig City,DIESEL,SHELL,96.5,105.3,reported
2026-04-21,Pasig City,DIESEL,TOTAL,100.66,100.66,reported
2026-04-21,Pasig City,DIESEL,UNIOIL,92.4,96.0,reported
2026-04-21,Pasig City,DIESEL PLUS,CALTEX,96.42,96.42,reported
2026-04-21,Pasig City,DIESEL PLUS,PETRON,99.7,101.2,reported
2026-04-21,Pasig City,DIESEL PLUS,SHELL,105.3,113.5,reported
2026-04-21,Pasig City,KEROSENE,PETRON,147.1,147.1,reported
2026-04-21,Pasig City,RON 100,PETRON,92.7,93.0,reported
2026-04-21,Pasig City,RON 91,CALTEX,84.68,86.09,reported
2026-04-21,Pasig City,RON 91,FLYING,78.59,80.99,reported
2026-04-21,Pasig City,RON 91,INDEPENDENT,79.2,85.8,reported
2026-04-21,Pasig City,RON 91,PETRON,80.7,82.8,reported
2026-04-21,Pasig City,RON 91,PHOENIX,80.0,87.7,reported
2026-04-21,Pasig City,RON 91,SEAOIL,81.56,85.6,reported
2026-04-21,Pasig City,RON 91,SHELL,84.0,86.6,reported
2026-04-21,Pasig City,RON 91,TOTAL,87.7,87.7,reported
2026-04-21,Pasig City,RON 91,UNIOIL,81.2,82.0,reported
2026-04-21,Pasig City,RON 95,CALTEX,89.13,96.74,reported
2026-04-21,Pasig City,RON 95,FLYING,81.09,82.99,reported
2026-04-21,Pasig City,RON 95,INDEPENDENT,82.1,86.8,reported
2026-04-21,Pasig City,RON 95,PETRON,81.7,86.0,reported
2026-04-21,Pasig City,RON 95,PHOENIX,81.0,83.8,reported
2026-04-21,Pasig City,RON 95,SHELL,92.6,95.4,reported
2026-04-21,Pasig City,RON 95,UNIOIL,84.2,85.0,reported
2026-04-21,Pasig City,RON 97,SEAOIL,82.56,89.5,reported
2026-04-21,Pasig City,RON 97,SHELL,93.9,96.96,reported
2026-04-21,Pasig City,RON 97,UNIOIL,92.4,92.4,reported
2026-04-21,Quezon City,DIESEL,CALTEX,104.1,105.0,reported
2026-04-21,Quezon City,DIESEL,FLYING,92.16,94.36,reported
2026-04-21,Quezon City,DIESEL,INDEPENDENT,89.9,92.16,reported
2026-04-21,Quezon City,DIESEL,PETRON,93.2,98.5,reported
2026-04-21,Quezon City,DIESEL,PHOENIX,97.9,98.8,reported
2026-04-21,Quezon City,DIESEL,SEAOIL,93.86,97.16,reported
2026-04-21,Quezon City,DIESEL,SHELL,97.4,102.3,reported
2026-04-21,Quezon City,DIESEL,UNIOIL,99.4,99.4,reported
2026-04-21,Quezon City,DIESEL PLUS,PETRON,96.2,101.5,reported
2026-04-21,Quezon City,DIESEL PLUS,SHELL,109.8,112.4,reported
2026-04-21,Quezon City,KEROSENE,PETRON,141.1,147.2,reported
2026-04-21,Quezon City,RON 100,PETRON,87.1,94.7,reported
2026-04-21,Quezon City,RON 91,CALTEX,88.0,91.45,reported
2026-04-21,Quezon City,RON 91,FLYING,77.59,81.19,reported
2026-04-21,Quezon City,RON 91,INDEPENDENT,72.0,77.4,reported
2026-04-21,Quezon City,RON 91,PETRON,76.1,82.7,reported
2026-04-21,Quezon City,RON 91,PHOENIX,84.9,87.2,reported
2026-04-21,Quezon City,RON 91,SEAOIL,82.59,82.96,reported
2026-04-21,Quezon City,RON 91,SHELL,83.9,87.9,reported
2026-04-21,Quezon City,RON 91,UNIOIL,82.4,87.1,reported
2026-04-21,Quezon City,RON 95,CALTEX,98.0,98.5,reported
2026-04-21,Quezon City,RON 95,FLYING,78.09,83.19,reported
2026-04-21,Quezon City,RON 95,INDEPENDENT,73.0,78.29,reported
2026-04-21,Quezon City,RON 95,PETRON,77.5,83.7,reported
2026-04-21,Quezon City,RON 95,PHOENIX,86.9,91.0,reported
2026-04-21,Quezon City,RON 95,SHELL,90.0,95.9,reported
2026-04-21,Quezon City,RON 95,UNIOIL,85.4,90.1,reported
2026-04-21,Quezon City,RON 97,SEAOIL,83.59,83.96,reported
2026-04-21,Quezon City,RON 97,SHELL,97.8,101.9,reported
2026-04-21,Quezon City,RON 97,UNIOIL,90.4,96.9,reported
2026-04-21,Taguig Cty,DIESEL,CALTEX,94.5,109.36,reported
2026-04-21,Taguig Cty,DIESEL,FLYING,93.16,97.46,reported
2026-04-21,Taguig Cty,DIESEL,INDEPENDENT,99.0,104.99,reported
2026-04-21,Taguig Cty,DIESEL,PETRON,92.3,94.1,reported
2026-04-21,Taguig Cty,DIESEL,SEAOIL,98.16,98.16,reported
2026-04-21,Taguig Cty,DIESEL,SHELL,98.0,99.9,reported
2026-04-21,Taguig Cty,DIESEL PLUS,CALTEX,117.76,117.76,reported
2026-04-21,Taguig Cty,DIESEL PLUS,PETRON,95.3,97.1,reported
2026-04-21,Taguig Cty,DIESEL PLUS,SHELL,106.8,109.9,reported
2026-04-21,Taguig Cty,KEROSENE,CALTEX,148.0,163.69,reported
2026-04-21,Taguig Cty,RON 100,PETRON,89.6,90.7,reported
2026-04-21,Taguig Cty,RON 91,CALTEX,79.9,93.39,reported
2026-04-21,Taguig Cty,RON 91,FLYING,77.59,78.49,reported
2026-04-21,Taguig Cty,RON 91,INDEPENDENT,81.0,86.59,reported
2026-04-21,Taguig Cty,RON 91,PETRON,78.6,78.6,reported
2026-04-21,Taguig Cty,RON 91,SEAOIL,82.99,82.99,reported
2026-04-21,Taguig Cty,RON 91,SHELL,80.4,85.1,reported
2026-04-21,Taguig Cty,RON 95,CALTEX,83.5,99.69,reported
2026-04-21,Taguig Cty,RON 95,FLYING,79.59,80.49,reported
2026-04-21,Taguig Cty,RON 95,INDEPENDENT,83.0,86.99,reported
2026-04-21,Taguig Cty,RON 95,PETRON,79.6,79.6,reported
2026-04-21,Taguig Cty,RON 95,SEAOIL,85.09,85.09,reported
2026-04-21,Taguig Cty,RON 95,SHELL,88.5,93.9,reported
2026-04-21,Taguig Cty,RON 97,SHELL,90.5,95.0,reported
2026-04-21,Valenzuela City,DIESEL,FLYING,94.16,100.3,reported
2026-04-21,Valenzuela City,DIESEL,INDEPENDENT,97.9,103.5,reported
2026-04-21,Valenzuela City,DIESEL,SHELL,97.9,103.5,reported
2026-04-21,Valenzuela City,DIESEL PLUS,SHELL,111.7,113.1,reported
2026-04-21,Valenzuela City,RON 91,FLYING,81.1,83.59,reported
2026-04-21,Valenzuela City,RON 91,INDEPENDENT,88.9,92.1,reported
2026-04-21,Valenzuela City,RON 91,SHELL,88.9,92.1,reported
2026-04-21,Valenzuela City,RON 95,FLYING,82.1,85.29,reported
2026-04-21,Valenzuela City,RON 95,INDEPENDENT,94.0,97.2,reported
2026-04-21,Valenzuela City,RON 95,SHELL,94.0,97.2,reported
2026-04-21,Valenzuela City,RON 97,SHELL,98.1,100.2,reported
2026-04-28,Caloocan City,DIESEL,CALTEX,88.4,88.4,reported
2026-04-28,Caloocan City,DIESEL,FLYING,79.16,80.26,reported
2026-04-28,Caloocan City,DIESEL,INDEPENDENT,79.3,92.0,reported
2026-04-28,Caloocan City,DIESEL,PETRON,79.3,83.2,reported
2026-04-28,Caloocan City,DIESEL,SEAOIL,91.41,91.66,reported
2026-04-28,Caloocan City,DIESEL,SHELL,84.7,86.9,reported
2026-04-28,Caloocan City,DIESEL,UNIOIL,86.2,86.2,reported
2026-04-28,Caloocan City,DIESEL PLUS,PETRON,86.2,86.2,reported
2026-04-28,Caloocan City,DIESEL PLUS,SHELL,96.1,97.1,reported
2026-04-28,Caloocan City,KEROSENE,PETRON,130.3,131.1,reported
2026-04-28,Caloocan City,RON 91,CALTEX,87.1,87.1,reported
2026-04-28,Caloocan City,RON 91,FLYING,71.0,77.1,reported
2026-04-28,Caloocan City,RON 91,INDEPENDENT,71.0,79.2,reported
2026-04-28,Caloocan City,RON 91,PETRON,77.6,82.3,reported
2026-04-28,Caloocan City,RON 91,SEAOIL,78.63,78.79,reported
2026-04-28,Caloocan City,RON 91,SHELL,82.6,89.1,reported
2026-04-28,Caloocan City,RON 91,UNIOIL,84.1,84.1,reported
2026-04-28,Caloocan City,RON 95,CALTEX,96.6,96.6,reported
2026-04-28,Caloocan City,RON 95,FLYING,72.0,78.1,reported
2026-04-28,Caloocan City,RON 95,INDEPENDENT,71.9,79.7,reported
2026-04-28,Caloocan City,RON 95,PETRON,78.6,83.3,reported
2026-04-28,Caloocan City,RON 95,SHELL,91.9,93.9,reported
2026-04-28,Caloocan City,RON 95,UNIOIL,87.1,87.1,reported
2026-04-28,Caloocan City,RON 97,SEAOIL,79.79,80.13,reported
2026-04-28,Caloocan City,RON 97,SHELL,102.5,103.0,reported
2026-04-28,Makati City,DIESEL,CALTEX,89.12,91.07,reported
2026-04-28,Makati City,DIESEL,INDEPENDENT,85.0,85.0,reported
2026-04-28,Makati City,DIESEL,PETRON,83.2,83.7,reported
2026-04-28,Makati City,DIESEL,PHOENIX,85.0,85.0,reported
2026-04-28,Makati City,DIESEL,SHELL,84.9,85.4,reported
2026-04-28,Makati City,DIESEL,UNIOIL,84.6,84.7,reported
2026-04-28,Makati City,DIESEL PLUS,CALTEX,95.47,97.9,reported
2026-04-28,Makati City,DIESEL PLUS,PETRON,86.2,86.7,reported
2026-04-28,Makati City,DIESEL PLUS,SHELL,92.9,93.4,reported
2026-04-28,Makati City,RON 100,PETRON,90.5,91.9,reported
2026-04-28,Makati City,RON 91,CALTEX,82.12,85.4,reported
2026-04-28,Makati City,RON 91,INDEPENDENT,80.1,80.1,reported
2026-04-28,Makati City,RON 91,PETRON,79.5,80.9,reported
2026-04-28,Makati City,RON 91,PHOENIX,80.5,80.5,reported
2026-04-28,Makati City,RON 91,SHELL,82.6,85.4,reported
2026-04-28,Makati City,RON 91,UNIOIL,81.0,84.2,reported
2026-04-28,Makati City,RON 95,CALTEX,83.22,90.2,reported
2026-04-28,Makati City,RON 95,INDEPENDENT,80.6,80.6,reported
2026-04-28,Makati City,RON 95,PETRON,80.5,81.9,reported
2026-04-28,Makati City,RON 95,PHOENIX,83.5,83.5,reported
2026-04-28,Makati City,RON 95,SHELL,87.4,90.9,reported
2026-04-28,Makati City,RON 95,UNIOIL,84.0,87.2,reported
2026-04-28,Makati City,RON 97,PHOENIX,92.3,92.3,reported
2026-04-28,Makati City,RON 97,SHELL,91.5,94.3,reported
2026-04-28,Manila City,DIESEL,CALTEX,89.4,96.5,reported
2026-04-28,Manila City,DIESEL,FLYING,83.26,85.26,reported
2026-04-28,Manila City,DIESEL,INDEPENDENT,82.3,87.8,reported
2026-04-28,Manila City,DIESEL,PETRON,81.3,87.3,reported
2026-04-28,Manila City,DIESEL,SEAOIL,92.39,95.86,reported
2026-04-28,Manila City,DIESEL,SHELL,86.9,89.6,reported
2026-04-28,Manila City,DIESEL,TOTAL,86.36,92.0,reported
2026-04-28,Manila City,DIESEL PLUS,PETRON,85.3,90.3,reported
2026-04-28,Manila City,DIESEL PLUS,SHELL,95.9,98.0,reported
2026-04-28,Manila City,DIESEL PLUS,TOTAL,88.26,88.26,reported
2026-04-28,Manila City,KEROSENE,INDEPENDENT,150.0,150.0,reported
2026-04-28,Manila City,KEROSENE,PETRON,131.1,131.3,reported
2026-04-28,Manila City,RON 100,PETRON,87.5,93.2,reported
2026-04-28,Manila City,RON 91,CALTEX,81.99,88.5,reported
2026-04-28,Manila City,RON 91,FLYING,77.5,81.6,reported
2026-04-28,Manila City,RON 91,INDEPENDENT,78.2,81.6,reported
2026-04-28,Manila City,RON 91,PETRON,76.5,82.2,reported
2026-04-28,Manila City,RON 91,SEAOIL,81.69,82.49,reported
2026-04-28,Manila City,RON 91,SHELL,85.4,87.4,reported
2026-04-28,Manila City,RON 91,TOTAL,82.03,83.73,reported
2026-04-28,Manila City,RON 95,CALTEX,85.99,92.5,reported
2026-04-28,Manila City,RON 95,FLYING,78.5,82.6,reported
2026-04-28,Manila City,RON 95,INDEPENDENT,79.2,82.6,reported
2026-04-28,Manila City,RON 95,PETRON,77.5,83.2,reported
2026-04-28,Manila City,RON 95,SHELL,90.2,92.6,reported
2026-04-28,Manila City,RON 95,TOTAL,84.73,94.43,reported
2026-04-28,Manila City,RON 97,SEAOIL,83.49,83.69,reported
2026-04-28,Manila City,RON 97,SHELL,94.3,104.3,reported
2026-04-28,Marikina City,DIESEL,FLYING,79.06,80.96,reported
2026-04-28,Marikina City,DIESEL,INDEPENDENT,80.0,87.6,reported
2026-04-28,Marikina City,DIESEL,PETRON,80.1,80.1,reported
2026-04-28,Marikina City,DIESEL,SEAOIL,92.72,92.72,reported
2026-04-28,Marikina City,DIESEL,SHELL,85.7,85.7,reported
2026-04-28,Marikina City,DIESEL,UNIOIL,83.0,83.0,reported
2026-04-28,Marikina City,DIESEL PLUS,PETRON,83.2,83.2,reported
2026-04-28,Marikina City,DIESEL PLUS,SHELL,95.6,95.6,reported
2026-04-28,Marikina City,KEROSENE,PETRON,128.5,128.5,reported
2026-04-28,Marikina City,RON 100,PETRON,90.5,90.5,reported
2026-04-28,Marikina City,RON 91,FLYING,78.5,79.2,reported
2026-04-28,Marikina City,RON 91,INDEPENDENT,75.5,80.5,reported
2026-04-28,Marikina City,RON 91,PETRON,79.5,79.5,reported
2026-04-28,Marikina City,RON 91,SEAOIL,80.69,80.69,reported
2026-04-28,Marikina City,RON 91,SHELL,82.0,82.5,reported
2026-04-28,Marikina City,RON 91,UNIOIL,79.9,79.9,reported
2026-04-28,Marikina City,RON 95,FLYING,80.1,80.2,reported
2026-04-28,Marikina City,RON 95,INDEPENDENT,76.5,81.5,reported
2026-04-28,Marikina City,RON 95,PETRON,80.5,80.5,reported
2026-04-28,Marikina City,RON 95,SHELL,92.4,92.4,reported
2026-04-28,Marikina City,RON 95,UNIOIL,82.9,82.9,reported
2026-04-28,Marikina City,RON 97,SEAOIL,82.19,82.19,reported
2026-04-28,Marikina City,RON 97,SHELL,104.9,104.9,reported
2026-04-28,Muntinlupa City,DIESEL,CALTEX,90.7,92.59,reported
2026-04-28,Muntinlupa City,DIESEL,FLYING,80.06,80.06,reported
2026-04-28,Muntinlupa City,DIESEL,PETRON,81.9,86.1,reported
2026-04-28,Muntinlupa City,DIESEL,PHOENIX,86.06,89.11,reported
2026-04-28,Muntinlupa City,DIESEL,SEAOIL,88.2,96.33,reported
2026-04-28,Muntinlupa City,DIESEL,SHELL,86.9,91.9,reported
2026-04-28,Muntinlupa City,DIESEL,TOTAL,90.16,90.16,reported
2026-04-28,Muntinlupa City,DIESEL,UNIOIL,86.3,86.3,reported
2026-04-28,Muntinlupa City,DIESEL PLUS,PETRON,84.9,89.1,reported
2026-04-28,Muntinlupa City,DIESEL PLUS,SHELL,95.1,98.2,reported
2026-04-28,Muntinlupa City,DIESEL PLUS,TOTAL,90.16,90.16,reported
2026-04-28,Muntinlupa City,KEROSENE,CALTEX,131.64,131.64,reported
2026-04-28,Muntinlupa City,KEROSENE,SEAOIL,131.78,131.78,reported
2026-04-28,Muntinlupa City,RON 100,PETRON,91.7,97.6,reported
2026-04-28,Muntinlupa City,RON 91,CALTEX,83.72,83.72,reported
2026-04-28,Muntinlupa City,RON 91,FLYING,79.0,79.0,reported
2026-04-28,Muntinlupa City,RON 91,PETRON,80.7,86.6,reported
2026-04-28,Muntinlupa City,RON 91,PHOENIX,87.33,88.13,reported
2026-04-28,Muntinlupa City,RON 91,SEAOIL,83.79,93.09,reported
2026-04-28,Muntinlupa City,RON 91,SHELL,85.1,92.5,reported
2026-04-28,Muntinlupa City,RON 91,TOTAL,90.73,90.73,reported
2026-04-28,Muntinlupa City,RON 91,UNIOIL,85.6,85.6,reported
2026-04-28,Muntinlupa City,RON 95,CALTEX,89.33,89.53,reported
2026-04-28,Muntinlupa City,RON 95,FLYING,80.0,80.0,reported
2026-04-28,Muntinlupa City,RON 95,PETRON,81.7,87.6,reported
2026-04-28,Muntinlupa City,RON 95,PHOENIX,89.13,92.13,reported
2026-04-28,Muntinlupa City,RON 95,SHELL,90.4,99.2,reported
2026-04-28,Muntinlupa City,RON 95,TOTAL,91.73,91.73,reported
2026-04-28,Muntinlupa City,RON 95,UNIOIL,88.6,88.6,reported
2026-04-28,Muntinlupa City,RON 97,SEAOIL,85.79,96.06,reported
2026-04-28,Muntinlupa City,RON 97,SHELL,94.4,102.2,reported
2026-04-28,Navotas City,DIESEL,CALTEX,86.9,86.9,reported
2026-04-28,Navotas City,DIESEL,FLYING,82.06,82.06,reported
2026-04-28,Navotas City,RON 91,CALTEX,89.8,89.8,reported
2026-04-28,Navotas City,RON 91,FLYING,81.3,81.3,reported
2026-04-28,Navotas City,RON 95,CALTEX,96.6,96.6,reported
2026-04-28,Navotas City,RON 95,FLYING,82.3,82.3,reported
2026-04-28,Parañaque City,DIESEL,CALTEX,91.92,93.0,reported
2026-04-28,Parañaque City,DIESEL,FLYING,80.26,80.26,reported
2026-04-28,Parañaque City,DIESEL,INDEPENDENT,89.0,92.4,reported
2026-04-28,Parañaque City,DIESEL,PETRON,81.3,83.3,reported
2026-04-28,Parañaque City,DIESEL,SEAOIL,93.38,94.26,reported
2026-04-28,Parañaque City,DIESEL,SHELL,87.4,90.9,reported
2026-04-28,Parañaque City,DIESEL,TOTAL,93.01,93.01,reported
2026-04-28,Parañaque City,DIESEL,UNIOIL,83.7,84.6,reported
2026-04-28,Parañaque City,DIESEL PLUS,CALTEX,94.92,95.12,reported
2026-04-28,Parañaque City,DIESEL PLUS,PETRON,84.3,86.3,reported
2026-04-28,Parañaque City,DIESEL PLUS,SHELL,95.4,98.9,reported
2026-04-28,Parañaque City,DIESEL PLUS,TOTAL,96.01,96.01,reported
2026-04-28,Parañaque City,KEROSENE,INDEPENDENT,137.7,137.7,reported
2026-04-28,Parañaque City,RON 100,PETRON,90.6,91.9,reported
2026-04-28,Parañaque City,RON 91,CALTEX,86.9,87.82,reported
2026-04-28,Parañaque City,RON 91,FLYING,77.0,79.5,reported
2026-04-28,Parañaque City,RON 91,INDEPENDENT,80.0,86.1,reported
2026-04-28,Parañaque City,RON 91,PETRON,79.6,80.9,reported
2026-04-28,Parañaque City,RON 91,SEAOIL,87.12,91.12,reported
2026-04-28,Parañaque City,RON 91,SHELL,84.9,91.5,reported
2026-04-28,Parañaque City,RON 91,TOTAL,88.32,88.32,reported
2026-04-28,Parañaque City,RON 91,UNIOIL,84.1,85.0,reported
2026-04-28,Parañaque City,RON 95,CALTEX,91.6,93.41,reported
2026-04-28,Parañaque City,RON 95,FLYING,78.0,80.5,reported
2026-04-28,Parañaque City,RON 95,INDEPENDENT,80.5,89.1,reported
2026-04-28,Parañaque City,RON 95,PETRON,80.6,81.9,reported
2026-04-28,Parañaque City,RON 95,SHELL,89.7,96.4,reported
2026-04-28,Parañaque City,RON 95,TOTAL,92.77,92.77,reported
2026-04-28,Parañaque City,RON 95,UNIOIL,87.1,88.0,reported
2026-04-28,Parañaque City,RON 97,SEAOIL,88.12,93.12,reported
2026-04-28,Parañaque City,RON 97,SHELL,96.5,100.4,reported
2026-04-28,Pasay City,DIESEL,CALTEX,92.92,97.32,reported
2026-04-28,Pasay City,DIESEL,INDEPENDENT,79.5,94.0,reported
2026-04-28,Pasay City,DIESEL,PETRON,80.6,83.1,reported
2026-04-28,Pasay City,DIESEL,PTT,81.56,87.5,reported
2026-04-28,Pasay City,DIESEL,SHELL,86.1,90.4,reported
2026-04-28,Pasay City,DIESEL,TOTAL,94.72,94.72,reported
2026-04-28,Pasay City,DIESEL PLUS,CALTEX,96.95,96.95,reported
2026-04-28,Pasay City,DIESEL PLUS,PETRON,86.1,86.1,reported
2026-04-28,Pasay City,DIESEL PLUS,PTT,90.5,90.5,reported
2026-04-28,Pasay City,DIESEL PLUS,SHELL,94.1,97.4,reported
2026-04-28,Pasay City,DIESEL PLUS,TOTAL,97.72,97.72,reported
2026-04-28,Pasay City,KEROSENE,CALTEX,146.32,146.32,reported
2026-04-28,Pasay City,KEROSENE,PETRON,132.0,132.0,reported
2026-04-28,Pasay City,RON 100,PETRON,92.6,94.1,reported
2026-04-28,Pasay City,RON 91,CALTEX,86.73,92.72,reported
2026-04-28,Pasay City,RON 91,INDEPENDENT,80.0,82.1,reported
2026-04-28,Pasay City,RON 91,PETRON,80.6,83.1,reported
2026-04-28,Pasay City,RON 91,PTT,81.1,84.8,reported
2026-04-28,Pasay City,RON 91,SHELL,84.9,87.2,reported
2026-04-28,Pasay City,RON 91,TOTAL,94.32,94.32,reported
2026-04-28,Pasay City,RON 95,CALTEX,91.81,99.99,reported
2026-04-28,Pasay City,RON 95,INDEPENDENT,81.0,83.1,reported
2026-04-28,Pasay City,RON 95,PETRON,81.6,84.1,reported
2026-04-28,Pasay City,RON 95,PTT,82.1,86.8,reported
2026-04-28,Pasay City,RON 95,SHELL,89.7,92.0,reported
2026-04-28,Pasay City,RON 95,TOTAL,95.82,95.82,reported
2026-04-28,Pasay City,RON 97,SHELL,93.8,94.6,reported
2026-04-28,Pasig City,DIESEL,CALTEX,81.48,93.11,reported
2026-04-28,Pasig City,DIESEL,FLYING,78.46,80.06,reported
2026-04-28,Pasig City,DIESEL,INDEPENDENT,85.3,99.5,reported
2026-04-28,Pasig City,DIESEL,PETRON,81.3,85.3,reported
2026-04-28,Pasig City,DIESEL,PHOENIX,81.01,89.0,reported
2026-04-28,Pasig City,DIESEL,SEAOIL,89.6,92.69,reported
2026-04-28,Pasig City,DIESEL,SHELL,83.5,92.0,reported
2026-04-28,Pasig City,DIESEL,TOTAL,81.01,81.01,reported
2026-04-28,Pasig City,DIESEL,UNIOIL,82.2,82.5,reported
2026-04-28,Pasig City,DIESEL PLUS,PETRON,84.3,90.2,reported
2026-04-28,Pasig City,DIESEL PLUS,SHELL,87.7,100.8,reported
2026-04-28,Pasig City,KEROSENE,PETRON,131.4,131.4,reported
2026-04-28,Pasig City,RON 100,PETRON,87.7,91.0,reported
2026-04-28,Pasig City,RON 91,CALTEX,82.65,85.12,reported
2026-04-28,Pasig City,RON 91,FLYING,77.0,79.2,reported
2026-04-28,Pasig City,RON 91,INDEPENDENT,78.8,81.7,reported
2026-04-28,Pasig City,RON 91,PETRON,77.7,80.0,reported
2026-04-28,Pasig City,RON 91,PHOENIX,80.0,84.72,reported
2026-04-28,Pasig City,RON 91,SEAOIL,82.09,86.2,reported
2026-04-28,Pasig City,RON 91,SHELL,83.4,87.1,reported
2026-04-28,Pasig City,RON 91,TOTAL,84.72,84.72,reported
2026-04-28,Pasig City,RON 91,UNIOIL,79.2,81.5,reported
2026-04-28,Pasig City,RON 95,CALTEX,87.1,95.77,reported
2026-04-28,Pasig City,RON 95,FLYING,78.0,80.9,reported
2026-04-28,Pasig City,RON 95,INDEPENDENT,79.8,82.7,reported
2026-04-28,Pasig City,RON 95,PETRON,78.7,81.0,reported
2026-04-28,Pasig City,RON 95,PHOENIX,81.0,82.2,reported
2026-04-28,Pasig City,RON 95,SHELL,93.1,95.9,reported
2026-04-28,Pasig City,RON 95,UNIOIL,82.2,84.5,reported
2026-04-28,Pasig City,RON 97,SEAOIL,83.09,90.1,reported
2026-04-28,Pasig City,RON 97,SHELL,94.4,97.0,reported
2026-04-28,Quezon City,DIESEL,CALTEX,87.2,92.0,reported
2026-04-28,Quezon City,DIESEL,FLYING,76.96,81.06,reported
2026-04-28,Quezon City,DIESEL,INDEPENDENT,79.0,85.0,reported
2026-04-28,Quezon City,DIESEL,PETRON,80.3,85.5,reported
2026-04-28,Quezon City,DIESEL,PHOENIX,85.0,85.8,reported
2026-04-28,Quezon City,DIESEL,SEAOIL,90.24,91.26,reported
2026-04-28,Quezon City,DIESEL,SHELL,84.4,89.3,reported
2026-04-28,Quezon City,DIESEL,UNIOIL,82.7,83.1,reported
2026-04-28,Quezon City,DIESEL PLUS,PETRON,83.3,88.6,reported
2026-04-28,Quezon City,DIESEL PLUS,SHELL,94.3,99.4,reported
2026-04-28,Quezon City,KEROSENE,PETRON,131.5,132.9,reported
2026-04-28,Quezon City,RON 100,PETRON,85.0,92.7,reported
2026-04-28,Quezon City,RON 91,CALTEX,80.0,90.0,reported
2026-04-28,Quezon City,RON 91,FLYING,71.0,80.0,reported
2026-04-28,Quezon City,RON 91,INDEPENDENT,71.0,77.4,reported
2026-04-28,Quezon City,RON 91,PETRON,74.0,81.7,reported
2026-04-28,Quezon City,RON 91,PHOENIX,81.1,82.3,reported
2026-04-28,Quezon City,RON 91,SEAOIL,83.12,83.49,reported
2026-04-28,Quezon City,RON 91,SHELL,82.4,88.4,reported
2026-04-28,Quezon City,RON 91,UNIOIL,79.6,87.2,reported
2026-04-28,Quezon City,RON 95,CALTEX,87.0,97.0,reported
2026-04-28,Quezon City,RON 95,FLYING,72.0,81.2,reported
2026-04-28,Quezon City,RON 95,INDEPENDENT,71.9,77.9,reported
2026-04-28,Quezon City,RON 95,PETRON,75.0,82.7,reported
2026-04-28,Quezon City,RON 95,PHOENIX,82.1,83.4,reported
2026-04-28,Quezon City,RON 95,SHELL,92.9,96.4,reported
2026-04-28,Quezon City,RON 95,UNIOIL,82.6,90.2,reported
2026-04-28,Quezon City,RON 97,SEAOIL,84.12,84.49,reported
2026-04-28,Quezon City,RON 97,SHELL,90.7,102.4,reported
2026-04-28,Quezon City,RON 97,UNIOIL,87.1,94.7,reported
2026-04-28,Taguig Cty,DIESEL,CALTEX,87.15,96.82,reported
2026-04-28,Taguig Cty,DIESEL,FLYING,78.06,78.36,reported
2026-04-28,Taguig Cty,DIESEL,INDEPENDENT,89.1,95.89,reported
2026-04-28,Taguig Cty,DIESEL,PETRON,79.1,81.2,reported
2026-04-28,Taguig Cty,DIESEL,SEAOIL,91.56,91.56,reported
2026-04-28,Taguig Cty,DIESEL,SHELL,85.0,86.9,reported
2026-04-28,Taguig Cty,DIESEL PLUS,CALTEX,104.82,104.82,reported
2026-04-28,Taguig Cty,DIESEL PLUS,PETRON,82.1,84.2,reported
2026-04-28,Taguig Cty,DIESEL PLUS,SHELL,93.8,96.9,reported
2026-04-28,Taguig Cty,KEROSENE,CALTEX,136.0,147.98,reported
2026-04-28,Taguig Cty,RON 100,PETRON,88.6,89.6,reported
2026-04-28,Taguig Cty,RON 91,CALTEX,77.5,90.92,reported
2026-04-28,Taguig Cty,RON 91,FLYING,76.59,77.5,reported
2026-04-28,Taguig Cty,RON 91,INDEPENDENT,78.9,86.59,reported
2026-04-28,Taguig Cty,RON 91,PETRON,77.6,79.1,reported
2026-04-28,Taguig Cty,RON 91,SEAOIL,83.53,83.53,reported
2026-04-28,Taguig Cty,RON 91,SHELL,80.9,85.6,reported
2026-04-28,Taguig Cty,RON 95,CALTEX,78.6,97.22,reported
2026-04-28,Taguig Cty,RON 95,FLYING,77.6,78.6,reported
2026-04-28,Taguig Cty,RON 95,INDEPENDENT,79.9,86.99,reported
2026-04-28,Taguig Cty,RON 95,PETRON,78.6,80.1,reported
2026-04-28,Taguig Cty,RON 95,SEAOIL,85.63,85.63,reported
2026-04-28,Taguig Cty,RON 95,SHELL,89.0,94.4,reported
2026-04-28,Taguig Cty,RON 97,SHELL,91.0,95.5,reported
2026-04-28,Valenzuela City,DIESEL,FLYING,79.22,86.46,reported
2026-04-28,Valenzuela City,DIESEL,INDEPENDENT,84.0,85.4,reported
2026-04-28,Valenzuela City,DIESEL,SHELL,84.9,90.5,reported
2026-04-28,Valenzuela City,DIESEL PLUS,SHELL,98.7,100.1,reported
2026-04-28,Valenzuela City,RON 91,FLYING,76.69,83.0,reported
2026-04-28,Valenzuela City,RON 91,INDEPENDENT,75.0,82.5,reported
2026-04-28,Valenzuela City,RON 91,SHELL,89.49,90.8,reported
2026-04-28,Valenzuela City,RON 95,FLYING,77.29,84.0,reported
2026-04-28,Valenzuela City,RON 95,INDEPENDENT,71.9,83.5,reported
2026-04-28,Valenzuela City,RON 95,SHELL,94.5,96.6,reported
2026-04-28,Valenzuela City,RON 97,SHELL,98.6,100.7,reported
2026-05-05,Caloocan City,DIESEL,CALTEX,90.6,90.6,reported
2026-05-05,Caloocan City,DIESEL,FLYING,80.96,82.96,reported
2026-05-05,Caloocan City,DIESEL,INDEPENDENT,82.0,85.0,reported
2026-05-05,Caloocan City,DIESEL,PETRON,82.0,85.9,reported
2026-05-05,Caloocan City,DIESEL,SEAOIL,85.0,85.9,reported
2026-05-05,Caloocan City,DIESEL,SHELL,87.3,89.5,reported
2026-05-05,Caloocan City,DIESEL,UNIOIL,88.8,88.8,reported
2026-05-05,Caloocan City,DIESEL PLUS,PETRON,88.9,88.9,reported
2026-05-05,Caloocan City,DIESEL PLUS,SHELL,96.7,99.4,reported
2026-05-05,Caloocan City,KEROSENE,PETRON,126.7,127.8,reported
2026-05-05,Caloocan City,RON 91,CALTEX,89.1,89.1,reported
2026-05-05,Caloocan City,RON 91,FLYING,74.71,79.31,reported
2026-05-05,Caloocan City,RON 91,INDEPENDENT,72.0,80.9,reported
2026-05-05,Caloocan City,RON 91,PETRON,75.7,84.5,reported
2026-05-05,Caloocan City,RON 91,SEAOIL,74.71,84.5,reported
2026-05-05,Caloocan City,RON 91,SHELL,83.3,87.8,reported
2026-05-05,Caloocan City,RON 91,UNIOIL,86.3,86.3,reported
2026-05-05,Caloocan City,RON 95,CALTEX,97.9,97.9,reported
2026-05-05,Caloocan City,RON 95,FLYING,75.71,80.31,reported
2026-05-05,Caloocan City,RON 95,INDEPENDENT,73.0,81.4,reported
2026-05-05,Caloocan City,RON 95,PETRON,76.7,85.5,reported
2026-05-05,Caloocan City,RON 95,SHELL,93.1,95.7,reported
2026-05-05,Caloocan City,RON 95,UNIOIL,89.3,89.3,reported
2026-05-05,Caloocan City,RON 97,SEAOIL,75.71,85.5,reported
2026-05-05,Caloocan City,RON 97,SHELL,104.7,105.2,reported
2026-05-05,Makati City,DIESEL,CALTEX,86.36,92.5,reported
2026-05-05,Makati City,DIESEL,INDEPENDENT,84.6,84.6,reported
2026-05-05,Makati City,DIESEL,PETRON,85.9,86.4,reported
2026-05-05,Makati City,DIESEL,PHOENIX,87.66,87.66,reported
2026-05-05,Makati City,DIESEL,SHELL,87.5,88.0,reported
2026-05-05,Makati City,DIESEL,UNIOIL,86.8,86.9,reported
2026-05-05,Makati City,DIESEL PLUS,CALTEX,91.77,100.5,reported
2026-05-05,Makati City,DIESEL PLUS,PETRON,88.9,89.4,reported
2026-05-05,Makati City,DIESEL PLUS,SHELL,95.5,96.0,reported
2026-05-05,Makati City,RON 100,PETRON,92.7,94.1,reported
2026-05-05,Makati City,RON 91,CALTEX,83.21,87.6,reported
2026-05-05,Makati City,RON 91,INDEPENDENT,82.3,82.3,reported
2026-05-05,Makati City,RON 91,PETRON,81.7,83.1,reported
2026-05-05,Makati City,RON 91,PHOENIX,82.71,82.71,reported
2026-05-05,Makati City,RON 91,SHELL,84.8,87.6,reported
2026-05-05,Makati City,RON 91,UNIOIL,83.2,85.9,reported
2026-05-05,Makati City,RON 95,CALTEX,84.31,92.4,reported
2026-05-05,Makati City,RON 95,INDEPENDENT,82.8,82.8,reported
2026-05-05,Makati City,RON 95,PETRON,82.7,84.1,reported
2026-05-05,Makati City,RON 95,PHOENIX,85.71,85.71,reported
2026-05-05,Makati City,RON 95,SHELL,89.6,92.4,reported
2026-05-05,Makati City,RON 95,UNIOIL,86.2,88.9,reported
2026-05-05,Makati City,RON 97,PHOENIX,94.51,94.51,reported
2026-05-05,Makati City,RON 97,SHELL,93.7,96.5,reported
2026-05-05,Manila City,DIESEL,CALTEX,90.96,99.21,reported
2026-05-05,Manila City,DIESEL,FLYING,85.96,87.26,reported
2026-05-05,Manila City,DIESEL,INDEPENDENT,84.96,87.0,reported
2026-05-05,Manila City,DIESEL,PETRON,84.0,90.0,reported
2026-05-05,Manila City,DIESEL,SEAOIL,84.86,92.26,reported
2026-05-05,Manila City,DIESEL,SHELL,89.5,92.2,reported
2026-05-05,Manila City,DIESEL,TOTAL,89.92,94.66,reported
2026-05-05,Manila City,DIESEL PLUS,PETRON,87.0,93.0,reported
2026-05-05,Manila City,DIESEL PLUS,SHELL,98.5,100.6,reported
2026-05-05,Manila City,DIESEL PLUS,TOTAL,90.92,90.92,reported
2026-05-05,Manila City,KEROSENE,INDEPENDENT,150.0,150.0,reported
2026-05-05,Manila City,KEROSENE,PETRON,127.5,127.8,reported
2026-05-05,Manila City,RON 100,PETRON,87.9,95.4,reported
2026-05-05,Manila City,RON 91,CALTEX,84.21,90.7,reported
2026-05-05,Manila City,RON 91,FLYING,79.71,81.91,reported
2026-05-05,Manila City,RON 91,INDEPENDENT,78.0,81.1,reported
2026-05-05,Manila City,RON 91,PETRON,76.9,84.4,reported
2026-05-05,Manila City,RON 91,SEAOIL,78.71,83.21,reported
2026-05-05,Manila City,RON 91,SHELL,87.3,88.2,reported
2026-05-05,Manila City,RON 91,TOTAL,84.24,85.94,reported
2026-05-05,Manila City,RON 95,CALTEX,88.99,94.7,reported
2026-05-05,Manila City,RON 95,FLYING,80.71,82.91,reported
2026-05-05,Manila City,RON 95,INDEPENDENT,79.0,82.1,reported
2026-05-05,Manila City,RON 95,PETRON,77.9,85.4,reported
2026-05-05,Manila City,RON 95,SHELL,92.4,94.8,reported
2026-05-05,Manila City,RON 95,TOTAL,86.74,86.94,reported
2026-05-05,Manila City,RON 97,SEAOIL,79.71,84.23,reported
2026-05-05,Manila City,RON 97,SHELL,96.5,106.5,reported
2026-05-05,Marikina City,DIESEL,FLYING,81.66,83.66,reported
2026-05-05,Marikina City,DIESEL,INDEPENDENT,82.7,84.96,reported
2026-05-05,Marikina City,DIESEL,PETRON,82.8,82.8,reported
2026-05-05,Marikina City,DIESEL,SEAOIL,84.95,84.95,reported
2026-05-05,Marikina City,DIESEL,SHELL,88.3,88.3,reported
2026-05-05,Marikina City,DIESEL,UNIOIL,86.7,86.7,reported
2026-05-05,Marikina City,DIESEL PLUS,PETRON,85.8,85.8,reported
2026-05-05,Marikina City,DIESEL PLUS,SHELL,97.6,97.9,reported
2026-05-05,Marikina City,KEROSENE,PETRON,125.0,125.0,reported
2026-05-05,Marikina City,RON 100,PETRON,92.7,92.7,reported
2026-05-05,Marikina City,RON 91,FLYING,79.81,80.71,reported
2026-05-05,Marikina City,RON 91,INDEPENDENT,77.7,79.11,reported
2026-05-05,Marikina City,RON 91,PETRON,81.7,81.7,reported
2026-05-05,Marikina City,RON 91,SEAOIL,77.71,77.71,reported
2026-05-05,Marikina City,RON 91,SHELL,84.2,84.7,reported
2026-05-05,Marikina City,RON 91,UNIOIL,78.8,78.8,reported
2026-05-05,Marikina City,RON 95,FLYING,80.81,81.71,reported
2026-05-05,Marikina City,RON 95,INDEPENDENT,78.7,80.11,reported
2026-05-05,Marikina City,RON 95,PETRON,82.7,82.7,reported
2026-05-05,Marikina City,RON 95,SHELL,94.1,94.6,reported
2026-05-05,Marikina City,RON 95,UNIOIL,81.8,81.8,reported
2026-05-05,Marikina City,RON 97,SEAOIL,78.71,78.71,reported
2026-05-05,Marikina City,RON 97,SHELL,102.1,102.4,reported
2026-05-05,Muntinlupa City,DIESEL,CALTEX,92.3,93.19,reported
2026-05-05,Muntinlupa City,DIESEL,FLYING,83.56,83.56,reported
2026-05-05,Muntinlupa City,DIESEL,PETRON,84.6,88.8,reported
2026-05-05,Muntinlupa City,DIESEL,PHOENIX,88.8,89.11,reported
2026-05-05,Muntinlupa City,DIESEL,SEAOIL,84.63,94.09,reported
2026-05-05,Muntinlupa City,DIESEL,SHELL,89.5,94.5,reported
2026-05-05,Muntinlupa City,DIESEL,TOTAL,92.82,92.82,reported
2026-05-05,Muntinlupa City,DIESEL,UNIOIL,87.5,87.5,reported
2026-05-05,Muntinlupa City,DIESEL PLUS,PETRON,87.6,91.8,reported
2026-05-05,Muntinlupa City,DIESEL PLUS,SHELL,97.7,100.8,reported
2026-05-05,Muntinlupa City,DIESEL PLUS,TOTAL,95.82,95.82,reported
2026-05-05,Muntinlupa City,KEROSENE,CALTEX,128.11,128.11,reported
2026-05-05,Muntinlupa City,KEROSENE,SEAOIL,126.18,126.18,reported
2026-05-05,Muntinlupa City,RON 100,PETRON,93.1,95.2,reported
2026-05-05,Muntinlupa City,RON 91,CALTEX,85.93,87.91,reported
2026-05-05,Muntinlupa City,RON 91,FLYING,81.91,81.91,reported
2026-05-05,Muntinlupa City,RON 91,PETRON,82.1,84.2,reported
2026-05-05,Muntinlupa City,RON 91,PHOENIX,87.33,88.6,reported
2026-05-05,Muntinlupa City,RON 91,SEAOIL,81.51,86.8,reported
2026-05-05,Muntinlupa City,RON 91,SHELL,86.9,94.7,reported
2026-05-05,Muntinlupa City,RON 91,TOTAL,92.94,92.94,reported
2026-05-05,Muntinlupa City,RON 91,UNIOIL,85.3,85.3,reported
2026-05-05,Muntinlupa City,RON 95,CALTEX,91.54,91.74,reported
2026-05-05,Muntinlupa City,RON 95,FLYING,82.91,82.91,reported
2026-05-05,Muntinlupa City,RON 95,PETRON,83.1,85.2,reported
2026-05-05,Muntinlupa City,RON 95,PHOENIX,89.6,92.13,reported
2026-05-05,Muntinlupa City,RON 95,SHELL,92.6,99.9,reported
2026-05-05,Muntinlupa City,RON 95,TOTAL,93.94,93.94,reported
2026-05-05,Muntinlupa City,RON 95,UNIOIL,88.3,88.3,reported
2026-05-05,Muntinlupa City,RON 97,SEAOIL,82.51,88.6,reported
2026-05-05,Muntinlupa City,RON 97,SHELL,96.6,103.6,reported
2026-05-05,Navotas City,DIESEL,CALTEX,89.5,89.5,reported
2026-05-05,Navotas City,DIESEL,FLYING,84.76,84.76,reported
2026-05-05,Navotas City,RON 91,CALTEX,92.0,92.0,reported
2026-05-05,Navotas City,RON 91,FLYING,83.51,83.51,reported
2026-05-05,Navotas City,RON 95,CALTEX,94.6,94.6,reported
2026-05-05,Navotas City,RON 95,FLYING,84.51,84.51,reported
2026-05-05,Parañaque City,DIESEL,CALTEX,88.02,88.62,reported
2026-05-05,Parañaque City,DIESEL,FLYING,82.92,82.96,reported
2026-05-05,Parañaque City,DIESEL,INDEPENDENT,82.6,89.5,reported
2026-05-05,Parañaque City,DIESEL,PETRON,84.0,86.0,reported
2026-05-05,Parañaque City,DIESEL,SEAOIL,84.63,89.06,reported
2026-05-05,Parañaque City,DIESEL,SHELL,90.0,93.5,reported
2026-05-05,Parañaque City,DIESEL,TOTAL,95.67,95.67,reported
2026-05-05,Parañaque City,DIESEL,UNIOIL,85.1,85.8,reported
2026-05-05,Parañaque City,DIESEL PLUS,CALTEX,91.02,91.22,reported
2026-05-05,Parañaque City,DIESEL PLUS,PETRON,87.0,89.0,reported
2026-05-05,Parañaque City,DIESEL PLUS,SHELL,98.0,101.5,reported
2026-05-05,Parañaque City,DIESEL PLUS,TOTAL,99.47,99.47,reported
2026-05-05,Parañaque City,KEROSENE,INDEPENDENT,135.7,135.7,reported
2026-05-05,Parañaque City,RON 100,PETRON,92.8,94.1,reported
2026-05-05,Parañaque City,RON 91,CALTEX,89.23,90.03,reported
2026-05-05,Parañaque City,RON 91,FLYING,79.21,81.71,reported
2026-05-05,Parañaque City,RON 91,INDEPENDENT,82.2,88.3,reported
2026-05-05,Parañaque City,RON 91,PETRON,81.8,83.1,reported
2026-05-05,Parañaque City,RON 91,SEAOIL,82.71,85.71,reported
2026-05-05,Parañaque City,RON 91,SHELL,87.1,90.3,reported
2026-05-05,Parañaque City,RON 91,TOTAL,90.53,90.53,reported
2026-05-05,Parañaque City,RON 91,UNIOIL,84.8,85.7,reported
2026-05-05,Parañaque City,RON 95,CALTEX,93.81,95.62,reported
2026-05-05,Parañaque City,RON 95,FLYING,80.21,82.71,reported
2026-05-05,Parañaque City,RON 95,INDEPENDENT,82.7,91.3,reported
2026-05-05,Parañaque City,RON 95,PETRON,82.8,84.1,reported
2026-05-05,Parañaque City,RON 95,SHELL,91.9,98.6,reported
2026-05-05,Parañaque City,RON 95,TOTAL,94.98,94.98,reported
2026-05-05,Parañaque City,RON 95,UNIOIL,87.8,88.7,reported
2026-05-05,Parañaque City,RON 97,SEAOIL,83.71,86.71,reported
2026-05-05,Parañaque City,RON 97,SHELL,98.7,102.6,reported
2026-05-05,Pasay City,DIESEL,CALTEX,87.96,90.76,reported
2026-05-05,Pasay City,DIESEL,INDEPENDENT,83.91,87.6,reported
2026-05-05,Pasay City,DIESEL,PETRON,83.3,85.8,reported
2026-05-05,Pasay City,DIESEL,PTT,84.22,85.8,reported
2026-05-05,Pasay City,DIESEL,SHELL,88.7,92.2,reported
2026-05-05,Pasay City,DIESEL,TOTAL,97.38,97.38,reported
2026-05-05,Pasay City,DIESEL PLUS,CALTEX,90.96,90.96,reported
2026-05-05,Pasay City,DIESEL PLUS,PETRON,88.8,88.8,reported
2026-05-05,Pasay City,DIESEL PLUS,PTT,86.8,86.8,reported
2026-05-05,Pasay City,DIESEL PLUS,SHELL,96.7,100.0,reported
2026-05-05,Pasay City,DIESEL PLUS,TOTAL,100.4,100.4,reported
2026-05-05,Pasay City,KEROSENE,CALTEX,142.79,142.79,reported
2026-05-05,Pasay City,KEROSENE,PETRON,128.5,128.5,reported
2026-05-05,Pasay City,RON 100,PETRON,94.8,96.9,reported
2026-05-05,Pasay City,RON 91,CALTEX,88.71,89.41,reported
2026-05-05,Pasay City,RON 91,INDEPENDENT,82.21,82.8,reported
2026-05-05,Pasay City,RON 91,PETRON,82.8,85.9,reported
2026-05-05,Pasay City,RON 91,PTT,83.31,85.3,reported
2026-05-05,Pasay City,RON 91,SHELL,87.1,89.4,reported
2026-05-05,Pasay City,RON 91,TOTAL,96.53,96.53,reported
2026-05-05,Pasay City,RON 95,CALTEX,94.21,94.28,reported
2026-05-05,Pasay City,RON 95,INDEPENDENT,83.21,83.8,reported
2026-05-05,Pasay City,RON 95,PETRON,83.8,86.9,reported
2026-05-05,Pasay City,RON 95,PTT,84.31,86.0,reported
2026-05-05,Pasay City,RON 95,SHELL,91.9,94.2,reported
2026-05-05,Pasay City,RON 95,TOTAL,98.03,98.03,reported
2026-05-05,Pasay City,RON 97,SHELL,96.0,96.8,reported
2026-05-05,Pasig City,DIESEL,CALTEX,84.14,95.77,reported
2026-05-05,Pasig City,DIESEL,FLYING,81.46,85.36,reported
2026-05-05,Pasig City,DIESEL,INDEPENDENT,81.3,95.36,reported
2026-05-05,Pasig City,DIESEL,PETRON,82.7,86.5,reported
2026-05-05,Pasig City,DIESEL,PHOENIX,83.67,89.0,reported
2026-05-05,Pasig City,DIESEL,SEAOIL,85.96,87.16,reported
2026-05-05,Pasig City,DIESEL,SHELL,86.1,94.5,reported
2026-05-05,Pasig City,DIESEL,TOTAL,83.67,83.67,reported
2026-05-05,Pasig City,DIESEL,UNIOIL,84.5,85.1,reported
2026-05-05,Pasig City,DIESEL PLUS,PETRON,85.7,89.5,reported
2026-05-05,Pasig City,DIESEL PLUS,SHELL,90.3,103.4,reported
2026-05-05,Pasig City,KEROSENE,PETRON,127.9,127.9,reported
2026-05-05,Pasig City,RON 100,PETRON,90.7,92.4,reported
2026-05-05,Pasig City,RON 91,CALTEX,84.86,86.83,reported
2026-05-05,Pasig City,RON 91,FLYING,79.21,81.21,reported
2026-05-05,Pasig City,RON 91,INDEPENDENT,80.0,81.41,reported
2026-05-05,Pasig City,RON 91,PETRON,79.7,81.6,reported
2026-05-05,Pasig City,RON 91,PHOENIX,79.7,86.93,reported
2026-05-05,Pasig City,RON 91,SEAOIL,81.21,81.91,reported
2026-05-05,Pasig City,RON 91,SHELL,85.2,87.9,reported
2026-05-05,Pasig City,RON 91,TOTAL,86.93,86.93,reported
2026-05-05,Pasig City,RON 91,UNIOIL,81.4,82.4,reported
2026-05-05,Pasig City,RON 95,CALTEX,89.31,97.98,reported
2026-05-05,Pasig City,RON 95,FLYING,80.21,82.21,reported
2026-05-05,Pasig City,RON 95,INDEPENDENT,81.0,84.31,reported
2026-05-05,Pasig City,RON 95,PETRON,80.7,82.4,reported
2026-05-05,Pasig City,RON 95,PHOENIX,80.7,82.4,reported
2026-05-05,Pasig City,RON 95,SHELL,94.8,97.5,reported
2026-05-05,Pasig City,RON 95,UNIOIL,84.4,85.4,reported
2026-05-05,Pasig City,RON 97,SEAOIL,83.41,84.51,reported
2026-05-05,Pasig City,RON 97,SHELL,96.4,97.8,reported
2026-05-05,Quezon City,DIESEL,CALTEX,90.0,94.7,reported
2026-05-05,Quezon City,DIESEL,FLYING,81.96,84.16,reported
2026-05-05,Quezon City,DIESEL,INDEPENDENT,83.9,85.0,reported
2026-05-05,Quezon City,DIESEL,PETRON,83.0,86.3,reported
2026-05-05,Quezon City,DIESEL,PHOENIX,87.7,88.5,reported
2026-05-05,Quezon City,DIESEL,PTT,87.5,87.5,reported
2026-05-05,Quezon City,DIESEL,SEAOIL,84.98,84.99,reported
2026-05-05,Quezon City,DIESEL,SHELL,87.0,89.4,reported
2026-05-05,Quezon City,DIESEL,UNIOIL,85.2,85.3,reported
2026-05-05,Quezon City,DIESEL PLUS,PETRON,86.0,91.3,reported
2026-05-05,Quezon City,DIESEL PLUS,SHELL,96.3,99.3,reported
2026-05-05,Quezon City,KEROSENE,PETRON,128.0,129.4,reported
2026-05-05,Quezon City,RON 100,PETRON,87.2,94.9,reported
2026-05-05,Quezon City,RON 91,CALTEX,88.3,92.2,reported
2026-05-05,Quezon City,RON 91,FLYING,75.21,79.31,reported
2026-05-05,Quezon City,RON 91,INDEPENDENT,73.21,79.31,reported
2026-05-05,Quezon City,RON 91,PETRON,76.2,83.9,reported
2026-05-05,Quezon City,RON 91,PHOENIX,83.31,84.6,reported
2026-05-05,Quezon City,RON 91,PTT,81.5,81.5,reported
2026-05-05,Quezon City,RON 91,SEAOIL,79.51,81.11,reported
2026-05-05,Quezon City,RON 91,SHELL,83.2,89.0,reported
2026-05-05,Quezon City,RON 91,UNIOIL,79.2,84.5,reported
2026-05-05,Quezon City,RON 95,CALTEX,97.5,99.2,reported
2026-05-05,Quezon City,RON 95,FLYING,76.21,80.31,reported
2026-05-05,Quezon City,RON 95,INDEPENDENT,74.11,80.31,reported
2026-05-05,Quezon City,RON 95,PETRON,77.2,84.9,reported
2026-05-05,Quezon City,RON 95,PHOENIX,84.31,85.7,reported
2026-05-05,Quezon City,RON 95,PTT,83.0,83.0,reported
2026-05-05,Quezon City,RON 95,SHELL,91.7,97.6,reported
2026-05-05,Quezon City,RON 95,UNIOIL,82.2,87.5,reported
2026-05-05,Quezon City,RON 97,SEAOIL,80.51,82.11,reported
2026-05-05,Quezon City,RON 97,SHELL,91.9,98.5,reported
2026-05-05,Quezon City,RON 97,UNIOIL,87.2,94.7,reported
2026-05-05,Taguig Cty,DIESEL,CALTEX,87.15,99.48,reported
2026-05-05,Taguig Cty,DIESEL,FLYING,80.76,81.02,reported
2026-05-05,Taguig Cty,DIESEL,INDEPENDENT,87.65,95.89,reported
2026-05-05,Taguig Cty,DIESEL,PETRON,81.8,83.9,reported
2026-05-05,Taguig Cty,DIESEL,SEAOIL,84.85,84.85,reported
2026-05-05,Taguig Cty,DIESEL,SHELL,87.6,89.5,reported
2026-05-05,Taguig Cty,DIESEL PLUS,CALTEX,96.86,96.86,reported
2026-05-05,Taguig Cty,DIESEL PLUS,PETRON,84.8,86.9,reported
2026-05-05,Taguig Cty,DIESEL PLUS,SHELL,95.2,96.8,reported
2026-05-05,Taguig Cty,KEROSENE,CALTEX,132.15,144.45,reported
2026-05-05,Taguig Cty,RON 100,PETRON,90.8,91.8,reported
2026-05-05,Taguig Cty,RON 91,CALTEX,80.3,88.81,reported
2026-05-05,Taguig Cty,RON 91,FLYING,78.8,80.31,reported
2026-05-05,Taguig Cty,RON 91,INDEPENDENT,79.2,86.59,reported
2026-05-05,Taguig Cty,RON 91,PETRON,79.8,81.3,reported
2026-05-05,Taguig Cty,RON 91,SEAOIL,79.41,79.41,reported
2026-05-05,Taguig Cty,RON 91,SHELL,83.1,87.8,reported
2026-05-05,Taguig Cty,RON 95,CALTEX,81.3,98.61,reported
2026-05-05,Taguig Cty,RON 95,FLYING,79.81,81.31,reported
2026-05-05,Taguig Cty,RON 95,INDEPENDENT,80.2,87.2,reported
2026-05-05,Taguig Cty,RON 95,PETRON,80.8,82.3,reported
2026-05-05,Taguig Cty,RON 95,SEAOIL,79.91,79.91,reported
2026-05-05,Taguig Cty,RON 95,SHELL,91.2,96.6,reported
2026-05-05,Taguig Cty,RON 97,SHELL,93.2,97.7,reported
2026-05-05,Valenzuela City,DIESEL,FLYING,81.88,88.66,reported
2026-05-05,Valenzuela City,DIESEL,INDEPENDENT,81.6,84.0,reported
2026-05-05,Valenzuela City,DIESEL,SHELL,87.5,93.1,reported
2026-05-05,Valenzuela City,DIESEL PLUS,SHELL,101.3,102.7,reported
2026-05-05,Valenzuela City,RON 91,FLYING,78.9,84.51,reported
2026-05-05,Valenzuela City,RON 91,INDEPENDENT,74.0,81.2,reported
2026-05-05,Valenzuela City,RON 91,SHELL,91.5,91.6,reported
2026-05-05,Valenzuela City,RON 95,FLYING,79.5,85.51,reported
2026-05-05,Valenzuela City,RON 95,INDEPENDENT,73.0,82.2,reported
2026-05-05,Valenzuela City,RON 95,SHELL,92.5,97.8,reported
2026-05-05,Valenzuela City,RON 97,SHELL,100.8,102.9,reported
2026-05-12,Caloocan City,DIESEL,CALTEX,80.7,80.7,reported
2026-05-12,Caloocan City,DIESEL,FLYING,71.43,73.43,reported
2026-05-12,Caloocan City,DIESEL,INDEPENDENT,74.0,76.6,reported
2026-05-12,Caloocan City,DIESEL,PETRON,76.4,78.9,reported
2026-05-12,Caloocan City,DIESEL,SEAOIL,75.43,77.8,reported
2026-05-12,Caloocan City,DIESEL,SHELL,77.7,79.9,reported
2026-05-12,Caloocan City,DIESEL,UNIOIL,77.8,77.8,reported
2026-05-12,Caloocan City,DIESEL PLUS,PETRON,81.9,81.9,reported
2026-05-12,Caloocan City,DIESEL PLUS,SHELL,87.1,89.1,reported
2026-05-12,Caloocan City,KEROSENE,PETRON,113.4,115.1,reported
2026-05-12,Caloocan City,RON 91,CALTEX,88.9,88.9,reported
2026-05-12,Caloocan City,RON 91,FLYING,75.17,79.77,reported
2026-05-12,Caloocan City,RON 91,INDEPENDENT,71.4,81.3,reported
2026-05-12,Caloocan City,RON 91,PETRON,77.3,86.1,reported
2026-05-12,Caloocan City,RON 91,SEAOIL,75.18,84.97,reported
2026-05-12,Caloocan City,RON 91,SHELL,83.7,87.2,reported
2026-05-12,Caloocan City,RON 91,UNIOIL,83.3,83.3,reported
2026-05-12,Caloocan City,RON 95,CALTEX,97.1,97.1,reported
2026-05-12,Caloocan City,RON 95,FLYING,76.17,80.77,reported
2026-05-12,Caloocan City,RON 95,INDEPENDENT,71.8,81.8,reported
2026-05-12,Caloocan City,RON 95,PETRON,78.3,87.1,reported
2026-05-12,Caloocan City,RON 95,SHELL,89.05,93.1,reported
2026-05-12,Caloocan City,RON 95,UNIOIL,86.3,86.3,reported
2026-05-12,Caloocan City,RON 97,SEAOIL,76.18,85.97,reported
2026-05-12,Caloocan City,RON 97,SHELL,105.1,105.6,reported
2026-05-12,Makati City,DIESEL,CALTEX,76.73,79.93,reported
2026-05-12,Makati City,DIESEL,INDEPENDENT,76.6,76.6,reported
2026-05-12,Makati City,DIESEL,PETRON,77.2,77.7,reported
2026-05-12,Makati City,DIESEL,PHOENIX,77.43,77.43,reported
2026-05-12,Makati City,DIESEL,SHELL,77.9,78.4,reported
2026-05-12,Makati City,DIESEL,UNIOIL,77.2,77.3,reported
2026-05-12,Makati City,DIESEL PLUS,CALTEX,80.7,89.33,reported
2026-05-12,Makati City,DIESEL PLUS,PETRON,80.2,80.7,reported
2026-05-12,Makati City,DIESEL PLUS,SHELL,85.9,86.9,reported
2026-05-12,Makati City,RON 100,PETRON,93.0,94.3,reported
2026-05-12,Makati City,RON 91,CALTEX,83.67,89.07,reported
2026-05-12,Makati City,RON 91,INDEPENDENT,80.17,80.17,reported
2026-05-12,Makati City,RON 91,PETRON,82.0,83.3,reported
2026-05-12,Makati City,RON 91,PHOENIX,83.27,83.27,reported
2026-05-12,Makati City,RON 91,SHELL,85.2,88.0,reported
2026-05-12,Makati City,RON 91,UNIOIL,82.2,84.7,reported
2026-05-12,Makati City,RON 95,CALTEX,84.77,92.77,reported
2026-05-12,Makati City,RON 95,INDEPENDENT,81.2,81.2,reported
2026-05-12,Makati City,RON 95,PETRON,83.0,84.3,reported
2026-05-12,Makati City,RON 95,PHOENIX,84.27,84.27,reported
2026-05-12,Makati City,RON 95,SHELL,90.0,92.8,reported
2026-05-12,Makati City,RON 95,UNIOIL,85.2,87.7,reported
2026-05-12,Makati City,RON 97,PHOENIX,95.07,95.07,reported
2026-05-12,Makati City,RON 97,SHELL,94.1,96.9,reported
2026-05-12,Manila City,DIESEL,CALTEX,81.33,82.6,reported
2026-05-12,Manila City,DIESEL,FLYING,76.23,76.43,reported
2026-05-12,Manila City,DIESEL,INDEPENDENT,76.32,79.2,reported
2026-05-12,Manila City,DIESEL,PETRON,75.3,81.3,reported
2026-05-12,Manila City,DIESEL,SEAOIL,75.29,82.69,reported
2026-05-12,Manila City,DIESEL,SHELL,79.9,82.6,reported
2026-05-12,Manila City,DIESEL,TOTAL,79.35,85.09,reported
2026-05-12,Manila City,DIESEL PLUS,PETRON,78.3,84.3,reported
2026-05-12,Manila City,DIESEL PLUS,SHELL,88.9,91.0,reported
2026-05-12,Manila City,DIESEL PLUS,TOTAL,81.35,81.35,reported
2026-05-12,Manila City,KEROSENE,INDEPENDENT,150.0,150.0,reported
2026-05-12,Manila City,KEROSENE,PETRON,114.2,114.5,reported
2026-05-12,Manila City,RON 100,PETRON,89.4,92.0,reported
2026-05-12,Manila City,RON 91,CALTEX,84.67,86.9,reported
2026-05-12,Manila City,RON 91,FLYING,78.47,80.17,reported
2026-05-12,Manila City,RON 91,INDEPENDENT,78.0,80.0,reported
2026-05-12,Manila City,RON 91,PETRON,78.4,81.0,reported
2026-05-12,Manila City,RON 91,SEAOIL,79.18,83.68,reported
2026-05-12,Manila City,RON 91,SHELL,86.9,88.6,reported
2026-05-12,Manila City,RON 91,TOTAL,84.71,86.41,reported
2026-05-12,Manila City,RON 95,CALTEX,88.99,91.0,reported
2026-05-12,Manila City,RON 95,FLYING,79.47,81.17,reported
2026-05-12,Manila City,RON 95,INDEPENDENT,78.95,81.0,reported
2026-05-12,Manila City,RON 95,PETRON,79.4,82.0,reported
2026-05-12,Manila City,RON 95,SHELL,92.8,97.4,reported
2026-05-12,Manila City,RON 95,TOTAL,87.21,87.41,reported
2026-05-12,Manila City,RON 97,SEAOIL,80.18,84.63,reported
2026-05-12,Manila City,RON 97,SHELL,96.9,106.9,reported
2026-05-12,Marikina City,DIESEL,FLYING,72.09,74.3,reported
2026-05-12,Marikina City,DIESEL,INDEPENDENT,72.3,76.2,reported
2026-05-12,Marikina City,DIESEL,PETRON,75.5,75.5,reported
2026-05-12,Marikina City,DIESEL,SEAOIL,75.38,75.38,reported
2026-05-12,Marikina City,DIESEL,SHELL,78.7,78.7,reported
2026-05-12,Marikina City,DIESEL,UNIOIL,77.1,77.1,reported
2026-05-12,Marikina City,DIESEL PLUS,PETRON,78.5,78.5,reported
2026-05-12,Marikina City,DIESEL PLUS,SHELL,86.3,87.4,reported
2026-05-12,Marikina City,KEROSENE,PETRON,125.0,125.0,reported
2026-05-12,Marikina City,RON 100,PETRON,96.1,96.1,reported
2026-05-12,Marikina City,RON 91,FLYING,77.77,81.18,reported
2026-05-12,Marikina City,RON 91,INDEPENDENT,75.4,79.5,reported
2026-05-12,Marikina City,RON 91,PETRON,85.1,85.1,reported
2026-05-12,Marikina City,RON 91,SEAOIL,78.18,78.18,reported
2026-05-12,Marikina City,RON 91,SHELL,84.5,85.1,reported
2026-05-12,Marikina City,RON 91,UNIOIL,79.3,79.3,reported
2026-05-12,Marikina City,RON 95,FLYING,78.77,82.18,reported
2026-05-12,Marikina City,RON 95,INDEPENDENT,76.4,80.5,reported
2026-05-12,Marikina City,RON 95,PETRON,86.1,86.1,reported
2026-05-12,Marikina City,RON 95,SHELL,92.1,92.1,reported
2026-05-12,Marikina City,RON 95,UNIOIL,82.3,82.3,reported
2026-05-12,Marikina City,RON 97,SEAOIL,79.18,79.18,reported
2026-05-12,Marikina City,RON 97,SHELL,100.2,102.5,reported
2026-05-12,Muntinlupa City,DIESEL,CALTEX,82.56,82.7,reported
2026-05-12,Muntinlupa City,DIESEL,FLYING,74.03,74.03,reported
2026-05-12,Muntinlupa City,DIESEL,PETRON,76.0,80.2,reported
2026-05-12,Muntinlupa City,DIESEL,PHOENIX,78.43,79.43,reported
2026-05-12,Muntinlupa City,DIESEL,SEAOIL,75.06,84.52,reported
2026-05-12,Muntinlupa City,DIESEL,SHELL,79.9,84.9,reported
2026-05-12,Muntinlupa City,DIESEL,TOTAL,79.19,79.19,reported
2026-05-12,Muntinlupa City,DIESEL,UNIOIL,77.9,77.9,reported
2026-05-12,Muntinlupa City,DIESEL PLUS,PETRON,79.0,83.2,reported
2026-05-12,Muntinlupa City,DIESEL PLUS,SHELL,88.1,91.2,reported
2026-05-12,Muntinlupa City,DIESEL PLUS,TOTAL,81.74,81.74,reported
2026-05-12,Muntinlupa City,KEROSENE,CALTEX,114.81,114.81,reported
2026-05-12,Muntinlupa City,KEROSENE,SEAOIL,112.88,112.88,reported
2026-05-12,Muntinlupa City,RON 100,PETRON,94.1,95.6,reported
2026-05-12,Muntinlupa City,RON 91,CALTEX,88.38,88.38,reported
2026-05-12,Muntinlupa City,RON 91,FLYING,81.57,81.57,reported
2026-05-12,Muntinlupa City,RON 91,PETRON,83.7,85.7,reported
2026-05-12,Muntinlupa City,RON 91,PHOENIX,84.47,89.47,reported
2026-05-12,Muntinlupa City,RON 91,SEAOIL,81.9,87.27,reported
2026-05-12,Muntinlupa City,RON 91,SHELL,87.3,91.1,reported
2026-05-12,Muntinlupa City,RON 91,TOTAL,89.28,89.28,reported
2026-05-12,Muntinlupa City,RON 91,UNIOIL,82.8,82.8,reported
2026-05-12,Muntinlupa City,RON 95,CALTEX,92.01,92.21,reported
2026-05-12,Muntinlupa City,RON 95,FLYING,82.57,82.57,reported
2026-05-12,Muntinlupa City,RON 95,PETRON,84.1,86.7,reported
2026-05-12,Muntinlupa City,RON 95,PHOENIX,86.47,91.47,reported
2026-05-12,Muntinlupa City,RON 95,SHELL,93.0,98.3,reported
2026-05-12,Muntinlupa City,RON 95,TOTAL,90.28,90.28,reported
2026-05-12,Muntinlupa City,RON 95,UNIOIL,85.8,85.8,reported
2026-05-12,Muntinlupa City,RON 97,SEAOIL,82.9,88.84,reported
2026-05-12,Muntinlupa City,RON 97,SHELL,97.0,103.6,reported
2026-05-12,Navotas City,DIESEL,CALTEX,79.9,79.9,reported
2026-05-12,Navotas City,DIESEL,FLYING,75.23,75.23,reported
2026-05-12,Navotas City,RON 91,CALTEX,88.0,88.0,reported
2026-05-12,Navotas City,RON 91,FLYING,83.97,83.97,reported
2026-05-12,Navotas City,RON 95,CALTEX,92.1,92.1,reported
2026-05-12,Navotas City,RON 95,FLYING,84.97,84.97,reported
2026-05-12,Parañaque City,DIESEL,CALTEX,78.33,78.99,reported
2026-05-12,Parañaque City,DIESEL,FLYING,73.43,73.43,reported
2026-05-12,Parañaque City,DIESEL,INDEPENDENT,72.0,79.5,reported
2026-05-12,Parañaque City,DIESEL,PETRON,75.3,77.3,reported
2026-05-12,Parañaque City,DIESEL,SEAOIL,75.06,89.06,reported
2026-05-12,Parañaque City,DIESEL,SHELL,80.4,83.9,reported
2026-05-12,Parañaque City,DIESEL,TOTAL,86.1,86.1,reported
2026-05-12,Parañaque City,DIESEL,UNIOIL,76.4,77.3,reported
2026-05-12,Parañaque City,DIESEL PLUS,CALTEX,81.33,81.59,reported
2026-05-12,Parañaque City,DIESEL PLUS,PETRON,78.3,80.3,reported
2026-05-12,Parañaque City,DIESEL PLUS,SHELL,88.4,91.9,reported
2026-05-12,Parañaque City,DIESEL PLUS,TOTAL,89.9,89.9,reported
2026-05-12,Parañaque City,KEROSENE,INDEPENDENT,126.7,126.7,reported
2026-05-12,Parañaque City,RON 100,PETRON,93.0,95.3,reported
2026-05-12,Parañaque City,RON 91,CALTEX,89.17,90.49,reported
2026-05-12,Parañaque City,RON 91,FLYING,82.17,82.77,reported
2026-05-12,Parañaque City,RON 91,INDEPENDENT,81.1,86.7,reported
2026-05-12,Parañaque City,RON 91,PETRON,82.0,84.3,reported
2026-05-12,Parañaque City,RON 91,SEAOIL,83.18,85.71,reported
2026-05-12,Parañaque City,RON 91,SHELL,87.5,90.1,reported
2026-05-12,Parañaque City,RON 91,TOTAL,91.0,91.0,reported
2026-05-12,Parañaque City,RON 91,UNIOIL,82.3,83.5,reported
2026-05-12,Parañaque City,RON 95,CALTEX,92.17,94.3,reported
2026-05-12,Parañaque City,RON 95,FLYING,83.17,83.77,reported
2026-05-12,Parañaque City,RON 95,INDEPENDENT,82.1,89.7,reported
2026-05-12,Parañaque City,RON 95,PETRON,83.0,85.3,reported
2026-05-12,Parañaque City,RON 95,SHELL,92.3,97.1,reported
2026-05-12,Parañaque City,RON 95,TOTAL,95.45,95.45,reported
2026-05-12,Parañaque City,RON 95,UNIOIL,85.3,86.5,reported
2026-05-12,Parañaque City,RON 97,SEAOIL,84.18,86.71,reported
2026-05-12,Parañaque City,RON 97,SHELL,99.1,103.0,reported
2026-05-12,Pasay City,DIESEL,CALTEX,78.33,81.19,reported
2026-05-12,Pasay City,DIESEL,INDEPENDENT,75.0,76.1,reported
2026-05-12,Pasay City,DIESEL,PETRON,76.1,77.9,reported
2026-05-12,Pasay City,DIESEL,PTT,76.13,77.5,reported
2026-05-12,Pasay City,DIESEL,SHELL,75.7,82.6,reported
2026-05-12,Pasay City,DIESEL,TOTAL,87.81,87.81,reported
2026-05-12,Pasay City,DIESEL PLUS,CALTEX,81.33,81.33,reported
2026-05-12,Pasay City,DIESEL PLUS,PETRON,80.1,80.1,reported
2026-05-12,Pasay City,DIESEL PLUS,PTT,78.5,78.5,reported
2026-05-12,Pasay City,DIESEL PLUS,SHELL,85.6,90.4,reported
2026-05-12,Pasay City,DIESEL PLUS,TOTAL,90.81,90.81,reported
2026-05-12,Pasay City,KEROSENE,CALTEX,129.49,129.49,reported
2026-05-12,Pasay City,KEROSENE,PETRON,115.2,115.2,reported
2026-05-12,Pasay City,RON 100,PETRON,96.4,97.9,reported
2026-05-12,Pasay City,RON 91,CALTEX,89.17,89.88,reported
2026-05-12,Pasay City,RON 91,INDEPENDENT,80.0,82.2,reported
2026-05-12,Pasay City,RON 91,PETRON,83.8,86.9,reported
2026-05-12,Pasay City,RON 91,PTT,84.17,86.9,reported
2026-05-12,Pasay City,RON 91,SHELL,87.5,90.0,reported
2026-05-12,Pasay City,RON 91,TOTAL,97.0,97.0,reported
2026-05-12,Pasay City,RON 95,CALTEX,94.45,94.68,reported
2026-05-12,Pasay City,RON 95,INDEPENDENT,81.0,83.2,reported
2026-05-12,Pasay City,RON 95,PETRON,84.8,87.9,reported
2026-05-12,Pasay City,RON 95,PTT,85.17,87.9,reported
2026-05-12,Pasay City,RON 95,SHELL,92.3,94.8,reported
2026-05-12,Pasay City,RON 95,TOTAL,98.5,98.5,reported
2026-05-12,Pasay City,RON 97,SHELL,96.4,97.2,reported
2026-05-12,Pasig City,DIESEL,CALTEX,74.57,86.2,reported
2026-05-12,Pasig City,DIESEL,FLYING,71.93,73.13,reported
2026-05-12,Pasig City,DIESEL,INDEPENDENT,70.4,87.0,reported
2026-05-12,Pasig City,DIESEL,PETRON,76.3,78.9,reported
2026-05-12,Pasig City,DIESEL,PHOENIX,74.1,80.8,reported
2026-05-12,Pasig City,DIESEL,SEAOIL,76.39,77.59,reported
2026-05-12,Pasig City,DIESEL,SHELL,76.5,85.0,reported
2026-05-12,Pasig City,DIESEL,TOTAL,74.1,74.1,reported
2026-05-12,Pasig City,DIESEL,UNIOIL,74.9,75.5,reported
2026-05-12,Pasig City,DIESEL PLUS,PETRON,79.3,81.9,reported
2026-05-12,Pasig City,DIESEL PLUS,SHELL,80.7,93.8,reported
2026-05-12,Pasig City,KEROSENE,PETRON,114.5,114.5,reported
2026-05-12,Pasig City,RON 100,PETRON,90.8,92.5,reported
2026-05-12,Pasig City,RON 91,CALTEX,85.33,87.1,reported
2026-05-12,Pasig City,RON 91,FLYING,79.27,80.17,reported
2026-05-12,Pasig City,RON 91,INDEPENDENT,78.2,80.5,reported
2026-05-12,Pasig City,RON 91,PETRON,79.8,82.6,reported
2026-05-12,Pasig City,RON 91,PHOENIX,79.8,87.2,reported
2026-05-12,Pasig City,RON 91,SEAOIL,81.68,82.38,reported
2026-05-12,Pasig City,RON 91,SHELL,85.1,86.9,reported
2026-05-12,Pasig City,RON 91,TOTAL,87.2,87.2,reported
2026-05-12,Pasig City,RON 91,UNIOIL,81.9,82.9,reported
2026-05-12,Pasig City,RON 95,CALTEX,89.18,98.45,reported
2026-05-12,Pasig City,RON 95,FLYING,80.27,81.17,reported
2026-05-12,Pasig City,RON 95,INDEPENDENT,79.2,81.4,reported
2026-05-12,Pasig City,RON 95,PETRON,80.8,83.6,reported
2026-05-12,Pasig City,RON 95,PHOENIX,80.8,81.5,reported
2026-05-12,Pasig City,RON 95,SHELL,92.0,93.8,reported
2026-05-12,Pasig City,RON 95,UNIOIL,84.9,85.9,reported
2026-05-12,Pasig City,RON 97,SEAOIL,83.88,84.98,reported
2026-05-12,Pasig City,RON 97,SHELL,96.8,98.2,reported
2026-05-12,Quezon City,DIESEL,CALTEX,82.0,85.0,reported
2026-05-12,Quezon City,DIESEL,FLYING,72.43,74.63,reported
2026-05-12,Quezon City,DIESEL,INDEPENDENT,74.0,76.46,reported
2026-05-12,Quezon City,DIESEL,PETRON,76.4,79.7,reported
2026-05-12,Quezon City,DIESEL,PHOENIX,78.2,79.0,reported
2026-05-12,Quezon City,DIESEL,PTT,78.75,78.75,reported
2026-05-12,Quezon City,DIESEL,SEAOIL,75.41,76.2,reported
2026-05-12,Quezon City,DIESEL,SHELL,76.0,78.0,reported
2026-05-12,Quezon City,DIESEL,UNIOIL,75.4,75.6,reported
2026-05-12,Quezon City,DIESEL PLUS,PETRON,79.4,82.7,reported
2026-05-12,Quezon City,DIESEL PLUS,SHELL,86.7,87.1,reported
2026-05-12,Quezon City,KEROSENE,PETRON,114.6,116.1,reported
2026-05-12,Quezon City,RON 100,PETRON,89.5,96.5,reported
2026-05-12,Quezon City,RON 91,CALTEX,89.0,89.0,reported
2026-05-12,Quezon City,RON 91,FLYING,75.67,79.77,reported
2026-05-12,Quezon City,RON 91,INDEPENDENT,71.4,78.5,reported
2026-05-12,Quezon City,RON 91,PETRON,78.5,85.5,reported
2026-05-12,Quezon City,RON 91,PHOENIX,83.8,85.1,reported
2026-05-12,Quezon City,RON 91,PTT,81.5,81.5,reported
2026-05-12,Quezon City,RON 91,SEAOIL,79.98,81.58,reported
2026-05-12,Quezon City,RON 91,SHELL,81.1,89.4,reported
2026-05-12,Quezon City,RON 91,UNIOIL,78.2,85.0,reported
2026-05-12,Quezon City,RON 95,CALTEX,96.0,97.5,reported
2026-05-12,Quezon City,RON 95,FLYING,76.67,80.37,reported
2026-05-12,Quezon City,RON 95,INDEPENDENT,71.8,79.5,reported
2026-05-12,Quezon City,RON 95,PETRON,79.5,85.5,reported
2026-05-12,Quezon City,RON 95,PHOENIX,84.8,86.2,reported
2026-05-12,Quezon City,RON 95,PTT,83.0,83.0,reported
2026-05-12,Quezon City,RON 95,SHELL,91.1,98.0,reported
2026-05-12,Quezon City,RON 95,UNIOIL,81.2,88.0,reported
2026-05-12,Quezon City,RON 97,SEAOIL,80.98,82.58,reported
2026-05-12,Quezon City,RON 97,SHELL,92.3,98.9,reported
2026-05-12,Quezon City,RON 97,UNIOIL,87.1,94.7,reported
2026-05-12,Taguig Cty,DIESEL,CALTEX,82.2,89.91,reported
2026-05-12,Taguig Cty,DIESEL,FLYING,71.23,71.45,reported
2026-05-12,Taguig Cty,DIESEL,INDEPENDENT,79.36,89.5,reported
2026-05-12,Taguig Cty,DIESEL,PETRON,76.3,76.8,reported
2026-05-12,Taguig Cty,DIESEL,SEAOIL,75.28,75.28,reported
2026-05-12,Taguig Cty,DIESEL,SHELL,78.0,79.9,reported
2026-05-12,Taguig Cty,DIESEL PLUS,CALTEX,87.29,87.29,reported
2026-05-12,Taguig Cty,DIESEL PLUS,PETRON,79.3,79.8,reported
2026-05-12,Taguig Cty,DIESEL PLUS,SHELL,85.6,87.2,reported
2026-05-12,Taguig Cty,KEROSENE,CALTEX,131.15,132.5,reported
2026-05-12,Taguig Cty,RON 100,PETRON,92.4,92.4,reported
2026-05-12,Taguig Cty,RON 91,CALTEX,80.3,89.28,reported
2026-05-12,Taguig Cty,RON 91,FLYING,79.27,81.37,reported
2026-05-12,Taguig Cty,RON 91,INDEPENDENT,79.25,86.59,reported
2026-05-12,Taguig Cty,RON 91,PETRON,81.4,82.9,reported
2026-05-12,Taguig Cty,RON 91,SEAOIL,79.08,79.08,reported
2026-05-12,Taguig Cty,RON 91,SHELL,83.5,88.2,reported
2026-05-12,Taguig Cty,RON 95,CALTEX,81.3,99.08,reported
2026-05-12,Taguig Cty,RON 95,FLYING,80.28,82.37,reported
2026-05-12,Taguig Cty,RON 95,INDEPENDENT,80.25,86.99,reported
2026-05-12,Taguig Cty,RON 95,PETRON,82.4,83.9,reported
2026-05-12,Taguig Cty,RON 95,SEAOIL,80.38,80.38,reported
2026-05-12,Taguig Cty,RON 95,SHELL,89.4,95.1,reported
2026-05-12,Taguig Cty,RON 97,SHELL,93.6,98.1,reported
2026-05-12,Valenzuela City,DIESEL,FLYING,73.34,79.09,reported
2026-05-12,Valenzuela City,DIESEL,INDEPENDENT,69.4,81.5,reported
2026-05-12,Valenzuela City,DIESEL,SHELL,77.9,83.5,reported
2026-05-12,Valenzuela City,DIESEL PLUS,SHELL,91.7,93.1,reported
2026-05-12,Valenzuela City,RON 91,FLYING,79.37,80.68,reported
2026-05-12,Valenzuela City,RON 91,INDEPENDENT,74.0,79.6,reported
2026-05-12,Valenzuela City,RON 91,SHELL,88.1,90.9,reported
2026-05-12,Valenzuela City,RON 95,FLYING,79.97,81.68,reported
2026-05-12,Valenzuela City,RON 95,INDEPENDENT,75.0,80.6,reported
2026-05-12,Valenzuela City,RON 95,SHELL,92.9,98.2,reported
2026-05-12,Valenzuela City,RON 97,SHELL,101.2,103.3,reported
2026-05-19,Caloocan City,DIESEL,CALTEX,83.45,83.45,reported
2026-05-19,Caloocan City,DIESEL,INDEPENDENT,79.0,82.7,reported
2026-05-19,Caloocan City,DIESEL,PETRON,79.3,81.1,reported
2026-05-19,Caloocan City,DIESEL,SEAOIL,79.42,81.22,reported
2026-05-19,Caloocan City,DIESEL,SHELL,80.5,87.2,reported
2026-05-19,Caloocan City,DIESEL,UNIOIL,82.5,82.5,reported
2026-05-19,Caloocan City,DIESEL PLUS,PETRON,84.1,84.1,reported
2026-05-19,Caloocan City,DIESEL PLUS,SHELL,89.9,92.6,reported
2026-05-19,Caloocan City,KEROSENE,PETRON,111.3,112.2,reported
2026-05-19,Caloocan City,RON 91,CALTEX,88.5,88.5,reported
2026-05-19,Caloocan City,RON 91,INDEPENDENT,71.4,81.5,reported
2026-05-19,Caloocan City,RON 91,PETRON,78.5,87.3,reported
2026-05-19,Caloocan City,RON 91,SEAOIL,78.38,86.18,reported
2026-05-19,Caloocan City,RON 91,SHELL,83.1,88.4,reported
2026-05-19,Caloocan City,RON 91,UNIOIL,84.6,84.6,reported
2026-05-19,Caloocan City,RON 95,CALTEX,96.4,96.4,reported
2026-05-19,Caloocan City,RON 95,INDEPENDENT,72.37,82.0,reported
2026-05-19,Caloocan City,RON 95,PETRON,79.5,88.3,reported
2026-05-19,Caloocan City,RON 95,SHELL,87.6,94.3,reported
2026-05-19,Caloocan City,RON 95,UNIOIL,87.6,87.6,reported
2026-05-19,Caloocan City,RON 97,SEAOIL,79.38,87.18,reported
2026-05-19,Caloocan City,RON 97,SHELL,106.3,106.8,reported
2026-05-19,Makati City,DIESEL,CALTEX,79.49,83.75,reported
2026-05-19,Makati City,DIESEL,INDEPENDENT,80.4,80.4,reported
2026-05-19,Makati City,DIESEL,PETRON,80.0,80.6,reported
2026-05-19,Makati City,DIESEL,PHOENIX,80.25,80.25,reported
2026-05-19,Makati City,DIESEL,SHELL,80.7,81.2,reported
2026-05-19,Makati City,DIESEL,UNIOIL,81.5,82.7,reported
2026-05-19,Makati City,DIESEL PLUS,CALTEX,83.5,90.12,reported
2026-05-19,Makati City,DIESEL PLUS,PETRON,83.0,83.6,reported
2026-05-19,Makati City,DIESEL PLUS,SHELL,88.7,89.7,reported
2026-05-19,Makati City,RON 100,PETRON,90.9,93.2,reported
2026-05-19,Makati City,RON 91,CALTEX,83.21,91.28,reported
2026-05-19,Makati City,RON 91,INDEPENDENT,80.87,80.87,reported
2026-05-19,Makati City,RON 91,PETRON,79.9,82.2,reported
2026-05-19,Makati City,RON 91,PHOENIX,83.27,83.27,reported
2026-05-19,Makati City,RON 91,SHELL,86.4,88.1,reported
2026-05-19,Makati City,RON 91,UNIOIL,82.2,82.9,reported
2026-05-19,Makati City,RON 95,CALTEX,84.21,95.08,reported
2026-05-19,Makati City,RON 95,INDEPENDENT,81.9,81.9,reported
2026-05-19,Makati City,RON 95,PETRON,80.9,83.2,reported
2026-05-19,Makati City,RON 95,PHOENIX,84.27,84.27,reported
2026-05-19,Makati City,RON 95,SHELL,91.2,94.0,reported
2026-05-19,Makati City,RON 95,UNIOIL,85.2,85.9,reported
2026-05-19,Makati City,RON 97,PHOENIX,95.07,95.07,reported
2026-05-19,Makati City,RON 97,SHELL,95.3,98.1,reported
2026-05-19,Manila City,DIESEL,CALTEX,83.9,83.99,reported
2026-05-19,Manila City,DIESEL,INDEPENDENT,79.0,81.11,reported
2026-05-19,Manila City,DIESEL,PETRON,80.3,84.2,reported
2026-05-19,Manila City,DIESEL,SEAOIL,79.66,83.12,reported
2026-05-19,Manila City,DIESEL,SHELL,82.7,85.4,reported
2026-05-19,Manila City,DIESEL,TOTAL,82.17,87.91,reported
2026-05-19,Manila City,DIESEL PLUS,PETRON,83.3,87.2,reported
2026-05-19,Manila City,DIESEL PLUS,SHELL,91.7,93.8,reported
2026-05-19,Manila City,DIESEL PLUS,TOTAL,84.7,84.7,reported
2026-05-19,Manila City,KEROSENE,INDEPENDENT,150.0,150.0,reported
2026-05-19,Manila City,KEROSENE,PETRON,112.1,112.4,reported
2026-05-19,Manila City,RON 100,PETRON,88.0,90.9,reported
2026-05-19,Manila City,RON 91,CALTEX,84.51,86.8,reported
2026-05-19,Manila City,RON 91,INDEPENDENT,78.0,81.11,reported
2026-05-19,Manila City,RON 91,PETRON,77.0,81.2,reported
2026-05-19,Manila City,RON 91,SEAOIL,80.39,84.89,reported
2026-05-19,Manila City,RON 91,SHELL,88.0,89.8,reported
2026-05-19,Manila City,RON 91,TOTAL,85.92,87.62,reported
2026-05-19,Manila City,RON 95,CALTEX,89.99,90.4,reported
2026-05-19,Manila City,RON 95,INDEPENDENT,78.95,82.1,reported
2026-05-19,Manila City,RON 95,PETRON,78.0,82.2,reported
2026-05-19,Manila City,RON 95,SHELL,94.0,94.6,reported
2026-05-19,Manila City,RON 95,TOTAL,88.42,88.62,reported
2026-05-19,Manila City,RON 97,SEAOIL,81.39,85.91,reported
2026-05-19,Manila City,RON 97,SHELL,98.1,108.1,reported
2026-05-19,Marikina City,DIESEL,INDEPENDENT,75.1,80.14,reported
2026-05-19,Marikina City,DIESEL,PETRON,80.4,80.4,reported
2026-05-19,Marikina City,DIESEL,SEAOIL,81.96,81.96,reported
2026-05-19,Marikina City,DIESEL,SHELL,81.5,81.5,reported
2026-05-19,Marikina City,DIESEL,UNIOIL,80.9,80.9,reported
2026-05-19,Marikina City,DIESEL PLUS,PETRON,83.4,83.4,reported
2026-05-19,Marikina City,DIESEL PLUS,SHELL,89.1,90.2,reported
2026-05-19,Marikina City,KEROSENE,PETRON,109.5,109.5,reported
2026-05-19,Marikina City,RON 100,PETRON,90.2,90.2,reported
2026-05-19,Marikina City,RON 91,INDEPENDENT,75.4,79.0,reported
2026-05-19,Marikina City,RON 91,PETRON,79.2,79.2,reported
2026-05-19,Marikina City,RON 91,SEAOIL,79.39,79.39,reported
2026-05-19,Marikina City,RON 91,SHELL,85.8,86.3,reported
2026-05-19,Marikina City,RON 91,UNIOIL,80.5,80.5,reported
2026-05-19,Marikina City,RON 95,INDEPENDENT,76.4,80.0,reported
2026-05-19,Marikina City,RON 95,PETRON,80.2,80.2,reported
2026-05-19,Marikina City,RON 95,SHELL,93.3,93.3,reported
2026-05-19,Marikina City,RON 95,UNIOIL,83.5,83.5,reported
2026-05-19,Marikina City,RON 97,SEAOIL,80.39,80.39,reported
2026-05-19,Marikina City,RON 97,SHELL,101.4,103.7,reported
2026-05-19,Muntinlupa City,DIESEL,CALTEX,85.32,85.5,reported
2026-05-19,Muntinlupa City,DIESEL,PETRON,79.9,84.1,reported
2026-05-19,Muntinlupa City,DIESEL,PHOENIX,82.25,84.2,reported
2026-05-19,Muntinlupa City,DIESEL,SEAOIL,79.92,87.34,reported
2026-05-19,Muntinlupa City,DIESEL,SHELL,82.7,87.7,reported
2026-05-19,Muntinlupa City,DIESEL,TOTAL,82.01,82.01,reported
2026-05-19,Muntinlupa City,DIESEL,UNIOIL,82.9,82.9,reported
2026-05-19,Muntinlupa City,DIESEL PLUS,PETRON,82.9,87.1,reported
2026-05-19,Muntinlupa City,DIESEL PLUS,SHELL,90.9,94.0,reported
2026-05-19,Muntinlupa City,DIESEL PLUS,TOTAL,84.56,84.56,reported
2026-05-19,Muntinlupa City,KEROSENE,CALTEX,112.7,112.7,reported
2026-05-19,Muntinlupa City,KEROSENE,SEAOIL,110.77,110.77,reported
2026-05-19,Muntinlupa City,RON 100,PETRON,91.5,95.8,reported
2026-05-19,Muntinlupa City,RON 91,CALTEX,89.54,89.58,reported
2026-05-19,Muntinlupa City,RON 91,PETRON,80.5,84.8,reported
2026-05-19,Muntinlupa City,RON 91,PHOENIX,84.81,88.21,reported
2026-05-19,Muntinlupa City,RON 91,SEAOIL,83.19,88.48,reported
2026-05-19,Muntinlupa City,RON 91,SHELL,88.1,92.3,reported
2026-05-19,Muntinlupa City,RON 91,TOTAL,90.4,90.4,reported
2026-05-19,Muntinlupa City,RON 91,UNIOIL,84.0,84.0,reported
2026-05-19,Muntinlupa City,RON 95,CALTEX,92.89,93.22,reported
2026-05-19,Muntinlupa City,RON 95,PETRON,81.5,85.8,reported
2026-05-19,Muntinlupa City,RON 95,PHOENIX,86.81,90.21,reported
2026-05-19,Muntinlupa City,RON 95,SHELL,94.2,99.5,reported
2026-05-19,Muntinlupa City,RON 95,TOTAL,91.49,91.49,reported
2026-05-19,Muntinlupa City,RON 95,UNIOIL,87.0,87.0,reported
2026-05-19,Muntinlupa City,RON 97,SEAOIL,84.19,90.05,reported
2026-05-19,Muntinlupa City,RON 97,SHELL,100.0,105.0,reported
2026-05-19,Navotas City,DIESEL,CALTEX,82.7,82.7,reported
2026-05-19,Navotas City,RON 91,CALTEX,89.1,89.1,reported
2026-05-19,Navotas City,RON 95,CALTEX,92.1,92.1,reported
2026-05-19,Parañaque City,DIESEL,CALTEX,81.12,81.81,reported
2026-05-19,Parañaque City,DIESEL,INDEPENDENT,73.2,83.2,reported
2026-05-19,Parañaque City,DIESEL,PETRON,79.2,80.1,reported
2026-05-19,Parañaque City,DIESEL,SEAOIL,78.12,84.22,reported
2026-05-19,Parañaque City,DIESEL,SHELL,83.2,86.7,reported
2026-05-19,Parañaque City,DIESEL,TOTAL,88.92,88.92,reported
2026-05-19,Parañaque City,DIESEL,UNIOIL,81.1,81.1,reported
2026-05-19,Parañaque City,DIESEL PLUS,CALTEX,84.2,84.41,reported
2026-05-19,Parañaque City,DIESEL PLUS,PETRON,82.2,83.1,reported
2026-05-19,Parañaque City,DIESEL PLUS,SHELL,91.2,94.7,reported
2026-05-19,Parañaque City,DIESEL PLUS,TOTAL,92.72,92.72,reported
2026-05-19,Parañaque City,KEROSENE,INDEPENDENT,125.2,125.2,reported
2026-05-19,Parañaque City,RON 100,PETRON,94.0,95.6,reported
2026-05-19,Parañaque City,RON 91,CALTEX,88.51,91.7,reported
2026-05-19,Parañaque City,RON 91,INDEPENDENT,81.6,87.9,reported
2026-05-19,Parañaque City,RON 91,PETRON,83.0,84.6,reported
2026-05-19,Parañaque City,RON 91,SEAOIL,82.01,85.51,reported
2026-05-19,Parañaque City,RON 91,SHELL,88.7,91.3,reported
2026-05-19,Parañaque City,RON 91,TOTAL,92.21,92.21,reported
2026-05-19,Parañaque City,RON 91,UNIOIL,83.0,85.6,reported
2026-05-19,Parañaque City,RON 95,CALTEX,93.38,95.5,reported
2026-05-19,Parañaque City,RON 95,INDEPENDENT,82.6,90.9,reported
2026-05-19,Parañaque City,RON 95,PETRON,84.0,85.6,reported
2026-05-19,Parañaque City,RON 95,SHELL,93.5,97.7,reported
2026-05-19,Parañaque City,RON 95,TOTAL,96.66,96.66,reported
2026-05-19,Parañaque City,RON 95,UNIOIL,86.0,88.6,reported
2026-05-19,Parañaque City,RON 97,SEAOIL,83.01,86.51,reported
2026-05-19,Parañaque City,RON 97,SHELL,100.3,104.2,reported
2026-05-19,Pasay City,DIESEL,CALTEX,81.15,84.01,reported
2026-05-19,Pasay City,DIESEL,INDEPENDENT,78.9,80.06,reported
2026-05-19,Pasay City,DIESEL,PETRON,79.0,81.0,reported
2026-05-19,Pasay City,DIESEL,PTT,80.0,81.4,reported
2026-05-19,Pasay City,DIESEL,SHELL,78.5,85.4,reported
2026-05-19,Pasay City,DIESEL,TOTAL,90.63,90.63,reported
2026-05-19,Pasay City,DIESEL PLUS,CALTEX,84.25,84.25,reported
2026-05-19,Pasay City,DIESEL PLUS,PETRON,84.0,84.0,reported
2026-05-19,Pasay City,DIESEL PLUS,PTT,82.4,82.4,reported
2026-05-19,Pasay City,DIESEL PLUS,SHELL,88.4,93.2,reported
2026-05-19,Pasay City,DIESEL PLUS,TOTAL,93.63,93.63,reported
2026-05-19,Pasay City,KEROSENE,CALTEX,127.38,127.38,reported
2026-05-19,Pasay City,KEROSENE,PETRON,113.1,113.1,reported
2026-05-19,Pasay City,RON 100,PETRON,92.0,94.5,reported
2026-05-19,Pasay City,RON 91,CALTEX,90.38,91.09,reported
2026-05-19,Pasay City,RON 91,INDEPENDENT,79.0,83.4,reported
2026-05-19,Pasay City,RON 91,PETRON,81.0,87.7,reported
2026-05-19,Pasay City,RON 91,PTT,83.2,88.1,reported
2026-05-19,Pasay City,RON 91,SHELL,86.0,91.2,reported
2026-05-19,Pasay City,RON 91,TOTAL,98.21,98.21,reported
2026-05-19,Pasay City,RON 95,CALTEX,93.08,95.89,reported
2026-05-19,Pasay City,RON 95,INDEPENDENT,81.0,84.4,reported
2026-05-19,Pasay City,RON 95,PETRON,82.0,84.5,reported
2026-05-19,Pasay City,RON 95,PTT,84.2,89.1,reported
2026-05-19,Pasay City,RON 95,SHELL,91.9,96.0,reported
2026-05-19,Pasay City,RON 95,TOTAL,99.71,99.71,reported
2026-05-19,Pasay City,RON 97,SHELL,97.6,98.4,reported
2026-05-19,Pasig City,DIESEL,CALTEX,79.35,89.62,reported
2026-05-19,Pasig City,DIESEL,INDEPENDENT,73.2,87.0,reported
2026-05-19,Pasig City,DIESEL,PETRON,80.2,82.2,reported
2026-05-19,Pasig City,DIESEL,PHOENIX,76.92,85.8,reported
2026-05-19,Pasig City,DIESEL,SEAOIL,80.62,82.82,reported
2026-05-19,Pasig City,DIESEL,SHELL,79.3,87.8,reported
2026-05-19,Pasig City,DIESEL,TOTAL,76.92,76.92,reported
2026-05-19,Pasig City,DIESEL,UNIOIL,81.3,82.7,reported
2026-05-19,Pasig City,DIESEL PLUS,PETRON,83.2,85.2,reported
2026-05-19,Pasig City,DIESEL PLUS,SHELL,83.5,96.6,reported
2026-05-19,Pasig City,KEROSENE,PETRON,112.4,112.4,reported
2026-05-19,Pasig City,RON 100,PETRON,90.7,93.2,reported
2026-05-19,Pasig City,RON 91,CALTEX,87.48,88.41,reported
2026-05-19,Pasig City,RON 91,INDEPENDENT,79.41,81.6,reported
2026-05-19,Pasig City,RON 91,PETRON,79.3,82.2,reported
2026-05-19,Pasig City,RON 91,PHOENIX,80.0,88.61,reported
2026-05-19,Pasig City,RON 91,SEAOIL,82.89,83.59,reported
2026-05-19,Pasig City,RON 91,SHELL,85.8,87.0,reported
2026-05-19,Pasig City,RON 91,TOTAL,88.61,88.61,reported
2026-05-19,Pasig City,RON 91,UNIOIL,79.7,82.0,reported
2026-05-19,Pasig City,RON 95,CALTEX,90.97,98.09,reported
2026-05-19,Pasig City,RON 95,INDEPENDENT,78.1,81.39,reported
2026-05-19,Pasig City,RON 95,PETRON,80.3,83.2,reported
2026-05-19,Pasig City,RON 95,PHOENIX,81.0,83.3,reported
2026-05-19,Pasig City,RON 95,SHELL,93.2,95.0,reported
2026-05-19,Pasig City,RON 95,UNIOIL,82.7,85.0,reported
2026-05-19,Pasig City,RON 97,SEAOIL,85.09,86.19,reported
2026-05-19,Pasig City,RON 97,SHELL,98.0,99.4,reported
2026-05-19,Quezon City,DIESEL,CALTEX,83.0,87.0,reported
2026-05-19,Quezon City,DIESEL,INDEPENDENT,80.23,82.1,reported
2026-05-19,Quezon City,DIESEL,PETRON,80.3,83.6,reported
2026-05-19,Quezon City,DIESEL,PHOENIX,81.7,81.9,reported
2026-05-19,Quezon City,DIESEL,PTT,82.75,82.75,reported
2026-05-19,Quezon City,DIESEL,SEAOIL,80.1,82.32,reported
2026-05-19,Quezon City,DIESEL,SHELL,79.8,80.8,reported
2026-05-19,Quezon City,DIESEL,UNIOIL,82.7,82.7,reported
2026-05-19,Quezon City,DIESEL PLUS,PETRON,83.3,86.6,reported
2026-05-19,Quezon City,DIESEL PLUS,SHELL,89.5,89.9,reported
2026-05-19,Quezon City,KEROSENE,PETRON,114.0,114.0,reported
2026-05-19,Quezon City,RON 100,PETRON,90.7,92.2,reported
2026-05-19,Quezon City,RON 91,CALTEX,87.9,89.0,reported
2026-05-19,Quezon City,RON 91,INDEPENDENT,71.4,78.5,reported
2026-05-19,Quezon City,RON 91,PETRON,77.7,81.2,reported
2026-05-19,Quezon City,RON 91,PHOENIX,83.8,85.1,reported
2026-05-19,Quezon City,RON 91,PTT,81.0,81.0,reported
2026-05-19,Quezon City,RON 91,SEAOIL,81.19,82.79,reported
2026-05-19,Quezon City,RON 91,SHELL,81.8,87.0,reported
2026-05-19,Quezon City,RON 91,UNIOIL,79.7,82.6,reported
2026-05-19,Quezon City,RON 95,CALTEX,93.7,97.0,reported
2026-05-19,Quezon City,RON 95,INDEPENDENT,72.37,79.5,reported
2026-05-19,Quezon City,RON 95,PETRON,78.7,82.2,reported
2026-05-19,Quezon City,RON 95,PHOENIX,84.8,86.2,reported
2026-05-19,Quezon City,RON 95,PTT,82.15,82.15,reported
2026-05-19,Quezon City,RON 95,SHELL,87.7,96.0,reported
2026-05-19,Quezon City,RON 95,UNIOIL,82.7,85.6,reported
2026-05-19,Quezon City,RON 97,SEAOIL,82.19,83.79,reported
2026-05-19,Quezon City,RON 97,SHELL,93.5,93.5,reported
2026-05-19,Quezon City,RON 97,UNIOIL,87.7,90.6,reported
2026-05-19,Taguig Cty,DIESEL,CALTEX,82.2,92.73,reported
2026-05-19,Taguig Cty,DIESEL,INDEPENDENT,78.8,89.5,reported
2026-05-19,Taguig Cty,DIESEL,PETRON,80.1,81.7,reported
2026-05-19,Taguig Cty,DIESEL,SEAOIL,80.32,80.32,reported
2026-05-19,Taguig Cty,DIESEL,SHELL,80.8,82.7,reported
2026-05-19,Taguig Cty,DIESEL PLUS,CALTEX,90.11,90.11,reported
2026-05-19,Taguig Cty,DIESEL PLUS,PETRON,83.1,84.7,reported
2026-05-19,Taguig Cty,DIESEL PLUS,SHELL,88.4,90.0,reported
2026-05-19,Taguig Cty,KEROSENE,CALTEX,129.04,130.5,reported
2026-05-19,Taguig Cty,RON 100,PETRON,93.2,93.6,reported
2026-05-19,Taguig Cty,RON 91,CALTEX,80.3,90.49,reported
2026-05-19,Taguig Cty,RON 91,INDEPENDENT,80.95,89.49,reported
2026-05-19,Taguig Cty,RON 91,PETRON,80.0,82.2,reported
2026-05-19,Taguig Cty,RON 91,SEAOIL,81.09,81.09,reported
2026-05-19,Taguig Cty,RON 91,SHELL,84.7,88.0,reported
2026-05-19,Taguig Cty,RON 95,CALTEX,81.3,100.29,reported
2026-05-19,Taguig Cty,RON 95,INDEPENDENT,81.95,89.99,reported
2026-05-19,Taguig Cty,RON 95,PETRON,81.0,83.2,reported
2026-05-19,Taguig Cty,RON 95,SEAOIL,81.59,81.59,reported
2026-05-19,Taguig Cty,RON 95,SHELL,90.6,96.3,reported
2026-05-19,Taguig Cty,RON 97,SHELL,94.8,99.3,reported
2026-05-19,Valenzuela City,DIESEL,INDEPENDENT,72.2,81.3,reported
2026-05-19,Valenzuela City,DIESEL,SHELL,80.7,86.3,reported
2026-05-19,Valenzuela City,DIESEL PLUS,SHELL,94.5,95.96,reported
2026-05-19,Valenzuela City,RON 91,INDEPENDENT,77.4,80.8,reported
2026-05-19,Valenzuela City,RON 91,SHELL,87.2,89.3,reported
2026-05-19,Valenzuela City,RON 95,INDEPENDENT,77.9,81.8,reported
2026-05-19,Valenzuela City,RON 95,SHELL,94.1,99.1,reported
2026-05-19,Valenzuela City,RON 97,SHELL,99.4,102.4,reported
2026-05-26,Caloocan City,DIESEL,CALTEX,85.5,85.5,reported
2026-05-26,Caloocan City,DIESEL,FLYING,80.66,81.3,reported
2026-05-26,Caloocan City,DIESEL,INDEPENDENT,79.0,84.6,reported
2026-05-26,Caloocan City,DIESEL,PETRON,83.1,85.1,reported
2026-05-26,Caloocan City,DIESEL,SEAOIL,82.26,83.18,reported
2026-05-26,Caloocan City,DIESEL,SHELL,82.8,85.2,reported
2026-05-26,Caloocan City,DIESEL,UNIOIL,84.5,84.5,reported
2026-05-26,Caloocan City,DIESEL PLUS,PETRON,86.1,86.1,reported
2026-05-26,Caloocan City,DIESEL PLUS,SHELL,91.8,94.5,reported
2026-05-26,Caloocan City,KEROSENE,PETRON,112.7,113.6,reported
2026-05-26,Caloocan City,RON 91,CALTEX,89.8,89.8,reported
2026-05-26,Caloocan City,RON 91,FLYING,77.8,83.7,reported
2026-05-26,Caloocan City,RON 91,INDEPENDENT,72.4,83.2,reported
2026-05-26,Caloocan City,RON 91,PETRON,78.8,88.9,reported
2026-05-26,Caloocan City,RON 91,SEAOIL,79.98,87.78,reported
2026-05-26,Caloocan City,RON 91,SHELL,84.5,89.8,reported
2026-05-26,Caloocan City,RON 91,UNIOIL,83.7,83.7,reported
2026-05-26,Caloocan City,RON 95,CALTEX,97.5,97.5,reported
2026-05-26,Caloocan City,RON 95,FLYING,78.8,84.7,reported
2026-05-26,Caloocan City,RON 95,INDEPENDENT,73.4,83.7,reported
2026-05-26,Caloocan City,RON 95,PETRON,79.8,89.9,reported
2026-05-26,Caloocan City,RON 95,SHELL,91.65,95.7,reported
2026-05-26,Caloocan City,RON 95,UNIOIL,86.7,86.7,reported
2026-05-26,Caloocan City,RON 97,SEAOIL,80.98,88.78,reported
2026-05-26,Caloocan City,RON 97,SHELL,107.7,108.2,reported
2026-05-26,Makati City,DIESEL,CALTEX,81.35,85.6,reported
2026-05-26,Makati City,DIESEL,INDEPENDENT,83.9,83.9,reported
2026-05-26,Makati City,DIESEL,PETRON,83.6,85.4,reported
2026-05-26,Makati City,DIESEL,PHOENIX,86.61,86.61,reported
2026-05-26,Makati City,DIESEL,SHELL,82.6,83.1,reported
2026-05-26,Makati City,DIESEL,UNIOIL,82.6,82.7,reported
2026-05-26,Makati City,DIESEL PLUS,CALTEX,85.35,91.97,reported
2026-05-26,Makati City,DIESEL PLUS,PETRON,86.6,88.4,reported
2026-05-26,Makati City,DIESEL PLUS,SHELL,90.6,91.1,reported
2026-05-26,Makati City,RON 100,PETRON,92.5,92.8,reported
2026-05-26,Makati City,RON 91,CALTEX,83.65,92.73,reported
2026-05-26,Makati City,RON 91,INDEPENDENT,83.4,83.4,reported
2026-05-26,Makati City,RON 91,PETRON,81.5,81.8,reported
2026-05-26,Makati City,RON 91,PHOENIX,84.6,84.6,reported
2026-05-26,Makati City,RON 91,SHELL,87.8,89.5,reported
2026-05-26,Makati City,RON 91,UNIOIL,82.5,84.8,reported
2026-05-26,Makati City,RON 95,CALTEX,84.65,96.53,reported
2026-05-26,Makati City,RON 95,INDEPENDENT,83.9,83.9,reported
2026-05-26,Makati City,RON 95,PETRON,82.5,82.8,reported
2026-05-26,Makati City,RON 95,PHOENIX,85.6,85.6,reported
2026-05-26,Makati City,RON 95,SHELL,92.6,95.4,reported
2026-05-26,Makati City,RON 95,UNIOIL,85.5,87.8,reported
2026-05-26,Makati City,RON 97,PHOENIX,96.67,96.67,reported
2026-05-26,Makati City,RON 97,SHELL,96.7,99.5,reported
2026-05-26,Manila City,DIESEL,CALTEX,85.7,85.95,reported
2026-05-26,Manila City,DIESEL,FLYING,83.1,84.2,reported
2026-05-26,Manila City,DIESEL,INDEPENDENT,79.0,82.2,reported
2026-05-26,Manila City,DIESEL,PETRON,82.9,86.2,reported
2026-05-26,Manila City,DIESEL,SEAOIL,81.62,85.08,reported
2026-05-26,Manila City,DIESEL,SHELL,84.6,87.3,reported
2026-05-26,Manila City,DIESEL,TOTAL,84.13,89.87,reported
2026-05-26,Manila City,DIESEL PLUS,PETRON,85.9,89.2,reported
2026-05-26,Manila City,DIESEL PLUS,SHELL,93.6,95.7,reported
2026-05-26,Manila City,DIESEL PLUS,TOTAL,84.13,84.13,reported
2026-05-26,Manila City,KEROSENE,INDEPENDENT,140.0,140.0,reported
2026-05-26,Manila City,KEROSENE,PETRON,113.5,113.8,reported
2026-05-26,Manila City,RON 100,PETRON,89.0,92.5,reported
2026-05-26,Manila City,RON 91,CALTEX,85.95,86.8,reported
2026-05-26,Manila City,RON 91,FLYING,77.8,82.3,reported
2026-05-26,Manila City,RON 91,INDEPENDENT,77.99,81.5,reported
2026-05-26,Manila City,RON 91,PETRON,78.6,81.5,reported
2026-05-26,Manila City,RON 91,SEAOIL,81.99,86.49,reported
2026-05-26,Manila City,RON 91,SHELL,89.5,91.2,reported
2026-05-26,Manila City,RON 91,TOTAL,87.52,89.22,reported
2026-05-26,Manila City,RON 95,CALTEX,90.4,91.44,reported
2026-05-26,Manila City,RON 95,FLYING,78.8,83.3,reported
2026-05-26,Manila City,RON 95,INDEPENDENT,78.95,82.5,reported
2026-05-26,Manila City,RON 95,PETRON,79.6,82.5,reported
2026-05-26,Manila City,RON 95,SHELL,95.4,96.0,reported
2026-05-26,Manila City,RON 95,TOTAL,90.02,90.22,reported
2026-05-26,Manila City,RON 97,SEAOIL,82.99,87.49,reported
2026-05-26,Manila City,RON 97,SHELL,99.5,109.5,reported
2026-05-26,Marikina City,DIESEL,FLYING,80.9,84.0,reported
2026-05-26,Marikina City,DIESEL,INDEPENDENT,77.4,81.3,reported
2026-05-26,Marikina City,DIESEL,PETRON,84.0,84.0,reported
2026-05-26,Marikina City,DIESEL,SEAOIL,83.92,83.92,reported
2026-05-26,Marikina City,DIESEL,SHELL,83.4,83.4,reported
2026-05-26,Marikina City,DIESEL,UNIOIL,84.4,84.4,reported
2026-05-26,Marikina City,DIESEL PLUS,PETRON,87.0,87.0,reported
2026-05-26,Marikina City,DIESEL PLUS,SHELL,91.0,92.1,reported
2026-05-26,Marikina City,KEROSENE,PETRON,110.9,110.9,reported
2026-05-26,Marikina City,RON 100,PETRON,89.5,89.5,reported
2026-05-26,Marikina City,RON 91,FLYING,77.5,77.6,reported
2026-05-26,Marikina City,RON 91,INDEPENDENT,75.4,79.8,reported
2026-05-26,Marikina City,RON 91,PETRON,78.5,78.5,reported
2026-05-26,Marikina City,RON 91,SEAOIL,80.99,80.99,reported
2026-05-26,Marikina City,RON 91,SHELL,87.2,87.7,reported
2026-05-26,Marikina City,RON 91,UNIOIL,79.6,79.6,reported
2026-05-26,Marikina City,RON 95,FLYING,78.6,78.6,reported
2026-05-26,Marikina City,RON 95,INDEPENDENT,76.4,80.8,reported
2026-05-26,Marikina City,RON 95,PETRON,79.6,79.6,reported
2026-05-26,Marikina City,RON 95,SHELL,94.7,94.7,reported
2026-05-26,Marikina City,RON 95,UNIOIL,82.61,82.61,reported
2026-05-26,Marikina City,RON 97,SEAOIL,81.99,81.99,reported
2026-05-26,Marikina City,RON 97,SHELL,102.8,105.1,reported
2026-05-26,Muntinlupa City,DIESEL,CALTEX,86.17,86.5,reported
2026-05-26,Muntinlupa City,DIESEL,FLYING,83.2,83.2,reported
2026-05-26,Muntinlupa City,DIESEL,PETRON,83.4,86.1,reported
2026-05-26,Muntinlupa City,DIESEL,PHOENIX,85.98,86.66,reported
2026-05-26,Muntinlupa City,DIESEL,SEAOIL,83.24,89.3,reported
2026-05-26,Muntinlupa City,DIESEL,SHELL,82.7,89.6,reported
2026-05-26,Muntinlupa City,DIESEL,TOTAL,83.97,83.97,reported
2026-05-26,Muntinlupa City,DIESEL,UNIOIL,84.8,84.8,reported
2026-05-26,Muntinlupa City,DIESEL PLUS,PETRON,86.4,89.1,reported
2026-05-26,Muntinlupa City,DIESEL PLUS,SHELL,92.5,95.9,reported
2026-05-26,Muntinlupa City,DIESEL PLUS,TOTAL,86.52,86.52,reported
2026-05-26,Muntinlupa City,KEROSENE,CALTEX,114.05,114.05,reported
2026-05-26,Muntinlupa City,KEROSENE,SEAOIL,112.22,112.22,reported
2026-05-26,Muntinlupa City,RON 100,PETRON,91.1,97.4,reported
2026-05-26,Muntinlupa City,RON 91,CALTEX,88.44,89.53,reported
2026-05-26,Muntinlupa City,RON 91,FLYING,81.1,81.1,reported
2026-05-26,Muntinlupa City,RON 91,PETRON,81.1,86.4,reported
2026-05-26,Muntinlupa City,RON 91,PHOENIX,86.41,89.81,reported
2026-05-26,Muntinlupa City,RON 91,SEAOIL,84.79,90.0,reported
2026-05-26,Muntinlupa City,RON 91,SHELL,88.3,93.7,reported
2026-05-26,Muntinlupa City,RON 91,TOTAL,92.09,92.09,reported
2026-05-26,Muntinlupa City,RON 91,UNIOIL,82.0,82.0,reported
2026-05-26,Muntinlupa City,RON 95,CALTEX,92.34,93.5,reported
2026-05-26,Muntinlupa City,RON 95,FLYING,82.1,82.1,reported
2026-05-26,Muntinlupa City,RON 95,PETRON,81.1,87.4,reported
2026-05-26,Muntinlupa City,RON 95,PHOENIX,88.41,91.81,reported
2026-05-26,Muntinlupa City,RON 95,SHELL,94.8,100.9,reported
2026-05-26,Muntinlupa City,RON 95,TOTAL,93.09,93.09,reported
2026-05-26,Muntinlupa City,RON 95,UNIOIL,85.0,85.0,reported
2026-05-26,Muntinlupa City,RON 97,SEAOIL,85.79,91.65,reported
2026-05-26,Muntinlupa City,RON 97,SHELL,99.6,106.4,reported
2026-05-26,Navotas City,DIESEL,CALTEX,84.6,84.6,reported
2026-05-26,Navotas City,DIESEL,FLYING,83.5,83.5,reported
2026-05-26,Navotas City,RON 91,CALTEX,88.4,88.4,reported
2026-05-26,Navotas City,RON 91,FLYING,82.5,82.5,reported
2026-05-26,Navotas City,RON 95,CALTEX,90.4,90.4,reported
2026-05-26,Navotas City,RON 95,FLYING,85.5,85.5,reported
2026-05-26,Parañaque City,DIESEL,CALTEX,82.95,83.66,reported
2026-05-26,Parañaque City,DIESEL,FLYING,81.0,82.7,reported
2026-05-26,Parañaque City,DIESEL,INDEPENDENT,81.0,86.2,reported
2026-05-26,Parañaque City,DIESEL,PETRON,83.4,85.3,reported
2026-05-26,Parañaque City,DIESEL,SEAOIL,82.06,86.17,reported
2026-05-26,Parañaque City,DIESEL,SHELL,85.1,88.6,reported
2026-05-26,Parañaque City,DIESEL,TOTAL,87.13,87.13,reported
2026-05-26,Parañaque City,DIESEL,UNIOIL,83.4,84.3,reported
2026-05-26,Parañaque City,DIESEL PLUS,CALTEX,86.26,86.5,reported
2026-05-26,Parañaque City,DIESEL PLUS,PETRON,86.4,88.3,reported
2026-05-26,Parañaque City,DIESEL PLUS,SHELL,93.1,96.6,reported
2026-05-26,Parañaque City,DIESEL PLUS,TOTAL,89.73,89.73,reported
2026-05-26,Parañaque City,KEROSENE,INDEPENDENT,125.7,125.7,reported
2026-05-26,Parañaque City,RON 100,PETRON,94.1,94.6,reported
2026-05-26,Parañaque City,RON 91,CALTEX,89.96,93.15,reported
2026-05-26,Parañaque City,RON 91,FLYING,83.6,83.6,reported
2026-05-26,Parañaque City,RON 91,INDEPENDENT,83.0,84.6,reported
2026-05-26,Parañaque City,RON 91,PETRON,83.1,83.6,reported
2026-05-26,Parañaque City,RON 91,SEAOIL,83.61,87.11,reported
2026-05-26,Parañaque City,RON 91,SHELL,90.1,92.7,reported
2026-05-26,Parañaque City,RON 91,TOTAL,91.62,91.62,reported
2026-05-26,Parañaque City,RON 91,UNIOIL,84.1,84.6,reported
2026-05-26,Parañaque City,RON 95,CALTEX,91.96,96.62,reported
2026-05-26,Parañaque City,RON 95,FLYING,84.6,84.6,reported
2026-05-26,Parañaque City,RON 95,INDEPENDENT,83.5,87.6,reported
2026-05-26,Parañaque City,RON 95,PETRON,84.1,84.6,reported
2026-05-26,Parañaque City,RON 95,SHELL,94.9,99.1,reported
2026-05-26,Parañaque City,RON 95,TOTAL,92.62,92.62,reported
2026-05-26,Parañaque City,RON 95,UNIOIL,87.4,87.6,reported
2026-05-26,Parañaque City,RON 97,SEAOIL,84.61,88.11,reported
2026-05-26,Parañaque City,RON 97,SHELL,101.7,105.6,reported
2026-05-26,Pasay City,DIESEL,CALTEX,82.95,85.86,reported
2026-05-26,Pasay City,DIESEL,INDEPENDENT,79.0,82.8,reported
2026-05-26,Pasay City,DIESEL,PETRON,83.5,84.0,reported
2026-05-26,Pasay City,DIESEL,PTT,84.4,84.4,reported
2026-05-26,Pasay City,DIESEL,SHELL,80.4,87.3,reported
2026-05-26,Pasay City,DIESEL,TOTAL,92.6,92.6,reported
2026-05-26,Pasay City,DIESEL PLUS,CALTEX,86.43,86.43,reported
2026-05-26,Pasay City,DIESEL PLUS,PETRON,87.0,87.0,reported
2026-05-26,Pasay City,DIESEL PLUS,PTT,85.4,85.4,reported
2026-05-26,Pasay City,DIESEL PLUS,SHELL,90.3,95.1,reported
2026-05-26,Pasay City,DIESEL PLUS,TOTAL,95.6,95.6,reported
2026-05-26,Pasay City,KEROSENE,CALTEX,128.73,128.73,reported
2026-05-26,Pasay City,KEROSENE,PETRON,114.5,114.5,reported
2026-05-26,Pasay City,RON 100,PETRON,92.1,96.1,reported
2026-05-26,Pasay City,RON 91,CALTEX,90.66,92.54,reported
2026-05-26,Pasay City,RON 91,INDEPENDENT,79.0,85.0,reported
2026-05-26,Pasay City,RON 91,PETRON,81.1,85.1,reported
2026-05-26,Pasay City,RON 91,PTT,88.6,88.6,reported
2026-05-26,Pasay City,RON 91,SHELL,87.4,92.6,reported
2026-05-26,Pasay City,RON 91,TOTAL,99.81,99.81,reported
2026-05-26,Pasay City,RON 95,CALTEX,93.66,97.34,reported
2026-05-26,Pasay City,RON 95,INDEPENDENT,80.08,86.0,reported
2026-05-26,Pasay City,RON 95,PETRON,82.1,86.1,reported
2026-05-26,Pasay City,RON 95,PTT,89.6,89.6,reported
2026-05-26,Pasay City,RON 95,SHELL,93.3,97.4,reported
2026-05-26,Pasay City,RON 95,TOTAL,101.31,101.31,reported
2026-05-26,Pasay City,RON 97,SHELL,99.0,99.8,reported
2026-05-26,Pasig City,DIESEL,CALTEX,79.35,91.47,reported
2026-05-26,Pasig City,DIESEL,FLYING,80.3,81.8,reported
2026-05-26,Pasig City,DIESEL,INDEPENDENT,79.4,87.0,reported
2026-05-26,Pasig City,DIESEL,PETRON,83.3,85.2,reported
2026-05-26,Pasig City,DIESEL,PHOENIX,78.88,85.8,reported
2026-05-26,Pasig City,DIESEL,SEAOIL,84.16,84.78,reported
2026-05-26,Pasig City,DIESEL,SHELL,81.8,89.7,reported
2026-05-26,Pasig City,DIESEL,TOTAL,78.88,78.88,reported
2026-05-26,Pasig City,DIESEL,UNIOIL,81.2,81.3,reported
2026-05-26,Pasig City,DIESEL PLUS,PETRON,86.3,88.2,reported
2026-05-26,Pasig City,DIESEL PLUS,SHELL,86.0,98.5,reported
2026-05-26,Pasig City,KEROSENE,PETRON,113.8,113.8,reported
2026-05-26,Pasig City,RON 100,PETRON,89.6,92.4,reported
2026-05-26,Pasig City,RON 91,CALTEX,88.15,89.86,reported
2026-05-26,Pasig City,RON 91,FLYING,80.1,81.6,reported
2026-05-26,Pasig City,RON 91,INDEPENDENT,79.2,83.1,reported
2026-05-26,Pasig City,RON 91,PETRON,78.6,81.4,reported
2026-05-26,Pasig City,RON 91,PHOENIX,78.6,90.21,reported
2026-05-26,Pasig City,RON 91,SEAOIL,79.3,84.49,reported
2026-05-26,Pasig City,RON 91,SHELL,84.9,88.4,reported
2026-05-26,Pasig City,RON 91,TOTAL,90.21,90.21,reported
2026-05-26,Pasig City,RON 91,UNIOIL,79.6,82.1,reported
2026-05-26,Pasig City,RON 95,CALTEX,90.85,99.46,reported
2026-05-26,Pasig City,RON 95,FLYING,81.1,82.6,reported
2026-05-26,Pasig City,RON 95,INDEPENDENT,80.2,84.1,reported
2026-05-26,Pasig City,RON 95,PETRON,79.6,82.4,reported
2026-05-26,Pasig City,RON 95,PHOENIX,79.6,82.4,reported
2026-05-26,Pasig City,RON 95,SHELL,94.5,96.4,reported
2026-05-26,Pasig City,RON 95,UNIOIL,82.6,85.1,reported
2026-05-26,Pasig City,RON 97,SEAOIL,82.3,84.78,reported
2026-05-26,Pasig City,RON 97,SHELL,99.4,100.8,reported
2026-05-26,Quezon City,DIESEL,CALTEX,84.9,89.0,reported
2026-05-26,Quezon City,DIESEL,FLYING,80.45,81.22,reported
2026-05-26,Quezon City,DIESEL,INDEPENDENT,76.4,81.0,reported
2026-05-26,Quezon City,DIESEL,PETRON,83.3,85.6,reported
2026-05-26,Quezon City,DIESEL,PHOENIX,83.7,86.9,reported
2026-05-26,Quezon City,DIESEL,PTT,84.8,84.8,reported
2026-05-26,Quezon City,DIESEL,SEAOIL,82.06,84.28,reported
2026-05-26,Quezon City,DIESEL,SHELL,82.7,83.8,reported
2026-05-26,Quezon City,DIESEL,UNIOIL,82.4,84.0,reported
2026-05-26,Quezon City,DIESEL PLUS,PETRON,86.3,88.6,reported
2026-05-26,Quezon City,DIESEL PLUS,SHELL,91.4,91.8,reported
2026-05-26,Quezon City,KEROSENE,PETRON,113.9,115.4,reported
2026-05-26,Quezon City,RON 100,PETRON,89.5,93.8,reported
2026-05-26,Quezon City,RON 91,CALTEX,89.4,90.6,reported
2026-05-26,Quezon City,RON 91,FLYING,78.3,80.4,reported
2026-05-26,Quezon City,RON 91,INDEPENDENT,72.4,78.5,reported
2026-05-26,Quezon City,RON 91,PETRON,78.5,82.8,reported
2026-05-26,Quezon City,RON 91,PHOENIX,83.8,85.6,reported
2026-05-26,Quezon City,RON 91,PTT,82.8,82.8,reported
2026-05-26,Quezon City,RON 91,SEAOIL,82.79,84.39,reported
2026-05-26,Quezon City,RON 91,SHELL,82.9,88.4,reported
2026-05-26,Quezon City,RON 91,UNIOIL,80.3,82.9,reported
2026-05-26,Quezon City,RON 95,CALTEX,95.2,98.6,reported
2026-05-26,Quezon City,RON 95,FLYING,79.3,81.4,reported
2026-05-26,Quezon City,RON 95,INDEPENDENT,73.4,79.5,reported
2026-05-26,Quezon City,RON 95,PETRON,79.5,83.8,reported
2026-05-26,Quezon City,RON 95,PHOENIX,84.8,87.6,reported
2026-05-26,Quezon City,RON 95,PTT,83.8,83.8,reported
2026-05-26,Quezon City,RON 95,SHELL,89.1,97.4,reported
2026-05-26,Quezon City,RON 95,UNIOIL,83.3,85.9,reported
2026-05-26,Quezon City,RON 97,SEAOIL,83.79,85.39,reported
2026-05-26,Quezon City,RON 97,SHELL,94.9,101.5,reported
2026-05-26,Quezon City,RON 97,UNIOIL,86.7,90.9,reported
2026-05-26,Taguig Cty,DIESEL,CALTEX,82.9,94.58,reported
2026-05-26,Taguig Cty,DIESEL,FLYING,80.8,82.0,reported
2026-05-26,Taguig Cty,DIESEL,INDEPENDENT,80.8,89.5,reported
2026-05-26,Taguig Cty,DIESEL,PETRON,83.6,85.5,reported
2026-05-26,Taguig Cty,DIESEL,SEAOIL,82.28,82.28,reported
2026-05-26,Taguig Cty,DIESEL,SHELL,82.7,84.6,reported
2026-05-26,Taguig Cty,DIESEL PLUS,CALTEX,91.96,91.96,reported
2026-05-26,Taguig Cty,DIESEL PLUS,PETRON,86.0,88.5,reported
2026-05-26,Taguig Cty,DIESEL PLUS,SHELL,90.3,91.9,reported
2026-05-26,Taguig Cty,KEROSENE,CALTEX,130.39,130.5,reported
2026-05-26,Taguig Cty,RON 100,PETRON,92.9,95.2,reported
2026-05-26,Taguig Cty,RON 91,CALTEX,81.9,91.94,reported
2026-05-26,Taguig Cty,RON 91,FLYING,80.6,81.9,reported
2026-05-26,Taguig Cty,RON 91,INDEPENDENT,80.95,89.49,reported
2026-05-26,Taguig Cty,RON 91,PETRON,81.1,81.9,reported
2026-05-26,Taguig Cty,RON 91,SEAOIL,82.69,82.69,reported
2026-05-26,Taguig Cty,RON 91,SHELL,86.1,89.4,reported
2026-05-26,Taguig Cty,RON 95,CALTEX,82.9,101.74,reported
2026-05-26,Taguig Cty,RON 95,FLYING,81.6,82.9,reported
2026-05-26,Taguig Cty,RON 95,INDEPENDENT,81.95,89.99,reported
2026-05-26,Taguig Cty,RON 95,PETRON,82.1,82.9,reported
2026-05-26,Taguig Cty,RON 95,SEAOIL,83.19,83.19,reported
2026-05-26,Taguig Cty,RON 95,SHELL,92.0,97.7,reported
2026-05-26,Taguig Cty,RON 97,SHELL,96.2,100.7,reported
2026-05-26,Valenzuela City,DIESEL,FLYING,80.9,83.3,reported
2026-05-26,Valenzuela City,DIESEL,INDEPENDENT,81.5,81.5,reported
2026-05-26,Valenzuela City,DIESEL,SHELL,82.6,88.6,reported
2026-05-26,Valenzuela City,DIESEL PLUS,SHELL,92.5,97.8,reported
2026-05-26,Valenzuela City,RON 91,FLYING,80.3,81.23,reported
2026-05-26,Valenzuela City,RON 91,INDEPENDENT,81.7,81.7,reported
2026-05-26,Valenzuela City,RON 91,SHELL,86.3,88.2,reported
2026-05-26,Valenzuela City,RON 95,FLYING,81.3,81.93,reported
2026-05-26,Valenzuela City,RON 95,INDEPENDENT,82.7,82.7,reported
2026-05-26,Valenzuela City,RON 95,SHELL,95.5,100.8,reported
2026-05-26,Valenzuela City,RON 97,SHELL,103.8,105.9,reported
2026-06-09,Caloocan City,DIESEL,CALTEX,82.3,82.3,reported
2026-06-09,Caloocan City,DIESEL,FLYING,77.89,80.95,reported
2026-06-09,Caloocan City,DIESEL,INDEPENDENT,78.0,81.4,reported
2026-06-09,Caloocan City,DIESEL,PETRON,81.3,82.3,reported
2026-06-09,Caloocan City,DIESEL,SEAOIL,78.18,78.77,reported
2026-06-09,Caloocan City,DIESEL,SHELL,82.2,82.5,reported
2026-06-09,Caloocan City,DIESEL,UNIOIL,81.7,81.7,reported
2026-06-09,Caloocan City,DIESEL PLUS,PETRON,84.3,84.3,reported
2026-06-09,Caloocan City,DIESEL PLUS,SHELL,88.2,90.4,reported
2026-06-09,Caloocan City,KEROSENE,PETRON,106.7,107.5,reported
2026-06-09,Caloocan City,RON 91,CALTEX,83.5,83.5,reported
2026-06-09,Caloocan City,RON 91,FLYING,73.04,76.2,reported
2026-06-09,Caloocan City,RON 91,INDEPENDENT,73.0,77.6,reported
2026-06-09,Caloocan City,RON 91,PETRON,75.6,79.8,reported
2026-06-09,Caloocan City,RON 91,SEAOIL,73.0,73.0,reported
2026-06-09,Caloocan City,RON 91,SHELL,78.2,79.9,reported
2026-06-09,Caloocan City,RON 91,UNIOIL,78.1,78.1,reported
2026-06-09,Caloocan City,RON 95,CALTEX,91.8,91.8,reported
2026-06-09,Caloocan City,RON 95,FLYING,74.04,77.2,reported
2026-06-09,Caloocan City,RON 95,INDEPENDENT,74.0,79.1,reported
2026-06-09,Caloocan City,RON 95,PETRON,76.6,80.8,reported
2026-06-09,Caloocan City,RON 95,SHELL,87.1,90.0,reported
2026-06-09,Caloocan City,RON 95,UNIOIL,81.1,81.1,reported
2026-06-09,Caloocan City,RON 97,SEAOIL,74.0,74.0,reported
2026-06-09,Caloocan City,RON 97,SHELL,103.2,103.7,reported
2026-06-09,Makati City,DIESEL,CALTEX,79.04,81.95,reported
2026-06-09,Makati City,DIESEL,INDEPENDENT,80.5,80.5,reported
2026-06-09,Makati City,DIESEL,PETRON,82.0,82.1,reported
2026-06-09,Makati City,DIESEL,PHOENIX,89.73,89.73,reported
2026-06-09,Makati City,DIESEL,SHELL,80.1,83.1,reported
2026-06-09,Makati City,DIESEL,UNIOIL,79.2,79.3,reported
2026-06-09,Makati City,DIESEL PLUS,CALTEX,83.84,87.04,reported
2026-06-09,Makati City,DIESEL PLUS,PETRON,85.0,85.1,reported
2026-06-09,Makati City,DIESEL PLUS,SHELL,87.5,97.0,reported
2026-06-09,Makati City,RON 100,PETRON,89.1,89.4,reported
2026-06-09,Makati City,RON 91,CALTEX,78.4,87.97,reported
2026-06-09,Makati City,RON 91,INDEPENDENT,78.3,78.3,reported
2026-06-09,Makati City,RON 91,PETRON,78.1,78.4,reported
2026-06-09,Makati City,RON 91,PHOENIX,80.14,80.14,reported
2026-06-09,Makati City,RON 91,SHELL,82.3,87.7,reported
2026-06-09,Makati City,RON 91,UNIOIL,78.0,78.3,reported
2026-06-09,Makati City,RON 95,CALTEX,75.5,90.64,reported
2026-06-09,Makati City,RON 95,INDEPENDENT,78.8,78.8,reported
2026-06-09,Makati City,RON 95,PETRON,79.1,79.4,reported
2026-06-09,Makati City,RON 95,PHOENIX,81.14,81.14,reported
2026-06-09,Makati City,RON 95,SHELL,87.8,91.1,reported
2026-06-09,Makati City,RON 95,UNIOIL,81.0,81.3,reported
2026-06-09,Makati City,RON 97,PHOENIX,92.21,92.21,reported
2026-06-09,Makati City,RON 97,SHELL,91.9,99.5,reported
2026-06-09,Manila City,DIESEL,CALTEX,81.4,81.55,reported
2026-06-09,Manila City,DIESEL,FLYING,80.75,81.08,reported
2026-06-09,Manila City,DIESEL,INDEPENDENT,75.9,80.74,reported
2026-06-09,Manila City,DIESEL,PETRON,81.6,82.9,reported
2026-06-09,Manila City,DIESEL,SEAOIL,78.13,81.47,reported
2026-06-09,Manila City,DIESEL,SHELL,82.0,83.2,reported
2026-06-09,Manila City,DIESEL,TOTAL,82.27,85.61,reported
2026-06-09,Manila City,DIESEL PLUS,PETRON,84.5,85.7,reported
2026-06-09,Manila City,DIESEL PLUS,SHELL,90.0,92.1,reported
2026-06-09,Manila City,DIESEL PLUS,TOTAL,84.97,84.97,reported
2026-06-09,Manila City,KEROSENE,INDEPENDENT,140.0,140.0,reported
2026-06-09,Manila City,KEROSENE,PETRON,107.5,107.8,reported
2026-06-09,Manila City,RON 100,PETRON,86.2,89.1,reported
2026-06-09,Manila City,RON 91,CALTEX,78.7,82.2,reported
2026-06-09,Manila City,RON 91,FLYING,75.53,77.3,reported
2026-06-09,Manila City,RON 91,INDEPENDENT,75.49,79.0,reported
2026-06-09,Manila City,RON 91,PETRON,75.2,78.1,reported
2026-06-09,Manila City,RON 91,SEAOIL,72.74,74.13,reported
2026-06-09,Manila City,RON 91,SHELL,79.9,83.9,reported
2026-06-09,Manila City,RON 91,TOTAL,81.3,84.76,reported
2026-06-09,Manila City,RON 95,CALTEX,85.0,85.99,reported
2026-06-09,Manila City,RON 95,FLYING,76.53,78.3,reported
2026-06-09,Manila City,RON 95,INDEPENDENT,76.49,80.0,reported
2026-06-09,Manila City,RON 95,PETRON,76.2,79.1,reported
2026-06-09,Manila City,RON 95,SHELL,90.6,90.9,reported
2026-06-09,Manila City,RON 95,TOTAL,82.3,85.76,reported
2026-06-09,Manila City,RON 97,SEAOIL,73.34,75.13,reported
2026-06-09,Manila City,RON 97,SHELL,93.6,105.0,reported
2026-06-09,Marikina City,DIESEL,FLYING,78.98,81.05,reported
2026-06-09,Marikina City,DIESEL,INDEPENDENT,75.0,80.9,reported
2026-06-09,Marikina City,DIESEL,PETRON,82.0,82.0,reported
2026-06-09,Marikina City,DIESEL,SEAOIL,81.27,81.27,reported
2026-06-09,Marikina City,DIESEL,SHELL,81.6,81.8,reported
2026-06-09,Marikina City,DIESEL,UNIOIL,80.8,80.8,reported
2026-06-09,Marikina City,DIESEL PLUS,PETRON,85.0,85.0,reported
2026-06-09,Marikina City,DIESEL PLUS,SHELL,87.4,88.5,reported
2026-06-09,Marikina City,KEROSENE,PETRON,104.9,104.9,reported
2026-06-09,Marikina City,RON 100,PETRON,86.1,86.1,reported
2026-06-09,Marikina City,RON 91,FLYING,73.04,74.2,reported
2026-06-09,Marikina City,RON 91,INDEPENDENT,73.8,74.0,reported
2026-06-09,Marikina City,RON 91,PETRON,75.1,75.1,reported
2026-06-09,Marikina City,RON 91,SEAOIL,73.04,73.04,reported
2026-06-09,Marikina City,RON 91,SHELL,78.0,78.4,reported
2026-06-09,Marikina City,RON 91,UNIOIL,74.8,74.8,reported
2026-06-09,Marikina City,RON 95,FLYING,74.14,75.2,reported
2026-06-09,Marikina City,RON 95,INDEPENDENT,74.9,75.0,reported
2026-06-09,Marikina City,RON 95,PETRON,76.1,76.1,reported
2026-06-09,Marikina City,RON 95,SHELL,88.8,88.8,reported
2026-06-09,Marikina City,RON 95,UNIOIL,77.8,77.8,reported
2026-06-09,Marikina City,RON 97,SEAOIL,74.14,74.14,reported
2026-06-09,Marikina City,RON 97,SHELL,92.8,96.3,reported
2026-06-09,Muntinlupa City,DIESEL,CALTEX,81.1,82.15,reported
2026-06-09,Muntinlupa City,DIESEL,FLYING,80.85,80.85,reported
2026-06-09,Muntinlupa City,DIESEL,PETRON,81.9,82.8,reported
2026-06-09,Muntinlupa City,DIESEL,PHOENIX,85.27,87.29,reported
2026-06-09,Muntinlupa City,DIESEL,SEAOIL,81.77,85.31,reported
2026-06-09,Muntinlupa City,DIESEL,SHELL,81.0,91.0,reported
2026-06-09,Muntinlupa City,DIESEL,TOTAL,78.8,78.8,reported
2026-06-09,Muntinlupa City,DIESEL,UNIOIL,82.4,82.4,reported
2026-06-09,Muntinlupa City,DIESEL PLUS,PETRON,84.9,85.8,reported
2026-06-09,Muntinlupa City,DIESEL PLUS,SHELL,80.5,91.4,reported
2026-06-09,Muntinlupa City,DIESEL PLUS,TOTAL,81.8,81.8,reported
2026-06-09,Muntinlupa City,KEROSENE,CALTEX,109.59,109.59,reported
2026-06-09,Muntinlupa City,KEROSENE,SEAOIL,109.46,109.46,reported
2026-06-09,Muntinlupa City,RON 100,PETRON,86.6,93.0,reported
2026-06-09,Muntinlupa City,RON 91,CALTEX,83.5,83.93,reported
2026-06-09,Muntinlupa City,RON 91,FLYING,74.6,74.6,reported
2026-06-09,Muntinlupa City,RON 91,PETRON,75.6,82.0,reported
2026-06-09,Muntinlupa City,RON 91,PHOENIX,82.0,85.35,reported
2026-06-09,Muntinlupa City,RON 91,SEAOIL,74.6,81.87,reported
2026-06-09,Muntinlupa City,RON 91,SHELL,79.2,93.9,reported
2026-06-09,Muntinlupa City,RON 91,TOTAL,81.64,81.64,reported
2026-06-09,Muntinlupa City,RON 91,UNIOIL,75.8,75.8,reported
2026-06-09,Muntinlupa City,RON 95,CALTEX,86.54,86.54,reported
2026-06-09,Muntinlupa City,RON 95,FLYING,75.6,75.6,reported
2026-06-09,Muntinlupa City,RON 95,PETRON,76.6,83.0,reported
2026-06-09,Muntinlupa City,RON 95,PHOENIX,83.0,91.7,reported
2026-06-09,Muntinlupa City,RON 95,SHELL,91.1,96.4,reported
2026-06-09,Muntinlupa City,RON 95,TOTAL,82.64,82.64,reported
2026-06-09,Muntinlupa City,RON 95,UNIOIL,78.8,78.8,reported
2026-06-09,Muntinlupa City,RON 97,SEAOIL,81.83,82.79,reported
2026-06-09,Muntinlupa City,RON 97,SHELL,85.1,101.9,reported
2026-06-09,Navotas City,DIESEL,CALTEX,84.0,84.0,reported
2026-06-09,Navotas City,DIESEL,FLYING,79.29,79.29,reported
2026-06-09,Navotas City,RON 91,CALTEX,89.6,89.6,reported
2026-06-09,Navotas City,RON 91,FLYING,77.1,77.1,reported
2026-06-09,Navotas City,RON 95,CALTEX,87.1,87.1,reported
2026-06-09,Navotas City,RON 95,FLYING,78.1,78.1,reported
2026-06-09,Parañaque City,DIESEL,CALTEX,81.05,82.1,reported
2026-06-09,Parañaque City,DIESEL,FLYING,78.95,80.05,reported
2026-06-09,Parañaque City,DIESEL,INDEPENDENT,81.0,83.0,reported
2026-06-09,Parañaque City,DIESEL,PETRON,82.0,82.1,reported
2026-06-09,Parañaque City,DIESEL,SEAOIL,80.1,83.0,reported
2026-06-09,Parañaque City,DIESEL,SHELL,83.1,93.3,reported
2026-06-09,Parañaque City,DIESEL,TOTAL,85.64,85.64,reported
2026-06-09,Parañaque City,DIESEL,UNIOIL,83.0,83.0,reported
2026-06-09,Parañaque City,DIESEL PLUS,CALTEX,84.82,85.1,reported
2026-06-09,Parañaque City,DIESEL PLUS,PETRON,84.1,85.1,reported
2026-06-09,Parañaque City,DIESEL PLUS,SHELL,88.8,92.1,reported
2026-06-09,Parañaque City,DIESEL PLUS,TOTAL,88.25,88.25,reported
2026-06-09,Parañaque City,KEROSENE,INDEPENDENT,122.45,122.45,reported
2026-06-09,Parañaque City,RON 100,PETRON,89.4,91.2,reported
2026-06-09,Parañaque City,RON 91,CALTEX,84.47,84.6,reported
2026-06-09,Parañaque City,RON 91,FLYING,77.64,77.7,reported
2026-06-09,Parañaque City,RON 91,INDEPENDENT,78.1,79.6,reported
2026-06-09,Parañaque City,RON 91,PETRON,78.4,80.2,reported
2026-06-09,Parañaque City,RON 91,SEAOIL,79.7,80.2,reported
2026-06-09,Parañaque City,RON 91,SHELL,81.4,90.7,reported
2026-06-09,Parañaque City,RON 91,TOTAL,87.16,87.16,reported
2026-06-09,Parañaque City,RON 91,UNIOIL,79.2,81.2,reported
2026-06-09,Parañaque City,RON 95,CALTEX,87.49,89.29,reported
2026-06-09,Parañaque City,RON 95,FLYING,78.64,78.7,reported
2026-06-09,Parañaque City,RON 95,INDEPENDENT,79.1,82.2,reported
2026-06-09,Parañaque City,RON 95,PETRON,79.4,81.2,reported
2026-06-09,Parañaque City,RON 95,SHELL,90.4,94.6,reported
2026-06-09,Parañaque City,RON 95,TOTAL,88.16,88.16,reported
2026-06-09,Parañaque City,RON 95,UNIOIL,82.2,84.2,reported
2026-06-09,Parañaque City,RON 97,SEAOIL,80.7,81.2,reported
2026-06-09,Parañaque City,RON 97,SHELL,97.82,99.6,reported
2026-06-09,Pasay City,DIESEL,CALTEX,81.03,81.45,reported
2026-06-09,Pasay City,DIESEL,INDEPENDENT,78.85,81.1,reported
2026-06-09,Pasay City,DIESEL,PETRON,81.7,82.5,reported
2026-06-09,Pasay City,DIESEL,PTT,82.9,82.9,reported
2026-06-09,Pasay City,DIESEL,SHELL,80.3,82.8,reported
2026-06-09,Pasay City,DIESEL,TOTAL,82.59,82.59,reported
2026-06-09,Pasay City,DIESEL PLUS,CALTEX,84.5,84.5,reported
2026-06-09,Pasay City,DIESEL PLUS,PETRON,85.5,85.5,reported
2026-06-09,Pasay City,DIESEL PLUS,PTT,82.9,82.9,reported
2026-06-09,Pasay City,DIESEL PLUS,SHELL,85.4,91.0,reported
2026-06-09,Pasay City,DIESEL PLUS,TOTAL,90.59,90.59,reported
2026-06-09,Pasay City,KEROSENE,CALTEX,124.27,124.27,reported
2026-06-09,Pasay City,KEROSENE,PETRON,108.5,108.5,reported
2026-06-09,Pasay City,RON 100,PETRON,88.7,91.7,reported
2026-06-09,Pasay City,RON 91,CALTEX,85.62,88.08,reported
2026-06-09,Pasay City,RON 91,INDEPENDENT,76.2,80.3,reported
2026-06-09,Pasay City,RON 91,PETRON,77.7,80.7,reported
2026-06-09,Pasay City,RON 91,PTT,80.7,80.7,reported
2026-06-09,Pasay City,RON 91,SHELL,79.2,92.3,reported
2026-06-09,Pasay City,RON 91,TOTAL,89.35,89.35,reported
2026-06-09,Pasay City,RON 95,CALTEX,87.66,92.88,reported
2026-06-09,Pasay City,RON 95,INDEPENDENT,77.2,81.3,reported
2026-06-09,Pasay City,RON 95,PETRON,78.7,81.7,reported
2026-06-09,Pasay City,RON 95,PTT,80.7,80.7,reported
2026-06-09,Pasay City,RON 95,SHELL,88.8,91.7,reported
2026-06-09,Pasay City,RON 95,TOTAL,90.8,90.8,reported
2026-06-09,Pasay City,RON 97,SHELL,95.3,96.9,reported
2026-06-09,Pasig City,DIESEL,CALTEX,79.3,87.06,reported
2026-06-09,Pasig City,DIESEL,FLYING,77.2,81.9,reported
2026-06-09,Pasig City,DIESEL,INDEPENDENT,74.6,81.39,reported
2026-06-09,Pasig City,DIESEL,PETRON,81.9,82.0,reported
2026-06-09,Pasig City,DIESEL,PHOENIX,75.54,81.9,reported
2026-06-09,Pasig City,DIESEL,SEAOIL,75.72,81.71,reported
2026-06-09,Pasig City,DIESEL,SHELL,81.2,81.9,reported
2026-06-09,Pasig City,DIESEL,TOTAL,75.54,75.54,reported
2026-06-09,Pasig City,DIESEL,UNIOIL,81.9,81.9,reported
2026-06-09,Pasig City,DIESEL PLUS,PETRON,84.9,85.0,reported
2026-06-09,Pasig City,DIESEL PLUS,SHELL,82.4,89.9,reported
2026-06-09,Pasig City,KEROSENE,PETRON,107.8,107.8,reported
2026-06-09,Pasig City,RON 100,PETRON,86.2,89.0,reported
2026-06-09,Pasig City,RON 91,CALTEX,81.76,85.4,reported
2026-06-09,Pasig City,RON 91,FLYING,75.1,76.7,reported
2026-06-09,Pasig City,RON 91,INDEPENDENT,76.2,77.4,reported
2026-06-09,Pasig City,RON 91,PETRON,75.2,78.0,reported
2026-06-09,Pasig City,RON 91,PHOENIX,75.2,76.9,reported
2026-06-09,Pasig City,RON 91,SEAOIL,74.84,75.94,reported
2026-06-09,Pasig City,RON 91,SHELL,78.0,81.2,reported
2026-06-09,Pasig City,RON 91,TOTAL,76.41,76.41,reported
2026-06-09,Pasig City,RON 91,UNIOIL,75.1,77.6,reported
2026-06-09,Pasig City,RON 95,CALTEX,83.69,95.0,reported
2026-06-09,Pasig City,RON 95,FLYING,76.2,78.1,reported
2026-06-09,Pasig City,RON 95,INDEPENDENT,77.2,78.4,reported
2026-06-09,Pasig City,RON 95,PETRON,76.2,79.0,reported
2026-06-09,Pasig City,RON 95,PHOENIX,76.2,78.5,reported
2026-06-09,Pasig City,RON 95,SHELL,79.0,91.9,reported
2026-06-09,Pasig City,RON 95,UNIOIL,78.1,80.6,reported
2026-06-09,Pasig City,RON 97,SEAOIL,77.24,77.84,reported
2026-06-09,Pasig City,RON 97,SHELL,89.0,94.9,reported
2026-06-09,Quezon City,DIESEL,CALTEX,81.4,85.5,reported
2026-06-09,Quezon City,DIESEL,FLYING,77.09,81.45,reported
2026-06-09,Quezon City,DIESEL,INDEPENDENT,75.0,77.8,reported
2026-06-09,Quezon City,DIESEL,PETRON,76.1,85.0,reported
2026-06-09,Quezon City,DIESEL,PHOENIX,81.3,85.3,reported
2026-06-09,Quezon City,DIESEL,PTT,81.77,81.77,reported
2026-06-09,Quezon City,DIESEL,SEAOIL,80.74,82.07,reported
2026-06-09,Quezon City,DIESEL,SHELL,81.3,81.4,reported
2026-06-09,Quezon City,DIESEL,UNIOIL,81.6,81.9,reported
2026-06-09,Quezon City,DIESEL PLUS,PETRON,79.1,85.3,reported
2026-06-09,Quezon City,DIESEL PLUS,SHELL,86.9,87.3,reported
2026-06-09,Quezon City,KEROSENE,PETRON,104.6,107.9,reported
2026-06-09,Quezon City,RON 100,PETRON,85.9,89.4,reported
2026-06-09,Quezon City,RON 91,CALTEX,81.2,86.1,reported
2026-06-09,Quezon City,RON 91,FLYING,73.04,75.6,reported
2026-06-09,Quezon City,RON 91,INDEPENDENT,72.1,74.04,reported
2026-06-09,Quezon City,RON 91,PETRON,74.9,78.4,reported
2026-06-09,Quezon City,RON 91,PHOENIX,79.4,81.2,reported
2026-06-09,Quezon City,RON 91,PTT,77.3,77.3,reported
2026-06-09,Quezon City,RON 91,SEAOIL,75.5,76.2,reported
2026-06-09,Quezon City,RON 91,SHELL,77.2,79.2,reported
2026-06-09,Quezon City,RON 91,UNIOIL,75.0,76.1,reported
2026-06-09,Quezon City,RON 95,CALTEX,84.1,90.5,reported
2026-06-09,Quezon City,RON 95,FLYING,74.04,76.15,reported
2026-06-09,Quezon City,RON 95,INDEPENDENT,73.1,75.04,reported
2026-06-09,Quezon City,RON 95,PETRON,75.9,79.4,reported
2026-06-09,Quezon City,RON 95,PHOENIX,80.4,83.7,reported
2026-06-09,Quezon City,RON 95,PTT,78.8,78.8,reported
2026-06-09,Quezon City,RON 95,SHELL,84.6,92.9,reported
2026-06-09,Quezon City,RON 95,UNIOIL,79.1,80.0,reported
2026-06-09,Quezon City,RON 97,SEAOIL,76.5,77.2,reported
2026-06-09,Quezon City,RON 97,SHELL,90.4,97.0,reported
2026-06-09,Quezon City,RON 97,UNIOIL,83.0,84.1,reported
2026-06-09,Taguig Cty,DIESEL,CALTEX,77.0,83.15,reported
2026-06-09,Taguig Cty,DIESEL,FLYING,78.34,80.85,reported
2026-06-09,Taguig Cty,DIESEL,INDEPENDENT,78.9,86.99,reported
2026-06-09,Taguig Cty,DIESEL,PETRON,77.3,82.3,reported
2026-06-09,Taguig Cty,DIESEL,SEAOIL,82.07,82.07,reported
2026-06-09,Taguig Cty,DIESEL,SHELL,80.1,85.0,reported
2026-06-09,Taguig Cty,DIESEL PLUS,CALTEX,87.55,87.55,reported
2026-06-09,Taguig Cty,DIESEL PLUS,PETRON,80.3,85.3,reported
2026-06-09,Taguig Cty,DIESEL PLUS,SHELL,85.8,87.9,reported
2026-06-09,Taguig Cty,KEROSENE,CALTEX,125.93,129.0,reported
2026-06-09,Taguig Cty,RON 100,PETRON,88.9,89.5,reported
2026-06-09,Taguig Cty,RON 91,CALTEX,76.9,83.6,reported
2026-06-09,Taguig Cty,RON 91,FLYING,74.14,77.2,reported
2026-06-09,Taguig Cty,RON 91,INDEPENDENT,77.4,86.49,reported
2026-06-09,Taguig Cty,RON 91,PETRON,77.5,77.9,reported
2026-06-09,Taguig Cty,RON 91,SEAOIL,77.2,77.2,reported
2026-06-09,Taguig Cty,RON 91,SHELL,80.2,81.6,reported
2026-06-09,Taguig Cty,RON 95,CALTEX,77.9,94.6,reported
2026-06-09,Taguig Cty,RON 95,FLYING,75.14,78.2,reported
2026-06-09,Taguig Cty,RON 95,INDEPENDENT,78.1,85.89,reported
2026-06-09,Taguig Cty,RON 95,PETRON,78.7,79.5,reported
2026-06-09,Taguig Cty,RON 95,SEAOIL,78.2,78.2,reported
2026-06-09,Taguig Cty,RON 95,SHELL,87.5,90.4,reported
2026-06-09,Taguig Cty,RON 97,SHELL,91.7,96.2,reported
2026-06-09,Valenzuela City,DIESEL,FLYING,79.29,80.85,reported
2026-06-09,Valenzuela City,DIESEL,INDEPENDENT,80.8,80.8,reported
2026-06-09,Valenzuela City,DIESEL,SHELL,79.0,83.7,reported
2026-06-09,Valenzuela City,DIESEL PLUS,SHELL,88.0,93.3,reported
2026-06-09,Valenzuela City,RON 91,FLYING,74.2,76.9,reported
2026-06-09,Valenzuela City,RON 91,INDEPENDENT,75.0,75.0,reported
2026-06-09,Valenzuela City,RON 91,SHELL,78.4,81.8,reported
2026-06-09,Valenzuela City,RON 95,FLYING,74.9,77.9,reported
2026-06-09,Valenzuela City,RON 95,INDEPENDENT,76.0,76.0,reported
2026-06-09,Valenzuela City,RON 95,SHELL,84.4,88.9,reported
2026-06-09,Valenzuela City,RON 97,SHELL,99.3,101.4,reported
2026-06-16,Caloocan City,DIESEL,CALTEX,78.7,78.7,reported
2026-06-16,Caloocan City,DIESEL,FLYING,74.18,75.79,reported
2026-06-16,Caloocan City,DIESEL,INDEPENDENT,73.0,77.0,reported
2026-06-16,Caloocan City,DIESEL,PETRON,76.1,78.5,reported
2026-06-16,Caloocan City,DIESEL,SEAOIL,73.54,75.9,reported
2026-06-16,Caloocan City,DIESEL,SHELL,78.4,78.8,reported
2026-06-16,Caloocan City,DIESEL,UNIOIL,78.0,78.0,reported
2026-06-16,Caloocan City,DIESEL PLUS,PETRON,80.6,80.6,reported
2026-06-16,Caloocan City,DIESEL PLUS,SHELL,84.4,87.1,reported
2026-06-16,Caloocan City,KEROSENE,PETRON,106.2,106.9,reported
2026-06-16,Caloocan City,RON 91,CALTEX,81.6,81.6,reported
2026-06-16,Caloocan City,RON 91,FLYING,74.32,76.68,reported
2026-06-16,Caloocan City,RON 91,INDEPENDENT,73.0,78.2,reported
2026-06-16,Caloocan City,RON 91,PETRON,74.1,81.5,reported
2026-06-16,Caloocan City,RON 91,SEAOIL,73.1,84.32,reported
2026-06-16,Caloocan City,RON 91,SHELL,79.8,81.5,reported
2026-06-16,Caloocan City,RON 91,UNIOIL,79.7,79.7,reported
2026-06-16,Caloocan City,RON 95,CALTEX,93.3,93.3,reported
2026-06-16,Caloocan City,RON 95,FLYING,75.02,77.68,reported
2026-06-16,Caloocan City,RON 95,INDEPENDENT,74.0,78.7,reported
2026-06-16,Caloocan City,RON 95,PETRON,75.1,82.5,reported
2026-06-16,Caloocan City,RON 95,SHELL,87.6,91.4,reported
2026-06-16,Caloocan City,RON 95,UNIOIL,82.7,82.7,reported
2026-06-16,Caloocan City,RON 97,SEAOIL,74.1,85.32,reported
2026-06-16,Caloocan City,RON 97,SHELL,104.8,105.3,reported
2026-06-16,Makati City,DIESEL,CALTEX,76.28,78.29,reported
2026-06-16,Makati City,DIESEL,INDEPENDENT,75.9,75.9,reported
2026-06-16,Makati City,DIESEL,PETRON,77.8,78.1,reported
2026-06-16,Makati City,DIESEL,PHOENIX,86.02,86.02,reported
2026-06-16,Makati City,DIESEL,SHELL,78.3,82.0,reported
2026-06-16,Makati City,DIESEL,UNIOIL,78.1,78.4,reported
2026-06-16,Makati City,DIESEL PLUS,CALTEX,80.13,85.25,reported
2026-06-16,Makati City,DIESEL PLUS,PETRON,80.8,81.1,reported
2026-06-16,Makati City,DIESEL PLUS,SHELL,83.7,87.0,reported
2026-06-16,Makati City,RON 100,PETRON,89.7,90.0,reported
2026-06-16,Makati City,RON 91,CALTEX,80.08,85.45,reported
2026-06-16,Makati City,RON 91,INDEPENDENT,77.9,77.9,reported
2026-06-16,Makati City,RON 91,PETRON,78.7,79.0,reported
2026-06-16,Makati City,RON 91,PHOENIX,81.83,81.83,reported
2026-06-16,Makati City,RON 91,SHELL,82.3,83.9,reported
2026-06-16,Makati City,RON 91,UNIOIL,79.8,80.1,reported
2026-06-16,Makati City,RON 95,CALTEX,81.08,93.45,reported
2026-06-16,Makati City,RON 95,INDEPENDENT,78.4,78.4,reported
2026-06-16,Makati City,RON 95,PETRON,79.7,80.0,reported
2026-06-16,Makati City,RON 95,PHOENIX,82.83,82.83,reported
2026-06-16,Makati City,RON 95,SHELL,89.7,92.4,reported
2026-06-16,Makati City,RON 95,UNIOIL,82.8,83.1,reported
2026-06-16,Makati City,RON 97,PHOENIX,93.9,93.9,reported
2026-06-16,Makati City,RON 97,SHELL,92.2,93.8,reported
2026-06-16,Manila City,DIESEL,CALTEX,78.69,79.0,reported
2026-06-16,Manila City,DIESEL,FLYING,77.03,77.19,reported
2026-06-16,Manila City,DIESEL,INDEPENDENT,75.0,77.59,reported
2026-06-16,Manila City,DIESEL,PETRON,77.9,79.2,reported
2026-06-16,Manila City,DIESEL,SEAOIL,77.76,77.9,reported
2026-06-16,Manila City,DIESEL,SHELL,78.4,79.9,reported
2026-06-16,Manila City,DIESEL,TOTAL,78.56,84.67,reported
2026-06-16,Manila City,DIESEL PLUS,PETRON,80.9,82.2,reported
2026-06-16,Manila City,DIESEL PLUS,SHELL,86.2,88.3,reported
2026-06-16,Manila City,DIESEL PLUS,TOTAL,81.26,81.26,reported
2026-06-16,Manila City,KEROSENE,INDEPENDENT,105.0,105.0,reported
2026-06-16,Manila City,KEROSENE,PETRON,107.0,107.2,reported
2026-06-16,Manila City,RON 100,PETRON,87.9,90.8,reported
2026-06-16,Manila City,RON 91,CALTEX,79.99,82.3,reported
2026-06-16,Manila City,RON 91,FLYING,76.08,78.78,reported
2026-06-16,Manila City,RON 91,INDEPENDENT,74.5,75.9,reported
2026-06-16,Manila City,RON 91,PETRON,76.9,79.8,reported
2026-06-16,Manila City,RON 91,SEAOIL,74.58,76.88,reported
2026-06-16,Manila City,RON 91,SHELL,81.5,83.9,reported
2026-06-16,Manila City,RON 91,TOTAL,82.98,86.44,reported
2026-06-16,Manila City,RON 95,CALTEX,87.67,90.5,reported
2026-06-16,Manila City,RON 95,FLYING,77.08,79.78,reported
2026-06-16,Manila City,RON 95,INDEPENDENT,76.9,77.0,reported
2026-06-16,Manila City,RON 95,PETRON,77.9,80.8,reported
2026-06-16,Manila City,RON 95,SHELL,90.4,92.0,reported
2026-06-16,Manila City,RON 95,TOTAL,83.98,87.44,reported
2026-06-16,Manila City,RON 97,SEAOIL,75.58,77.88,reported
2026-06-16,Manila City,RON 97,SHELL,92.2,106.6,reported
2026-06-16,Marikina City,DIESEL,FLYING,73.53,76.29,reported
2026-06-16,Marikina City,DIESEL,INDEPENDENT,73.2,73.5,reported
2026-06-16,Marikina City,DIESEL,PETRON,78.3,78.3,reported
2026-06-16,Marikina City,DIESEL,SEAOIL,77.56,77.56,reported
2026-06-16,Marikina City,DIESEL,SHELL,78.0,78.3,reported
2026-06-16,Marikina City,DIESEL,UNIOIL,77.6,77.6,reported
2026-06-16,Marikina City,DIESEL PLUS,PETRON,81.3,81.3,reported
2026-06-16,Marikina City,DIESEL PLUS,SHELL,83.6,84.7,reported
2026-06-16,Marikina City,KEROSENE,PETRON,104.4,104.4,reported
2026-06-16,Marikina City,RON 100,PETRON,87.8,87.8,reported
2026-06-16,Marikina City,RON 91,FLYING,74.42,74.42,reported
2026-06-16,Marikina City,RON 91,INDEPENDENT,71.5,72.6,reported
2026-06-16,Marikina City,RON 91,PETRON,76.8,76.8,reported
2026-06-16,Marikina City,RON 91,SEAOIL,74.72,74.72,reported
2026-06-16,Marikina City,RON 91,SHELL,78.8,79.5,reported
2026-06-16,Marikina City,RON 91,UNIOIL,77.7,77.7,reported
2026-06-16,Marikina City,RON 95,FLYING,75.42,75.42,reported
2026-06-16,Marikina City,RON 95,INDEPENDENT,72.5,73.6,reported
2026-06-16,Marikina City,RON 95,PETRON,77.8,77.8,reported
2026-06-16,Marikina City,RON 95,SHELL,90.4,90.4,reported
2026-06-16,Marikina City,RON 95,UNIOIL,80.7,80.7,reported
2026-06-16,Marikina City,RON 97,SEAOIL,75.82,75.82,reported
2026-06-16,Marikina City,RON 97,SHELL,94.4,94.4,reported
2026-06-16,Muntinlupa City,DIESEL,CALTEX,79.15,80.66,reported
2026-06-16,Muntinlupa City,DIESEL,FLYING,76.06,76.06,reported
2026-06-16,Muntinlupa City,DIESEL,PETRON,78.2,79.1,reported
2026-06-16,Muntinlupa City,DIESEL,PHOENIX,81.56,83.58,reported
2026-06-16,Muntinlupa City,DIESEL,SEAOIL,78.19,81.6,reported
2026-06-16,Muntinlupa City,DIESEL,SHELL,77.7,81.8,reported
2026-06-16,Muntinlupa City,DIESEL,TOTAL,80.86,80.86,reported
2026-06-16,Muntinlupa City,DIESEL,UNIOIL,77.7,77.7,reported
2026-06-16,Muntinlupa City,DIESEL PLUS,PETRON,81.2,82.1,reported
2026-06-16,Muntinlupa City,DIESEL PLUS,SHELL,85.4,88.5,reported
2026-06-16,Muntinlupa City,DIESEL PLUS,TOTAL,83.86,83.86,reported
2026-06-16,Muntinlupa City,KEROSENE,CALTEX,109.09,109.09,reported
2026-06-16,Muntinlupa City,KEROSENE,SEAOIL,108.96,108.96,reported
2026-06-16,Muntinlupa City,RON 100,PETRON,88.3,94.7,reported
2026-06-16,Muntinlupa City,RON 91,CALTEX,84.25,85.18,reported
2026-06-16,Muntinlupa City,RON 91,FLYING,76.28,76.28,reported
2026-06-16,Muntinlupa City,RON 91,PETRON,77.3,83.7,reported
2026-06-16,Muntinlupa City,RON 91,PHOENIX,77.5,83.68,reported
2026-06-16,Muntinlupa City,RON 91,SEAOIL,77.28,83.55,reported
2026-06-16,Muntinlupa City,RON 91,SHELL,80.8,86.7,reported
2026-06-16,Muntinlupa City,RON 91,TOTAL,83.62,83.62,reported
2026-06-16,Muntinlupa City,RON 91,UNIOIL,80.8,80.8,reported
2026-06-16,Muntinlupa City,RON 95,CALTEX,88.34,88.89,reported
2026-06-16,Muntinlupa City,RON 95,FLYING,77.28,77.28,reported
2026-06-16,Muntinlupa City,RON 95,PETRON,78.3,84.7,reported
2026-06-16,Muntinlupa City,RON 95,PHOENIX,78.5,84.68,reported
2026-06-16,Muntinlupa City,RON 95,SHELL,92.7,98.0,reported
2026-06-16,Muntinlupa City,RON 95,TOTAL,84.64,84.64,reported
2026-06-16,Muntinlupa City,RON 95,UNIOIL,83.8,83.8,reported
2026-06-16,Muntinlupa City,RON 97,SEAOIL,78.28,84.47,reported
2026-06-16,Muntinlupa City,RON 97,SHELL,96.7,103.5,reported
2026-06-16,Navotas City,DIESEL,CALTEX,78.2,78.2,reported
2026-06-16,Navotas City,DIESEL,FLYING,76.59,76.59,reported
2026-06-16,Navotas City,RON 91,CALTEX,83.9,83.9,reported
2026-06-16,Navotas City,RON 91,FLYING,78.78,78.78,reported
2026-06-16,Navotas City,RON 95,CALTEX,87.0,87.0,reported
2026-06-16,Navotas City,RON 95,FLYING,79.38,79.38,reported
2026-06-16,Parañaque City,DIESEL,CALTEX,78.39,78.51,reported
2026-06-16,Parañaque City,DIESEL,FLYING,74.29,77.39,reported
2026-06-16,Parañaque City,DIESEL,INDEPENDENT,74.8,79.3,reported
2026-06-16,Parañaque City,DIESEL,PETRON,78.3,78.4,reported
2026-06-16,Parañaque City,DIESEL,SEAOIL,76.39,79.29,reported
2026-06-16,Parañaque City,DIESEL,SHELL,78.2,80.8,reported
2026-06-16,Parañaque City,DIESEL,TOTAL,81.93,81.93,reported
2026-06-16,Parañaque City,DIESEL,UNIOIL,76.39,78.4,reported
2026-06-16,Parañaque City,DIESEL PLUS,CALTEX,81.11,81.5,reported
2026-06-16,Parañaque City,DIESEL PLUS,PETRON,81.3,81.4,reported
2026-06-16,Parañaque City,DIESEL PLUS,SHELL,85.7,89.2,reported
2026-06-16,Parañaque City,DIESEL PLUS,TOTAL,84.53,84.53,reported
2026-06-16,Parañaque City,KEROSENE,INDEPENDENT,123.2,123.2,reported
2026-06-16,Parañaque City,RON 100,PETRON,90.4,92.4,reported
2026-06-16,Parañaque City,RON 91,CALTEX,84.5,86.15,reported
2026-06-16,Parañaque City,RON 91,FLYING,78.38,80.38,reported
2026-06-16,Parañaque City,RON 91,INDEPENDENT,77.6,81.8,reported
2026-06-16,Parañaque City,RON 91,PETRON,76.6,81.4,reported
2026-06-16,Parañaque City,RON 91,SEAOIL,81.38,81.88,reported
2026-06-16,Parañaque City,RON 91,SHELL,82.3,86.2,reported
2026-06-16,Parañaque City,RON 91,TOTAL,88.84,88.84,reported
2026-06-16,Parañaque City,RON 91,UNIOIL,81.8,82.3,reported
2026-06-16,Parañaque City,RON 95,CALTEX,90.97,92.4,reported
2026-06-16,Parañaque City,RON 95,FLYING,79.38,81.38,reported
2026-06-16,Parañaque City,RON 95,INDEPENDENT,78.6,84.8,reported
2026-06-16,Parañaque City,RON 95,PETRON,77.6,82.4,reported
2026-06-16,Parañaque City,RON 95,SHELL,92.0,96.2,reported
2026-06-16,Parañaque City,RON 95,TOTAL,89.84,89.84,reported
2026-06-16,Parañaque City,RON 95,UNIOIL,84.8,85.3,reported
2026-06-16,Parañaque City,RON 97,SEAOIL,82.38,82.83,reported
2026-06-16,Parañaque City,RON 97,SHELL,95.7,101.2,reported
2026-06-16,Pasay City,DIESEL,CALTEX,78.29,78.38,reported
2026-06-16,Pasay City,DIESEL,INDEPENDENT,73.54,75.6,reported
2026-06-16,Pasay City,DIESEL,PETRON,77.6,78.8,reported
2026-06-16,Pasay City,DIESEL,PTT,79.2,79.2,reported
2026-06-16,Pasay City,DIESEL,SHELL,78.0,78.4,reported
2026-06-16,Pasay City,DIESEL,TOTAL,78.88,78.88,reported
2026-06-16,Pasay City,DIESEL PLUS,CALTEX,81.85,81.85,reported
2026-06-16,Pasay City,DIESEL PLUS,PETRON,81.8,81.8,reported
2026-06-16,Pasay City,DIESEL PLUS,PTT,79.2,79.2,reported
2026-06-16,Pasay City,DIESEL PLUS,SHELL,82.9,87.7,reported
2026-06-16,Pasay City,DIESEL PLUS,TOTAL,86.88,86.88,reported
2026-06-16,Pasay City,KEROSENE,CALTEX,123.77,123.77,reported
2026-06-16,Pasay City,KEROSENE,PETRON,107.9,107.9,reported
2026-06-16,Pasay City,RON 100,PETRON,90.4,93.4,reported
2026-06-16,Pasay City,RON 91,CALTEX,85.08,89.76,reported
2026-06-16,Pasay City,RON 91,INDEPENDENT,75.9,82.1,reported
2026-06-16,Pasay City,RON 91,PETRON,77.4,82.4,reported
2026-06-16,Pasay City,RON 91,PTT,82.4,82.4,reported
2026-06-16,Pasay City,RON 91,SHELL,81.3,85.4,reported
2026-06-16,Pasay City,RON 91,TOTAL,90.03,90.03,reported
2026-06-16,Pasay City,RON 95,CALTEX,92.55,94.56,reported
2026-06-16,Pasay City,RON 95,INDEPENDENT,76.9,83.1,reported
2026-06-16,Pasay City,RON 95,PETRON,78.4,83.4,reported
2026-06-16,Pasay City,RON 95,PTT,82.4,82.4,reported
2026-06-16,Pasay City,RON 95,SHELL,89.4,93.9,reported
2026-06-16,Pasay City,RON 95,TOTAL,92.48,92.48,reported
2026-06-16,Pasay City,RON 97,SHELL,92.5,96.9,reported
2026-06-16,Pasig City,DIESEL,CALTEX,76.66,83.35,reported
2026-06-16,Pasig City,DIESEL,FLYING,73.39,74.09,reported
2026-06-16,Pasig City,DIESEL,INDEPENDENT,73.2,77.59,reported
2026-06-16,Pasig City,DIESEL,PETRON,77.0,78.3,reported
2026-06-16,Pasig City,DIESEL,PHOENIX,75.7,78.2,reported
2026-06-16,Pasig City,DIESEL,SEAOIL,72.01,78.0,reported
2026-06-16,Pasig City,DIESEL,SHELL,77.4,79.1,reported
2026-06-16,Pasig City,DIESEL,TOTAL,75.7,75.7,reported
2026-06-16,Pasig City,DIESEL,UNIOIL,78.0,78.2,reported
2026-06-16,Pasig City,DIESEL PLUS,PETRON,80.7,81.3,reported
2026-06-16,Pasig City,DIESEL PLUS,SHELL,78.6,91.9,reported
2026-06-16,Pasig City,KEROSENE,PETRON,107.3,107.3,reported
2026-06-16,Pasig City,RON 100,PETRON,87.3,90.7,reported
2026-06-16,Pasig City,RON 91,CALTEX,81.88,87.08,reported
2026-06-16,Pasig City,RON 91,FLYING,76.88,78.28,reported
2026-06-16,Pasig City,RON 91,INDEPENDENT,75.4,77.9,reported
2026-06-16,Pasig City,RON 91,PETRON,76.9,79.7,reported
2026-06-16,Pasig City,RON 91,PHOENIX,75.9,78.1,reported
2026-06-16,Pasig City,RON 91,SEAOIL,76.52,77.62,reported
2026-06-16,Pasig City,RON 91,SHELL,80.5,82.8,reported
2026-06-16,Pasig City,RON 91,TOTAL,77.22,77.22,reported
2026-06-16,Pasig City,RON 91,UNIOIL,77.8,80.3,reported
2026-06-16,Pasig City,RON 95,CALTEX,88.58,96.68,reported
2026-06-16,Pasig City,RON 95,FLYING,77.88,79.28,reported
2026-06-16,Pasig City,RON 95,INDEPENDENT,76.4,78.9,reported
2026-06-16,Pasig City,RON 95,PETRON,77.9,80.7,reported
2026-06-16,Pasig City,RON 95,PHOENIX,76.9,79.1,reported
2026-06-16,Pasig City,RON 95,SHELL,91.0,93.5,reported
2026-06-16,Pasig City,RON 95,UNIOIL,80.8,83.3,reported
2026-06-16,Pasig City,RON 97,SEAOIL,78.92,79.52,reported
2026-06-16,Pasig City,RON 97,SHELL,96.5,97.9,reported
2026-06-16,Quezon City,DIESEL,CALTEX,81.0,82.0,reported
2026-06-16,Quezon City,DIESEL,FLYING,73.38,76.29,reported
2026-06-16,Quezon City,DIESEL,INDEPENDENT,71.29,73.54,reported
2026-06-16,Quezon City,DIESEL,PETRON,78.2,78.6,reported
2026-06-16,Quezon City,DIESEL,PHOENIX,77.6,81.6,reported
2026-06-16,Quezon City,DIESEL,PTT,77.0,77.0,reported
2026-06-16,Quezon City,DIESEL,SEAOIL,77.03,77.09,reported
2026-06-16,Quezon City,DIESEL,SHELL,78.4,79.2,reported
2026-06-16,Quezon City,DIESEL,UNIOIL,78.2,78.3,reported
2026-06-16,Quezon City,DIESEL PLUS,PETRON,81.3,81.6,reported
2026-06-16,Quezon City,DIESEL PLUS,SHELL,84.0,90.4,reported
2026-06-16,Quezon City,KEROSENE,PETRON,108.8,108.8,reported
2026-06-16,Quezon City,RON 100,PETRON,88.3,91.1,reported
2026-06-16,Quezon City,RON 91,CALTEX,78.8,83.0,reported
2026-06-16,Quezon City,RON 91,FLYING,74.49,76.48,reported
2026-06-16,Quezon City,RON 91,INDEPENDENT,71.6,73.1,reported
2026-06-16,Quezon City,RON 91,PETRON,77.2,80.1,reported
2026-06-16,Quezon City,RON 91,PHOENIX,81.1,82.9,reported
2026-06-16,Quezon City,RON 91,PTT,77.4,77.4,reported
2026-06-16,Quezon City,RON 91,SEAOIL,77.18,77.78,reported
2026-06-16,Quezon City,RON 91,SHELL,79.8,83.6,reported
2026-06-16,Quezon City,RON 91,UNIOIL,77.7,78.2,reported
2026-06-16,Quezon City,RON 95,CALTEX,91.7,92.2,reported
2026-06-16,Quezon City,RON 95,FLYING,74.99,77.48,reported
2026-06-16,Quezon City,RON 95,INDEPENDENT,72.6,74.1,reported
2026-06-16,Quezon City,RON 95,PETRON,78.2,81.1,reported
2026-06-16,Quezon City,RON 95,PHOENIX,82.1,84.9,reported
2026-06-16,Quezon City,RON 95,PTT,78.5,78.5,reported
2026-06-16,Quezon City,RON 95,SHELL,88.7,92.4,reported
2026-06-16,Quezon City,RON 95,UNIOIL,80.7,81.2,reported
2026-06-16,Quezon City,RON 97,SEAOIL,78.18,78.78,reported
2026-06-16,Quezon City,RON 97,SHELL,92.0,97.2,reported
2026-06-16,Quezon City,RON 97,UNIOIL,85.7,86.2,reported
2026-06-16,Taguig Cty,DIESEL,CALTEX,77.39,79.44,reported
2026-06-16,Taguig Cty,DIESEL,FLYING,74.63,77.09,reported
2026-06-16,Taguig Cty,DIESEL,INDEPENDENT,78.9,89.49,reported
2026-06-16,Taguig Cty,DIESEL,PETRON,77.7,78.6,reported
2026-06-16,Taguig Cty,DIESEL,SEAOIL,75.2,75.2,reported
2026-06-16,Taguig Cty,DIESEL,SHELL,77.2,78.3,reported
2026-06-16,Taguig Cty,DIESEL PLUS,CALTEX,83.84,83.84,reported
2026-06-16,Taguig Cty,DIESEL PLUS,PETRON,80.7,81.6,reported
2026-06-16,Taguig Cty,DIESEL PLUS,SHELL,82.9,84.5,reported
2026-06-16,Taguig Cty,KEROSENE,CALTEX,125.43,128.5,reported
2026-06-16,Taguig Cty,RON 100,PETRON,87.7,91.2,reported
2026-06-16,Taguig Cty,RON 91,CALTEX,76.9,85.28,reported
2026-06-16,Taguig Cty,RON 91,FLYING,75.62,77.62,reported
2026-06-16,Taguig Cty,RON 91,INDEPENDENT,77.4,85.89,reported
2026-06-16,Taguig Cty,RON 91,PETRON,76.7,80.2,reported
2026-06-16,Taguig Cty,RON 91,SEAOIL,75.68,75.68,reported
2026-06-16,Taguig Cty,RON 91,SHELL,81.5,83.2,reported
2026-06-16,Taguig Cty,RON 95,CALTEX,77.9,96.28,reported
2026-06-16,Taguig Cty,RON 95,FLYING,76.82,78.62,reported
2026-06-16,Taguig Cty,RON 95,INDEPENDENT,78.1,86.49,reported
2026-06-16,Taguig Cty,RON 95,PETRON,77.7,81.2,reported
2026-06-16,Taguig Cty,RON 95,SEAOIL,76.18,76.18,reported
2026-06-16,Taguig Cty,RON 95,SHELL,89.1,92.0,reported
2026-06-16,Taguig Cty,RON 97,SHELL,93.3,97.8,reported
2026-06-16,Valenzuela City,DIESEL,FLYING,74.24,77.14,reported
2026-06-16,Valenzuela City,DIESEL,INDEPENDENT,77.0,77.0,reported
2026-06-16,Valenzuela City,DIESEL,SHELL,79.9,79.9,reported
2026-06-16,Valenzuela City,DIESEL PLUS,SHELL,89.5,89.5,reported
2026-06-16,Valenzuela City,RON 91,FLYING,75.03,76.18,reported
2026-06-16,Valenzuela City,RON 91,INDEPENDENT,76.6,76.6,reported
2026-06-16,Valenzuela City,RON 91,SHELL,80.0,80.0,reported
2026-06-16,Valenzuela City,RON 95,FLYING,76.03,77.18,reported
2026-06-16,Valenzuela City,RON 95,INDEPENDENT,77.6,77.6,reported
2026-06-16,Valenzuela City,RON 95,SHELL,86.0,86.0,reported
2026-06-16,Valenzuela City,RON 97,SHELL,103.0,103.0,reported
2026-06-23,Caloocan City,DIESEL,CALTEX,69.6,69.6,reported
2026-06-23,Caloocan City,DIESEL,FLYING,64.5,65.96,reported
2026-06-23,Caloocan City,DIESEL,INDEPENDENT,64.5,66.8,reported
2026-06-23,Caloocan City,DIESEL,PETRON,66.67,69.6,reported
2026-06-23,Caloocan City,DIESEL,SEAOIL,64.5,68.36,reported
2026-06-23,Caloocan City,DIESEL,SHELL,69.3,69.6,reported
2026-06-23,Caloocan City,DIESEL,UNIOIL,68.8,69.2,reported
2026-06-23,Caloocan City,DIESEL PLUS,PETRON,71.6,71.6,reported
2026-06-23,Caloocan City,DIESEL PLUS,SHELL,75.3,76.5,reported
2026-06-23,Caloocan City,KEROSENE,PETRON,96.4,97.1,reported
2026-06-23,Caloocan City,RON 91,CALTEX,77.5,77.5,reported
2026-06-23,Caloocan City,RON 91,FLYING,69.1,70.1,reported
2026-06-23,Caloocan City,RON 91,INDEPENDENT,67.0,72.3,reported
2026-06-23,Caloocan City,RON 91,PETRON,69.2,77.6,reported
2026-06-23,Caloocan City,RON 91,SEAOIL,69.2,74.2,reported
2026-06-23,Caloocan City,RON 91,SHELL,75.5,77.6,reported
2026-06-23,Caloocan City,RON 91,UNIOIL,72.6,74.6,reported
2026-06-23,Caloocan City,RON 95,CALTEX,87.5,87.5,reported
2026-06-23,Caloocan City,RON 95,FLYING,70.1,71.1,reported
2026-06-23,Caloocan City,RON 95,INDEPENDENT,68.0,72.8,reported
2026-06-23,Caloocan City,RON 95,PETRON,70.2,78.5,reported
2026-06-23,Caloocan City,RON 95,SHELL,83.4,85.5,reported
2026-06-23,Caloocan City,RON 95,UNIOIL,75.6,77.6,reported
2026-06-23,Caloocan City,RON 97,SEAOIL,70.2,75.2,reported
2026-06-23,Caloocan City,RON 97,SHELL,92.9,93.4,reported
2026-06-23,Makati City,DIESEL,CALTEX,68.32,78.29,reported
2026-06-23,Makati City,DIESEL,INDEPENDENT,66.8,66.8,reported
2026-06-23,Makati City,DIESEL,PETRON,68.8,69.1,reported
2026-06-23,Makati City,DIESEL,PHOENIX,76.98,76.98,reported
2026-06-23,Makati City,DIESEL,SHELL,68.32,69.3,reported
2026-06-23,Makati City,DIESEL,UNIOIL,68.9,69.1,reported
2026-06-23,Makati City,DIESEL PLUS,CALTEX,71.08,74.95,reported
2026-06-23,Makati City,DIESEL PLUS,PETRON,71.8,72.1,reported
2026-06-23,Makati City,DIESEL PLUS,SHELL,71.08,74.7,reported
2026-06-23,Makati City,RON 100,PETRON,85.8,86.1,reported
2026-06-23,Makati City,RON 91,CALTEX,77.77,80.08,reported
2026-06-23,Makati City,RON 91,INDEPENDENT,74.0,74.0,reported
2026-06-23,Makati City,RON 91,PETRON,74.8,75.1,reported
2026-06-23,Makati City,RON 91,PHOENIX,75.88,75.88,reported
2026-06-23,Makati City,RON 91,SHELL,77.07,80.0,reported
2026-06-23,Makati City,RON 91,UNIOIL,74.0,75.1,reported
2026-06-23,Makati City,RON 95,CALTEX,77.3,87.0,reported
2026-06-23,Makati City,RON 95,INDEPENDENT,74.5,74.5,reported
2026-06-23,Makati City,RON 95,PETRON,75.8,76.1,reported
2026-06-23,Makati City,RON 95,PHOENIX,78.93,78.93,reported
2026-06-23,Makati City,RON 95,SHELL,77.3,88.1,reported
2026-06-23,Makati City,RON 95,UNIOIL,77.0,78.1,reported
2026-06-23,Makati City,RON 97,PHOENIX,90.0,90.0,reported
2026-06-23,Makati City,RON 97,SHELL,89.9,89.9,reported
2026-06-23,Manila City,DIESEL,CALTEX,69.55,70.0,reported
2026-06-23,Manila City,DIESEL,FLYING,67.98,68.16,reported
2026-06-23,Manila City,DIESEL,INDEPENDENT,65.96,68.6,reported
2026-06-23,Manila City,DIESEL,PETRON,68.9,70.0,reported
2026-06-23,Manila City,DIESEL,SEAOIL,68.72,68.86,reported
2026-06-23,Manila City,DIESEL,SHELL,69.3,70.8,reported
2026-06-23,Manila City,DIESEL,TOTAL,69.52,75.63,reported
2026-06-23,Manila City,DIESEL PLUS,PETRON,71.9,73.0,reported
2026-06-23,Manila City,DIESEL PLUS,SHELL,76.3,77.9,reported
2026-06-23,Manila City,DIESEL PLUS,TOTAL,72.22,72.22,reported
2026-06-23,Manila City,KEROSENE,INDEPENDENT,98.0,98.0,reported
2026-06-23,Manila City,KEROSENE,PETRON,97.2,97.5,reported
2026-06-23,Manila City,RON 100,PETRON,82.5,83.1,reported
2026-06-23,Manila City,RON 91,CALTEX,76.4,78.4,reported
2026-06-23,Manila City,RON 91,FLYING,68.6,73.26,reported
2026-06-23,Manila City,RON 91,INDEPENDENT,70.6,72.59,reported
2026-06-23,Manila City,RON 91,PETRON,71.5,72.1,reported
2026-06-23,Manila City,RON 91,SEAOIL,68.5,72.98,reported
2026-06-23,Manila City,RON 91,SHELL,76.8,78.9,reported
2026-06-23,Manila City,RON 91,TOTAL,79.08,82.54,reported
2026-06-23,Manila City,RON 95,CALTEX,83.98,86.6,reported
2026-06-23,Manila City,RON 95,FLYING,70.8,73.79,reported
2026-06-23,Manila City,RON 95,INDEPENDENT,72.59,73.59,reported
2026-06-23,Manila City,RON 95,PETRON,72.5,73.1,reported
2026-06-23,Manila City,RON 95,SHELL,84.7,88.1,reported
2026-06-23,Manila City,RON 95,TOTAL,80.08,83.54,reported
2026-06-23,Manila City,RON 97,SEAOIL,70.8,72.91,reported
2026-06-23,Manila City,RON 97,SHELL,88.3,94.7,reported
2026-06-23,Marikina City,DIESEL,FLYING,64.46,66.06,reported
2026-06-23,Marikina City,DIESEL,INDEPENDENT,64.46,68.6,reported
2026-06-23,Marikina City,DIESEL,PETRON,68.6,68.6,reported
2026-06-23,Marikina City,DIESEL,SEAOIL,68.52,68.52,reported
2026-06-23,Marikina City,DIESEL,SHELL,68.9,69.2,reported
2026-06-23,Marikina City,DIESEL,UNIOIL,68.6,69.1,reported
2026-06-23,Marikina City,DIESEL PLUS,PETRON,71.6,71.6,reported
2026-06-23,Marikina City,DIESEL PLUS,SHELL,74.5,75.6,reported
2026-06-23,Marikina City,KEROSENE,PETRON,94.6,94.6,reported
2026-06-23,Marikina City,RON 100,PETRON,82.1,82.1,reported
2026-06-23,Marikina City,RON 91,FLYING,67.04,67.6,reported
2026-06-23,Marikina City,RON 91,INDEPENDENT,67.6,71.1,reported
2026-06-23,Marikina City,RON 91,PETRON,71.1,71.1,reported
2026-06-23,Marikina City,RON 91,SEAOIL,70.82,70.82,reported
2026-06-23,Marikina City,RON 91,SHELL,74.1,74.6,reported
2026-06-23,Marikina City,RON 91,UNIOIL,71.1,71.6,reported
2026-06-23,Marikina City,RON 95,FLYING,68.04,68.6,reported
2026-06-23,Marikina City,RON 95,INDEPENDENT,68.6,72.1,reported
2026-06-23,Marikina City,RON 95,PETRON,72.1,72.1,reported
2026-06-23,Marikina City,RON 95,SHELL,84.6,85.0,reported
2026-06-23,Marikina City,RON 95,UNIOIL,74.1,74.6,reported
2026-06-23,Marikina City,RON 97,SEAOIL,71.92,71.92,reported
2026-06-23,Marikina City,RON 97,SHELL,86.5,88.1,reported
2026-06-23,Muntinlupa City,DIESEL,CALTEX,71.07,71.81,reported
2026-06-23,Muntinlupa City,DIESEL,FLYING,67.02,67.02,reported
2026-06-23,Muntinlupa City,DIESEL,PETRON,69.2,70.1,reported
2026-06-23,Muntinlupa City,DIESEL,PHOENIX,72.52,74.54,reported
2026-06-23,Muntinlupa City,DIESEL,SEAOIL,69.15,72.56,reported
2026-06-23,Muntinlupa City,DIESEL,SHELL,68.7,71.9,reported
2026-06-23,Muntinlupa City,DIESEL,UNIOIL,69.7,69.7,reported
2026-06-23,Muntinlupa City,DIESEL PLUS,PETRON,72.2,73.1,reported
2026-06-23,Muntinlupa City,DIESEL PLUS,SHELL,76.3,79.4,reported
2026-06-23,Muntinlupa City,KEROSENE,CALTEX,98.39,98.39,reported
2026-06-23,Muntinlupa City,KEROSENE,SEAOIL,99.14,99.14,reported
2026-06-23,Muntinlupa City,RON 100,PETRON,80.7,90.8,reported
2026-06-23,Muntinlupa City,RON 91,CALTEX,77.58,81.28,reported
2026-06-23,Muntinlupa City,RON 91,FLYING,67.7,67.7,reported
2026-06-23,Muntinlupa City,RON 91,PETRON,69.7,79.8,reported
2026-06-23,Muntinlupa City,RON 91,PHOENIX,73.6,79.5,reported
2026-06-23,Muntinlupa City,RON 91,SEAOIL,73.38,79.65,reported
2026-06-23,Muntinlupa City,RON 91,SHELL,75.9,82.3,reported
2026-06-23,Muntinlupa City,RON 91,UNIOIL,71.4,71.4,reported
2026-06-23,Muntinlupa City,RON 95,CALTEX,84.99,85.6,reported
2026-06-23,Muntinlupa City,RON 95,FLYING,68.7,68.7,reported
2026-06-23,Muntinlupa City,RON 95,PETRON,70.7,80.8,reported
2026-06-23,Muntinlupa City,RON 95,PHOENIX,74.6,80.5,reported
2026-06-23,Muntinlupa City,RON 95,SHELL,84.8,91.1,reported
2026-06-23,Muntinlupa City,RON 95,UNIOIL,74.4,74.4,reported
2026-06-23,Muntinlupa City,RON 97,SEAOIL,74.38,80.57,reported
2026-06-23,Muntinlupa City,RON 97,SHELL,87.8,96.6,reported
2026-06-23,Navotas City,DIESEL,CALTEX,69.2,69.2,reported
2026-06-23,Navotas City,DIESEL,FLYING,67.56,67.56,reported
2026-06-23,Navotas City,DIESEL,UNIOIL,69.2,69.2,reported
2026-06-23,Navotas City,RON 91,CALTEX,78.9,78.9,reported
2026-06-23,Navotas City,RON 91,FLYING,74.9,74.9,reported
2026-06-23,Navotas City,RON 91,UNIOIL,75.9,75.9,reported
2026-06-23,Navotas City,RON 95,CALTEX,81.8,81.8,reported
2026-06-23,Navotas City,RON 95,FLYING,79.5,79.5,reported
2026-06-23,Navotas City,RON 95,UNIOIL,78.9,78.9,reported
2026-06-23,Parañaque City,DIESEL,CALTEX,69.35,69.51,reported
2026-06-23,Parañaque City,DIESEL,FLYING,67.26,68.8,reported
2026-06-23,Parañaque City,DIESEL,INDEPENDENT,67.2,70.3,reported
2026-06-23,Parañaque City,DIESEL,PETRON,68.9,69.4,reported
2026-06-23,Parañaque City,DIESEL,SEAOIL,69.36,70.25,reported
2026-06-23,Parañaque City,DIESEL,SHELL,69.1,70.9,reported
2026-06-23,Parañaque City,DIESEL,TOTAL,72.89,72.89,reported
2026-06-23,Parañaque City,DIESEL,UNIOIL,68.8,70.3,reported
2026-06-23,Parañaque City,DIESEL PLUS,CALTEX,72.11,72.5,reported
2026-06-23,Parañaque City,DIESEL PLUS,PETRON,71.9,72.4,reported
2026-06-23,Parañaque City,DIESEL PLUS,SHELL,76.1,78.0,reported
2026-06-23,Parañaque City,DIESEL PLUS,TOTAL,75.49,75.49,reported
2026-06-23,Parañaque City,KEROSENE,INDEPENDENT,113.2,113.2,reported
2026-06-23,Parañaque City,RON 100,PETRON,83.7,86.5,reported
2026-06-23,Parañaque City,RON 91,CALTEX,80.5,82.25,reported
2026-06-23,Parañaque City,RON 91,FLYING,71.7,75.8,reported
2026-06-23,Parañaque City,RON 91,INDEPENDENT,72.5,77.9,reported
2026-06-23,Parañaque City,RON 91,PETRON,72.7,75.5,reported
2026-06-23,Parañaque City,RON 91,SEAOIL,72.7,78.0,reported
2026-06-23,Parañaque City,RON 91,SHELL,78.3,81.4,reported
2026-06-23,Parañaque City,RON 91,TOTAL,84.94,84.94,reported
2026-06-23,Parañaque City,RON 91,UNIOIL,72.7,77.9,reported
2026-06-23,Parañaque City,RON 95,CALTEX,88.48,90.28,reported
2026-06-23,Parañaque City,RON 95,FLYING,72.7,76.3,reported
2026-06-23,Parañaque City,RON 95,INDEPENDENT,73.0,80.9,reported
2026-06-23,Parañaque City,RON 95,PETRON,73.7,76.5,reported
2026-06-23,Parañaque City,RON 95,SHELL,87.3,89.0,reported
2026-06-23,Parañaque City,RON 95,TOTAL,85.94,85.94,reported
2026-06-23,Parañaque City,RON 95,UNIOIL,75.7,80.0,reported
2026-06-23,Parañaque City,RON 97,SEAOIL,73.7,79.0,reported
2026-06-23,Parañaque City,RON 97,SHELL,89.9,92.3,reported
2026-06-23,Pasay City,DIESEL,CALTEX,69.33,71.95,reported
2026-06-23,Pasay City,DIESEL,INDEPENDENT,64.5,69.5,reported
2026-06-23,Pasay City,DIESEL,PETRON,68.4,69.0,reported
2026-06-23,Pasay City,DIESEL,PTT,68.8,68.8,reported
2026-06-23,Pasay City,DIESEL,SHELL,68.8,70.4,reported
2026-06-23,Pasay City,DIESEL,TOTAL,69.84,69.84,reported
2026-06-23,Pasay City,DIESEL,UNIOIL,69.0,69.5,reported
2026-06-23,Pasay City,DIESEL PLUS,CALTEX,72.8,72.8,reported
2026-06-23,Pasay City,DIESEL PLUS,PETRON,71.4,71.4,reported
2026-06-23,Pasay City,DIESEL PLUS,PTT,68.8,68.8,reported
2026-06-23,Pasay City,DIESEL PLUS,SHELL,73.8,78.6,reported
2026-06-23,Pasay City,DIESEL PLUS,TOTAL,73.84,73.84,reported
2026-06-23,Pasay City,KEROSENE,CALTEX,113.07,113.07,reported
2026-06-23,Pasay City,KEROSENE,PETRON,98.1,98.1,reported
2026-06-23,Pasay City,RON 100,PETRON,83.8,84.0,reported
2026-06-23,Pasay City,RON 91,CALTEX,80.5,85.86,reported
2026-06-23,Pasay City,RON 91,INDEPENDENT,72.0,78.4,reported
2026-06-23,Pasay City,RON 91,PETRON,72.8,73.5,reported
2026-06-23,Pasay City,RON 91,PTT,72.8,72.8,reported
2026-06-23,Pasay City,RON 91,SHELL,77.4,81.0,reported
2026-06-23,Pasay City,RON 91,TOTAL,87.13,87.13,reported
2026-06-23,Pasay City,RON 91,UNIOIL,73.0,78.4,reported
2026-06-23,Pasay City,RON 95,CALTEX,88.65,90.66,reported
2026-06-23,Pasay City,RON 95,INDEPENDENT,73.0,79.4,reported
2026-06-23,Pasay City,RON 95,PETRON,73.8,74.5,reported
2026-06-23,Pasay City,RON 95,PTT,72.8,72.8,reported
2026-06-23,Pasay City,RON 95,SHELL,85.3,87.0,reported
2026-06-23,Pasay City,RON 95,TOTAL,88.58,88.58,reported
2026-06-23,Pasay City,RON 95,UNIOIL,76.0,81.4,reported
2026-06-23,Pasay City,RON 97,SHELL,88.6,90.0,reported
2026-06-23,Pasig City,DIESEL,CALTEX,67.61,74.3,reported
2026-06-23,Pasig City,DIESEL,FLYING,64.06,65.56,reported
2026-06-23,Pasig City,DIESEL,INDEPENDENT,68.4,70.5,reported
2026-06-23,Pasig City,DIESEL,PETRON,68.4,69.5,reported
2026-06-23,Pasig City,DIESEL,PHOENIX,66.66,69.9,reported
2026-06-23,Pasig City,DIESEL,SEAOIL,65.89,68.7,reported
2026-06-23,Pasig City,DIESEL,SHELL,68.3,70.0,reported
2026-06-23,Pasig City,DIESEL,TOTAL,66.66,66.66,reported
2026-06-23,Pasig City,DIESEL,UNIOIL,68.4,68.7,reported
2026-06-23,Pasig City,DIESEL PLUS,PETRON,71.4,72.5,reported
2026-06-23,Pasig City,DIESEL PLUS,SHELL,69.5,79.9,reported
2026-06-23,Pasig City,KEROSENE,PETRON,97.5,97.5,reported
2026-06-23,Pasig City,RON 100,PETRON,81.2,84.6,reported
2026-06-23,Pasig City,RON 91,CALTEX,75.97,83.18,reported
2026-06-23,Pasig City,RON 91,FLYING,71.1,72.7,reported
2026-06-23,Pasig City,RON 91,INDEPENDENT,65.2,73.6,reported
2026-06-23,Pasig City,RON 91,PETRON,70.2,73.6,reported
2026-06-23,Pasig City,RON 91,PHOENIX,71.1,74.2,reported
2026-06-23,Pasig City,RON 91,SEAOIL,71.9,72.9,reported
2026-06-23,Pasig City,RON 91,SHELL,74.2,78.9,reported
2026-06-23,Pasig City,RON 91,TOTAL,73.32,73.32,reported
2026-06-23,Pasig City,RON 91,UNIOIL,71.3,73.6,reported
2026-06-23,Pasig City,RON 95,CALTEX,84.59,92.78,reported
2026-06-23,Pasig City,RON 95,FLYING,71.6,73.7,reported
2026-06-23,Pasig City,RON 95,INDEPENDENT,71.5,74.6,reported
2026-06-23,Pasig City,RON 95,PETRON,71.2,74.6,reported
2026-06-23,Pasig City,RON 95,PHOENIX,71.6,75.2,reported
2026-06-23,Pasig City,RON 95,SHELL,83.4,87.8,reported
2026-06-23,Pasig City,RON 95,UNIOIL,74.3,76.6,reported
2026-06-23,Pasig City,RON 97,SEAOIL,73.9,74.9,reported
2026-06-23,Pasig City,RON 97,SHELL,87.0,88.9,reported
2026-06-23,Quezon City,DIESEL,CALTEX,72.0,73.0,reported
2026-06-23,Quezon City,DIESEL,FLYING,64.16,68.76,reported
2026-06-23,Quezon City,DIESEL,INDEPENDENT,62.6,64.5,reported
2026-06-23,Quezon City,DIESEL,PETRON,69.0,69.5,reported
2026-06-23,Quezon City,DIESEL,PHOENIX,68.6,72.6,reported
2026-06-23,Quezon City,DIESEL,PTT,69.8,69.8,reported
2026-06-23,Quezon City,DIESEL,SEAOIL,67.5,68.05,reported
2026-06-23,Quezon City,DIESEL,SHELL,69.3,70.1,reported
2026-06-23,Quezon City,DIESEL,UNIOIL,69.2,69.3,reported
2026-06-23,Quezon City,DIESEL PLUS,PETRON,72.0,72.5,reported
2026-06-23,Quezon City,DIESEL PLUS,SHELL,74.9,77.3,reported
2026-06-23,Quezon City,KEROSENE,PETRON,99.0,99.0,reported
2026-06-23,Quezon City,RON 100,PETRON,81.28,84.1,reported
2026-06-23,Quezon City,RON 91,CALTEX,74.9,79.1,reported
2026-06-23,Quezon City,RON 91,FLYING,68.9,73.4,reported
2026-06-23,Quezon City,RON 91,INDEPENDENT,67.0,69.1,reported
2026-06-23,Quezon City,RON 91,PETRON,70.2,73.1,reported
2026-06-23,Quezon City,RON 91,PHOENIX,74.2,79.0,reported
2026-06-23,Quezon City,RON 91,PTT,73.9,73.9,reported
2026-06-23,Quezon City,RON 91,SEAOIL,70.8,72.78,reported
2026-06-23,Quezon City,RON 91,SHELL,74.1,75.9,reported
2026-06-23,Quezon City,RON 91,UNIOIL,70.2,73.8,reported
2026-06-23,Quezon City,RON 95,CALTEX,87.8,88.3,reported
2026-06-23,Quezon City,RON 95,FLYING,69.9,74.4,reported
2026-06-23,Quezon City,RON 95,INDEPENDENT,68.5,70.1,reported
2026-06-23,Quezon City,RON 95,PETRON,71.2,82.1,reported
2026-06-23,Quezon City,RON 95,PHOENIX,75.2,81.0,reported
2026-06-23,Quezon City,RON 95,PTT,74.9,74.9,reported
2026-06-23,Quezon City,RON 95,SHELL,83.8,85.8,reported
2026-06-23,Quezon City,RON 95,UNIOIL,73.2,76.6,reported
2026-06-23,Quezon City,RON 97,SEAOIL,71.8,73.78,reported
2026-06-23,Quezon City,RON 97,SHELL,88.1,93.2,reported
2026-06-23,Quezon City,RON 97,UNIOIL,78.2,81.8,reported
2026-06-23,Taguig Cty,DIESEL,CALTEX,68.34,70.39,reported
2026-06-23,Taguig Cty,DIESEL,FLYING,64.31,64.56,reported
2026-06-23,Taguig Cty,DIESEL,INDEPENDENT,69.18,79.99,reported
2026-06-23,Taguig Cty,DIESEL,PETRON,68.7,69.0,reported
2026-06-23,Taguig Cty,DIESEL,SEAOIL,68.4,68.4,reported
2026-06-23,Taguig Cty,DIESEL,SHELL,68.1,69.2,reported
2026-06-23,Taguig Cty,DIESEL PLUS,CALTEX,74.79,74.79,reported
2026-06-23,Taguig Cty,DIESEL PLUS,PETRON,71.7,72.0,reported
2026-06-23,Taguig Cty,DIESEL PLUS,SHELL,73.8,75.4,reported
2026-06-23,Taguig Cty,KEROSENE,CALTEX,114.75,125.5,reported
2026-06-23,Taguig Cty,RON 100,PETRON,83.8,85.1,reported
2026-06-23,Taguig Cty,RON 91,CALTEX,72.5,81.38,reported
2026-06-23,Taguig Cty,RON 91,FLYING,71.3,71.5,reported
2026-06-23,Taguig Cty,RON 91,INDEPENDENT,75.48,83.39,reported
2026-06-23,Taguig Cty,RON 91,PETRON,72.8,74.4,reported
2026-06-23,Taguig Cty,RON 91,SEAOIL,72.0,72.0,reported
2026-06-23,Taguig Cty,RON 91,SHELL,75.2,77.0,reported
2026-06-23,Taguig Cty,RON 95,CALTEX,73.0,92.38,reported
2026-06-23,Taguig Cty,RON 95,FLYING,71.8,72.0,reported
2026-06-23,Taguig Cty,RON 95,INDEPENDENT,76.7,82.89,reported
2026-06-23,Taguig Cty,RON 95,PETRON,73.8,75.4,reported
2026-06-23,Taguig Cty,RON 95,SEAOIL,73.0,73.0,reported
2026-06-23,Taguig Cty,RON 95,SHELL,85.1,86.2,reported
2026-06-23,Taguig Cty,RON 97,SHELL,87.2,89.9,reported
2026-06-23,Valenzuela City,DIESEL,FLYING,64.85,68.16,reported
2026-06-23,Valenzuela City,DIESEL,INDEPENDENT,68.0,68.0,reported
2026-06-23,Valenzuela City,DIESEL,UNIOIL,66.4,69.2,reported
2026-06-23,Valenzuela City,RON 91,FLYING,69.1,70.9,reported
2026-06-23,Valenzuela City,RON 91,INDEPENDENT,71.8,71.8,reported
2026-06-23,Valenzuela City,RON 91,UNIOIL,72.6,78.4,reported
2026-06-23,Valenzuela City,RON 95,FLYING,69.54,71.9,reported
2026-06-23,Valenzuela City,RON 95,INDEPENDENT,72.8,72.8,reported
2026-06-23,Valenzuela City,RON 95,UNIOIL,75.6,81.4,reported
2026-07-07,Caloocan City,DIESEL,CALTEX,73.6,73.6,reported
2026-07-07,Caloocan City,DIESEL,FLYING,70.3,72.1,reported
2026-07-07,Caloocan City,DIESEL,INDEPENDENT,66.5,71.2,reported
2026-07-07,Caloocan City,DIESEL,PETRON,71.3,73.7,reported
2026-07-07,Caloocan City,DIESEL,SEAOIL,68.3,71.74,reported
2026-07-07,Caloocan City,DIESEL,SHELL,73.4,73.7,reported
2026-07-07,Caloocan City,DIESEL,UNIOIL,71.3,73.4,reported
2026-07-07,Caloocan City,DIESEL PLUS,PETRON,76.0,76.0,reported
2026-07-07,Caloocan City,DIESEL PLUS,SHELL,79.4,79.6,reported
2026-07-07,Caloocan City,KEROSENE,PETRON,99.3,100.0,reported
2026-07-07,Caloocan City,RON 91,CALTEX,76.9,76.9,reported
2026-07-07,Caloocan City,RON 91,FLYING,67.2,70.2,reported
2026-07-07,Caloocan City,RON 91,INDEPENDENT,67.0,74.1,reported
2026-07-07,Caloocan City,RON 91,PETRON,69.7,78.1,reported
2026-07-07,Caloocan City,RON 91,SEAOIL,67.25,76.1,reported
2026-07-07,Caloocan City,RON 91,SHELL,73.05,76.6,reported
2026-07-07,Caloocan City,RON 91,UNIOIL,73.2,74.5,reported
2026-07-07,Caloocan City,RON 95,CALTEX,88.3,88.3,reported
2026-07-07,Caloocan City,RON 95,FLYING,68.6,71.2,reported
2026-07-07,Caloocan City,RON 95,INDEPENDENT,68.0,74.6,reported
2026-07-07,Caloocan City,RON 95,PETRON,70.7,79.1,reported
2026-07-07,Caloocan City,RON 95,SHELL,77.85,85.2,reported
2026-07-07,Caloocan City,RON 95,UNIOIL,76.2,77.5,reported
2026-07-07,Caloocan City,RON 97,SEAOIL,68.75,77.1,reported
2026-07-07,Caloocan City,RON 97,SHELL,87.2,94.7,reported
2026-07-07,Makati City,DIESEL,CALTEX,72.19,73.2,reported
2026-07-07,Makati City,DIESEL,INDEPENDENT,71.2,71.2,reported
2026-07-07,Makati City,DIESEL,PETRON,72.9,73.2,reported
2026-07-07,Makati City,DIESEL,PHOENIX,76.9,76.9,reported
2026-07-07,Makati City,DIESEL,SHELL,73.2,73.3,reported
2026-07-07,Makati City,DIESEL,UNIOIL,73.0,73.2,reported
2026-07-07,Makati City,DIESEL PLUS,CALTEX,75.19,86.15,reported
2026-07-07,Makati City,DIESEL PLUS,PETRON,75.9,76.2,reported
2026-07-07,Makati City,DIESEL PLUS,SHELL,78.2,78.7,reported
2026-07-07,Makati City,RON 100,PETRON,85.2,85.4,reported
2026-07-07,Makati City,RON 91,CALTEX,77.0,79.95,reported
2026-07-07,Makati City,RON 91,INDEPENDENT,76.1,76.1,reported
2026-07-07,Makati City,RON 91,PETRON,74.2,74.4,reported
2026-07-07,Makati City,RON 91,PHOENIX,76.7,76.7,reported
2026-07-07,Makati City,RON 91,SHELL,77.1,78.5,reported
2026-07-07,Makati City,RON 91,UNIOIL,74.2,76.6,reported
2026-07-07,Makati City,RON 95,CALTEX,78.0,87.3,reported
2026-07-07,Makati City,RON 95,INDEPENDENT,76.6,76.6,reported
2026-07-07,Makati City,RON 95,PETRON,75.2,75.4,reported
2026-07-07,Makati City,RON 95,PHOENIX,78.9,78.9,reported
2026-07-07,Makati City,RON 95,SHELL,83.9,83.9,reported
2026-07-07,Makati City,RON 95,UNIOIL,77.2,79.6,reported
2026-07-07,Makati City,RON 97,PHOENIX,90.0,90.0,reported
2026-07-07,Makati City,RON 97,SHELL,88.4,88.4,reported
2026-07-07,Manila City,DIESEL,CALTEX,73.5,74.9,reported
2026-07-07,Manila City,DIESEL,FLYING,70.98,71.7,reported
2026-07-07,Manila City,DIESEL,INDEPENDENT,67.2,69.6,reported
2026-07-07,Manila City,DIESEL,PETRON,73.1,74.4,reported
2026-07-07,Manila City,DIESEL,SEAOIL,72.86,73.3,reported
2026-07-07,Manila City,DIESEL,SHELL,73.4,74.9,reported
2026-07-07,Manila City,DIESEL,TOTAL,69.06,69.06,reported
2026-07-07,Manila City,DIESEL,UNIOIL,73.3,73.7,reported
2026-07-07,Manila City,DIESEL PLUS,PETRON,76.1,77.4,reported
2026-07-07,Manila City,DIESEL PLUS,SHELL,79.3,80.8,reported
2026-07-07,Manila City,KEROSENE,INDEPENDENT,98.0,98.0,reported
2026-07-07,Manila City,KEROSENE,PETRON,100.1,100.4,reported
2026-07-07,Manila City,RON 100,PETRON,81.0,85.0,reported
2026-07-07,Manila City,RON 91,CALTEX,74.98,78.3,reported
2026-07-07,Manila City,RON 91,FLYING,67.2,74.19,reported
2026-07-07,Manila City,RON 91,INDEPENDENT,68.98,73.99,reported
2026-07-07,Manila City,RON 91,PETRON,70.0,74.0,reported
2026-07-07,Manila City,RON 91,SEAOIL,70.05,73.4,reported
2026-07-07,Manila City,RON 91,SHELL,76.5,79.4,reported
2026-07-07,Manila City,RON 91,TOTAL,71.76,71.76,reported
2026-07-07,Manila City,RON 91,UNIOIL,74.5,75.2,reported
2026-07-07,Manila City,RON 95,CALTEX,82.8,85.0,reported
2026-07-07,Manila City,RON 95,FLYING,69.2,75.19,reported
2026-07-07,Manila City,RON 95,INDEPENDENT,72.0,74.99,reported
2026-07-07,Manila City,RON 95,PETRON,71.0,75.0,reported
2026-07-07,Manila City,RON 95,SHELL,81.9,85.2,reported
2026-07-07,Manila City,RON 95,TOTAL,75.33,85.89,reported
2026-07-07,Manila City,RON 95,UNIOIL,77.5,78.2,reported
2026-07-07,Manila City,RON 97,SEAOIL,71.05,74.4,reported
2026-07-07,Manila City,RON 97,SHELL,87.7,91.7,reported
2026-07-07,Marikina City,DIESEL,FLYING,69.7,70.7,reported
2026-07-07,Marikina City,DIESEL,INDEPENDENT,66.6,68.3,reported
2026-07-07,Marikina City,DIESEL,PETRON,72.7,72.7,reported
2026-07-07,Marikina City,DIESEL,SEAOIL,70.28,70.28,reported
2026-07-07,Marikina City,DIESEL,SHELL,73.0,73.3,reported
2026-07-07,Marikina City,DIESEL,UNIOIL,72.7,73.2,reported
2026-07-07,Marikina City,DIESEL PLUS,PETRON,75.7,75.7,reported
2026-07-07,Marikina City,DIESEL PLUS,SHELL,78.6,79.7,reported
2026-07-07,Marikina City,KEROSENE,PETRON,97.5,97.5,reported
2026-07-07,Marikina City,RON 100,PETRON,82.0,82.0,reported
2026-07-07,Marikina City,RON 91,FLYING,67.8,67.8,reported
2026-07-07,Marikina City,RON 91,INDEPENDENT,67.6,69.25,reported
2026-07-07,Marikina City,RON 91,PETRON,71.0,71.0,reported
2026-07-07,Marikina City,RON 91,SEAOIL,69.5,69.5,reported
2026-07-07,Marikina City,RON 91,SHELL,74.4,74.4,reported
2026-07-07,Marikina City,RON 91,UNIOIL,71.0,71.0,reported
2026-07-07,Marikina City,RON 95,FLYING,68.8,68.8,reported
2026-07-07,Marikina City,RON 95,INDEPENDENT,68.6,70.0,reported
2026-07-07,Marikina City,RON 95,PETRON,72.0,72.0,reported
2026-07-07,Marikina City,RON 95,SHELL,79.8,79.8,reported
2026-07-07,Marikina City,RON 95,UNIOIL,74.0,74.9,reported
2026-07-07,Marikina City,RON 97,SEAOIL,70.5,70.5,reported
2026-07-07,Marikina City,RON 97,SHELL,88.3,89.9,reported
2026-07-07,Muntinlupa City,DIESEL,CALTEX,74.81,75.08,reported
2026-07-07,Muntinlupa City,DIESEL,FLYING,72.3,72.3,reported
2026-07-07,Muntinlupa City,DIESEL,PETRON,73.4,74.2,reported
2026-07-07,Muntinlupa City,DIESEL,PHOENIX,74.1,74.5,reported
2026-07-07,Muntinlupa City,DIESEL,SEAOIL,73.29,73.5,reported
2026-07-07,Muntinlupa City,DIESEL,SHELL,72.7,76.0,reported
2026-07-07,Muntinlupa City,DIESEL,UNIOIL,73.8,73.8,reported
2026-07-07,Muntinlupa City,DIESEL PLUS,PETRON,76.3,77.2,reported
2026-07-07,Muntinlupa City,DIESEL PLUS,SHELL,80.2,83.5,reported
2026-07-07,Muntinlupa City,KEROSENE,CALTEX,101.34,101.34,reported
2026-07-07,Muntinlupa City,KEROSENE,SEAOIL,102.11,102.11,reported
2026-07-07,Muntinlupa City,RON 100,PETRON,81.8,87.2,reported
2026-07-07,Muntinlupa City,RON 91,CALTEX,74.8,79.43,reported
2026-07-07,Muntinlupa City,RON 91,FLYING,69.55,69.55,reported
2026-07-07,Muntinlupa City,RON 91,PETRON,70.8,76.2,reported
2026-07-07,Muntinlupa City,RON 91,PHOENIX,73.6,80.8,reported
2026-07-07,Muntinlupa City,RON 91,SEAOIL,71.6,75.28,reported
2026-07-07,Muntinlupa City,RON 91,SHELL,73.1,83.2,reported
2026-07-07,Muntinlupa City,RON 91,UNIOIL,71.2,71.2,reported
2026-07-07,Muntinlupa City,RON 95,CALTEX,83.16,87.45,reported
2026-07-07,Muntinlupa City,RON 95,FLYING,70.55,70.55,reported
2026-07-07,Muntinlupa City,RON 95,PETRON,71.8,77.2,reported
2026-07-07,Muntinlupa City,RON 95,PHOENIX,74.6,81.8,reported
2026-07-07,Muntinlupa City,RON 95,SHELL,76.6,88.6,reported
2026-07-07,Muntinlupa City,RON 95,UNIOIL,74.2,74.2,reported
2026-07-07,Muntinlupa City,RON 97,SEAOIL,72.6,76.78,reported
2026-07-07,Muntinlupa City,RON 97,SHELL,85.6,91.1,reported
2026-07-07,Navotas City,DIESEL,CALTEX,72.7,72.7,reported
2026-07-07,Navotas City,DIESEL,FLYING,71.7,71.7,reported
2026-07-07,Navotas City,DIESEL,UNIOIL,72.8,72.8,reported
2026-07-07,Navotas City,RON 91,CALTEX,77.3,77.3,reported
2026-07-07,Navotas City,RON 91,FLYING,76.75,76.75,reported
2026-07-07,Navotas City,RON 91,UNIOIL,73.1,73.1,reported
2026-07-07,Navotas City,RON 95,CALTEX,81.6,81.6,reported
2026-07-07,Navotas City,RON 95,FLYING,77.75,77.75,reported
2026-07-07,Navotas City,RON 95,UNIOIL,76.1,76.1,reported
2026-07-07,Parañaque City,DIESEL,CALTEX,72.7,73.57,reported
2026-07-07,Parañaque City,DIESEL,FLYING,69.35,71.3,reported
2026-07-07,Parañaque City,DIESEL,INDEPENDENT,71.5,73.2,reported
2026-07-07,Parañaque City,DIESEL,PETRON,72.8,73.4,reported
2026-07-07,Parañaque City,DIESEL,SEAOIL,72.8,74.39,reported
2026-07-07,Parañaque City,DIESEL,SHELL,73.2,75.0,reported
2026-07-07,Parañaque City,DIESEL,TOTAL,77.3,77.3,reported
2026-07-07,Parañaque City,DIESEL,UNIOIL,73.5,73.9,reported
2026-07-07,Parañaque City,DIESEL PLUS,CALTEX,76.17,76.4,reported
2026-07-07,Parañaque City,DIESEL PLUS,PETRON,75.8,76.4,reported
2026-07-07,Parañaque City,DIESEL PLUS,SHELL,79.1,80.9,reported
2026-07-07,Parañaque City,DIESEL PLUS,TOTAL,79.9,79.9,reported
2026-07-07,Parañaque City,KEROSENE,INDEPENDENT,118.1,118.1,reported
2026-07-07,Parañaque City,RON 100,PETRON,83.8,86.0,reported
2026-07-07,Parañaque City,RON 91,CALTEX,77.5,79.17,reported
2026-07-07,Parañaque City,RON 91,FLYING,71.95,73.55,reported
2026-07-07,Parañaque City,RON 91,INDEPENDENT,71.5,75.4,reported
2026-07-07,Parañaque City,RON 91,PETRON,72.8,75.0,reported
2026-07-07,Parañaque City,RON 91,SEAOIL,74.6,75.45,reported
2026-07-07,Parañaque City,RON 91,SHELL,75.1,81.7,reported
2026-07-07,Parañaque City,RON 91,TOTAL,87.09,87.09,reported
2026-07-07,Parañaque City,RON 91,UNIOIL,74.5,75.0,reported
2026-07-07,Parañaque City,RON 95,CALTEX,84.6,86.4,reported
2026-07-07,Parañaque City,RON 95,FLYING,72.95,74.55,reported
2026-07-07,Parañaque City,RON 95,INDEPENDENT,72.8,78.4,reported
2026-07-07,Parañaque City,RON 95,PETRON,73.8,76.0,reported
2026-07-07,Parañaque City,RON 95,SHELL,81.9,87.1,reported
2026-07-07,Parañaque City,RON 95,TOTAL,88.09,88.09,reported
2026-07-07,Parañaque City,RON 95,UNIOIL,77.5,78.0,reported
2026-07-07,Parañaque City,RON 97,SEAOIL,75.6,76.45,reported
2026-07-07,Parañaque City,RON 97,SHELL,87.7,91.6,reported
2026-07-07,Pasay City,DIESEL,CALTEX,73.38,75.95,reported
2026-07-07,Pasay City,DIESEL,INDEPENDENT,68.4,73.6,reported
2026-07-07,Pasay City,DIESEL,PETRON,72.5,73.1,reported
2026-07-07,Pasay City,DIESEL,PTT,72.9,72.9,reported
2026-07-07,Pasay City,DIESEL,SHELL,72.9,74.5,reported
2026-07-07,Pasay City,DIESEL,TOTAL,76.03,76.03,reported
2026-07-07,Pasay City,DIESEL,UNIOIL,73.1,74.1,reported
2026-07-07,Pasay City,DIESEL PLUS,CALTEX,76.89,76.89,reported
2026-07-07,Pasay City,DIESEL PLUS,PETRON,75.5,75.5,reported
2026-07-07,Pasay City,DIESEL PLUS,PTT,72.9,72.9,reported
2026-07-07,Pasay City,DIESEL PLUS,SHELL,77.9,80.4,reported
2026-07-07,Pasay City,DIESEL PLUS,TOTAL,79.03,79.03,reported
2026-07-07,Pasay City,KEROSENE,CALTEX,116.02,116.02,reported
2026-07-07,Pasay City,KEROSENE,PETRON,101.0,101.0,reported
2026-07-07,Pasay City,RON 100,PETRON,84.6,85.9,reported
2026-07-07,Pasay City,RON 91,CALTEX,77.55,87.71,reported
2026-07-07,Pasay City,RON 91,INDEPENDENT,72.0,80.3,reported
2026-07-07,Pasay City,RON 91,PETRON,73.6,75.9,reported
2026-07-07,Pasay City,RON 91,PTT,74.6,74.6,reported
2026-07-07,Pasay City,RON 91,SHELL,74.9,76.9,reported
2026-07-07,Pasay City,RON 91,TOTAL,82.63,82.63,reported
2026-07-07,Pasay City,RON 91,UNIOIL,74.8,80.3,reported
2026-07-07,Pasay City,RON 95,CALTEX,86.48,92.51,reported
2026-07-07,Pasay City,RON 95,INDEPENDENT,73.0,81.3,reported
2026-07-07,Pasay City,RON 95,PETRON,74.6,74.9,reported
2026-07-07,Pasay City,RON 95,PTT,74.6,74.6,reported
2026-07-07,Pasay City,RON 95,SHELL,80.3,82.3,reported
2026-07-07,Pasay City,RON 95,TOTAL,83.63,83.63,reported
2026-07-07,Pasay City,RON 95,UNIOIL,77.8,83.3,reported
2026-07-07,Pasay City,RON 97,SHELL,86.8,91.8,reported
2026-07-07,Pasig City,DIESEL,CALTEX,71.41,78.3,reported
2026-07-07,Pasig City,DIESEL,FLYING,66.0,71.5,reported
2026-07-07,Pasig City,DIESEL,INDEPENDENT,67.04,72.59,reported
2026-07-07,Pasig City,DIESEL,PETRON,71.5,72.8,reported
2026-07-07,Pasig City,DIESEL,PHOENIX,71.07,72.8,reported
2026-07-07,Pasig City,DIESEL,SEAOIL,69.72,72.8,reported
2026-07-07,Pasig City,DIESEL,SHELL,72.4,74.1,reported
2026-07-07,Pasig City,DIESEL,TOTAL,71.07,71.07,reported
2026-07-07,Pasig City,DIESEL,UNIOIL,72.8,73.0,reported
2026-07-07,Pasig City,DIESEL PLUS,PETRON,74.5,75.8,reported
2026-07-07,Pasig City,DIESEL PLUS,SHELL,78.3,80.0,reported
2026-07-07,Pasig City,KEROSENE,PETRON,100.4,100.4,reported
2026-07-07,Pasig City,RON 100,PETRON,81.9,83.8,reported
2026-07-07,Pasig City,RON 91,CALTEX,77.6,85.03,reported
2026-07-07,Pasig City,RON 91,FLYING,69.7,70.2,reported
2026-07-07,Pasig City,RON 91,INDEPENDENT,69.69,71.69,reported
2026-07-07,Pasig City,RON 91,PETRON,70.9,72.8,reported
2026-07-07,Pasig City,RON 91,PHOENIX,71.9,75.47,reported
2026-07-07,Pasig City,RON 91,SEAOIL,71.15,74.35,reported
2026-07-07,Pasig City,RON 91,SHELL,74.0,76.7,reported
2026-07-07,Pasig City,RON 91,TOTAL,75.47,75.47,reported
2026-07-07,Pasig City,RON 91,UNIOIL,70.9,71.9,reported
2026-07-07,Pasig City,RON 95,CALTEX,82.1,94.63,reported
2026-07-07,Pasig City,RON 95,FLYING,70.7,71.2,reported
2026-07-07,Pasig City,RON 95,INDEPENDENT,70.69,72.19,reported
2026-07-07,Pasig City,RON 95,PETRON,71.9,73.8,reported
2026-07-07,Pasig City,RON 95,PHOENIX,72.9,73.1,reported
2026-07-07,Pasig City,RON 95,SHELL,81.6,82.6,reported
2026-07-07,Pasig City,RON 95,UNIOIL,73.9,74.9,reported
2026-07-07,Pasig City,RON 97,SEAOIL,75.35,76.8,reported
2026-07-07,Pasig City,RON 97,SHELL,83.9,84.6,reported
2026-07-07,Quezon City,DIESEL,CALTEX,76.5,77.0,reported
2026-07-07,Quezon City,DIESEL,FLYING,67.5,72.6,reported
2026-07-07,Quezon City,DIESEL,INDEPENDENT,66.7,67.5,reported
2026-07-07,Quezon City,DIESEL,PETRON,71.1,73.5,reported
2026-07-07,Quezon City,DIESEL,PHOENIX,72.8,73.3,reported
2026-07-07,Quezon City,DIESEL,PTT,71.0,71.0,reported
2026-07-07,Quezon City,DIESEL,SEAOIL,68.49,71.6,reported
2026-07-07,Quezon City,DIESEL,SHELL,73.4,74.0,reported
2026-07-07,Quezon City,DIESEL,UNIOIL,72.8,73.4,reported
2026-07-07,Quezon City,DIESEL PLUS,PETRON,74.3,76.5,reported
2026-07-07,Quezon City,DIESEL PLUS,SHELL,79.0,80.2,reported
2026-07-07,Quezon City,KEROSENE,PETRON,100.5,101.1,reported
2026-07-07,Quezon City,RON 100,PETRON,80.2,84.7,reported
2026-07-07,Quezon City,RON 91,CALTEX,77.0,81.2,reported
2026-07-07,Quezon City,RON 91,FLYING,67.2,72.0,reported
2026-07-07,Quezon City,RON 91,INDEPENDENT,66.7,69.1,reported
2026-07-07,Quezon City,RON 91,PETRON,69.2,73.7,reported
2026-07-07,Quezon City,RON 91,PHOENIX,74.85,79.0,reported
2026-07-07,Quezon City,RON 91,PTT,74.25,74.25,reported
2026-07-07,Quezon City,RON 91,SEAOIL,68.65,73.8,reported
2026-07-07,Quezon City,RON 91,SHELL,73.6,76.8,reported
2026-07-07,Quezon City,RON 91,UNIOIL,69.2,75.6,reported
2026-07-07,Quezon City,RON 95,CALTEX,90.0,90.2,reported
2026-07-07,Quezon City,RON 95,FLYING,68.7,73.0,reported
2026-07-07,Quezon City,RON 95,INDEPENDENT,68.2,70.1,reported
2026-07-07,Quezon City,RON 95,PETRON,70.2,74.7,reported
2026-07-07,Quezon City,RON 95,PHOENIX,75.85,81.0,reported
2026-07-07,Quezon City,RON 95,PTT,75.5,75.5,reported
2026-07-07,Quezon City,RON 95,SHELL,81.7,85.4,reported
2026-07-07,Quezon City,RON 95,UNIOIL,72.2,78.6,reported
2026-07-07,Quezon City,RON 97,SEAOIL,69.65,74.8,reported
2026-07-07,Quezon City,RON 97,SHELL,87.4,95.1,reported
2026-07-07,Quezon City,RON 97,UNIOIL,77.2,83.6,reported
2026-07-07,Taguig Cty,DIESEL,CALTEX,68.9,74.39,reported
2026-07-07,Taguig Cty,DIESEL,FLYING,67.1,68.46,reported
2026-07-07,Taguig Cty,DIESEL,INDEPENDENT,69.5,79.99,reported
2026-07-07,Taguig Cty,DIESEL,PETRON,72.8,73.1,reported
2026-07-07,Taguig Cty,DIESEL,SEAOIL,66.6,66.6,reported
2026-07-07,Taguig Cty,DIESEL,SHELL,72.2,73.3,reported
2026-07-07,Taguig Cty,DIESEL PLUS,CALTEX,79.34,79.34,reported
2026-07-07,Taguig Cty,DIESEL PLUS,PETRON,75.8,76.1,reported
2026-07-07,Taguig Cty,DIESEL PLUS,SHELL,78.1,79.2,reported
2026-07-07,Taguig Cty,KEROSENE,CALTEX,117.68,125.5,reported
2026-07-07,Taguig Cty,RON 100,PETRON,83.7,83.9,reported
2026-07-07,Taguig Cty,RON 91,CALTEX,72.95,81.41,reported
2026-07-07,Taguig Cty,RON 91,FLYING,72.9,72.9,reported
2026-07-07,Taguig Cty,RON 91,INDEPENDENT,74.2,82.89,reported
2026-07-07,Taguig Cty,RON 91,PETRON,72.7,75.4,reported
2026-07-07,Taguig Cty,RON 91,SEAOIL,71.25,71.25,reported
2026-07-07,Taguig Cty,RON 91,SHELL,76.2,77.0,reported
2026-07-07,Taguig Cty,RON 95,CALTEX,73.95,91.55,reported
2026-07-07,Taguig Cty,RON 95,FLYING,73.2,73.4,reported
2026-07-07,Taguig Cty,RON 95,INDEPENDENT,75.1,83.39,reported
2026-07-07,Taguig Cty,RON 95,PETRON,73.7,76.4,reported
2026-07-07,Taguig Cty,RON 95,SEAOIL,71.75,71.75,reported
2026-07-07,Taguig Cty,RON 95,SHELL,81.6,82.9,reported
2026-07-07,Taguig Cty,RON 97,SHELL,84.6,85.2,reported
2026-07-07,Valenzuela City,DIESEL,FLYING,68.7,71.9,reported
2026-07-07,Valenzuela City,DIESEL,INDEPENDENT,72.1,72.1,reported
2026-07-07,Valenzuela City,DIESEL,SHELL,71.1,73.9,reported
2026-07-07,Valenzuela City,DIESEL,UNIOIL,70.5,72.8,reported
2026-07-07,Valenzuela City,RON 91,FLYING,70.35,71.19,reported
2026-07-07,Valenzuela City,RON 91,INDEPENDENT,71.7,71.7,reported
2026-07-07,Valenzuela City,RON 91,SHELL,74.8,76.0,reported
2026-07-07,Valenzuela City,RON 91,UNIOIL,72.0,75.6,reported
2026-07-07,Valenzuela City,RON 95,FLYING,70.75,72.19,reported
2026-07-07,Valenzuela City,RON 95,INDEPENDENT,72.7,72.7,reported
2026-07-07,Valenzuela City,RON 95,SHELL,82.2,86.4,reported
2026-07-07,Valenzuela City,RON 95,UNIOIL,75.0,78.6,reported
2026-07-07,Valenzuela City,RON 97,SHELL,87.9,90.8,reported
2026-07-14,Caloocan City,DIESEL,CALTEX,78.3,78.3,reported
2026-07-14,Caloocan City,DIESEL,FLYING,73.33,73.9,reported
2026-07-14,Caloocan City,DIESEL,INDEPENDENT,71.0,75.9,reported
2026-07-14,Caloocan City,DIESEL,PETRON,75.9,78.3,reported
2026-07-14,Caloocan City,DIESEL,SEAOIL,71.75,76.5,reported
2026-07-14,Caloocan City,DIESEL,SHELL,77.8,78.3,reported
2026-07-14,Caloocan City,DIESEL,UNIOIL,75.9,76.4,reported
2026-07-14,Caloocan City,DIESEL PLUS,PETRON,80.6,80.6,reported
2026-07-14,Caloocan City,DIESEL PLUS,SHELL,83.9,84.2,reported
2026-07-14,Caloocan City,KEROSENE,PETRON,107.2,108.9,reported
2026-07-14,Caloocan City,RON 91,CALTEX,77.6,77.6,reported
2026-07-14,Caloocan City,RON 91,FLYING,67.7,71.0,reported
2026-07-14,Caloocan City,RON 91,INDEPENDENT,66.7,73.1,reported
2026-07-14,Caloocan City,RON 91,PETRON,70.7,76.5,reported
2026-07-14,Caloocan City,RON 91,SEAOIL,66.2,77.5,reported
2026-07-14,Caloocan City,RON 91,SHELL,72.0,77.6,reported
2026-07-14,Caloocan City,RON 91,UNIOIL,73.7,74.7,reported
2026-07-14,Caloocan City,RON 95,CALTEX,87.4,87.4,reported
2026-07-14,Caloocan City,RON 95,FLYING,69.2,72.0,reported
2026-07-14,Caloocan City,RON 95,INDEPENDENT,68.2,73.6,reported
2026-07-14,Caloocan City,RON 95,PETRON,71.7,77.5,reported
2026-07-14,Caloocan City,RON 95,SHELL,77.2,82.6,reported
2026-07-14,Caloocan City,RON 95,UNIOIL,76.7,77.7,reported
2026-07-14,Caloocan City,RON 97,SEAOIL,68.2,78.5,reported
2026-07-14,Caloocan City,RON 97,SHELL,88.2,90.7,reported
2026-07-14,Makati City,DIESEL,CALTEX,75.99,77.9,reported
2026-07-14,Makati City,DIESEL,INDEPENDENT,75.2,75.2,reported
2026-07-14,Makati City,DIESEL,PETRON,76.0,76.1,reported
2026-07-14,Makati City,DIESEL,PHOENIX,76.9,76.9,reported
2026-07-14,Makati City,DIESEL,SHELL,77.7,77.9,reported
2026-07-14,Makati City,DIESEL,UNIOIL,76.5,76.6,reported
2026-07-14,Makati City,DIESEL PLUS,CALTEX,80.35,90.75,reported
2026-07-14,Makati City,DIESEL PLUS,PETRON,79.0,79.1,reported
2026-07-14,Makati City,DIESEL PLUS,SHELL,82.8,83.3,reported
2026-07-14,Makati City,RON 100,PETRON,85.2,86.0,reported
2026-07-14,Makati City,RON 91,CALTEX,75.4,80.95,reported
2026-07-14,Makati City,RON 91,INDEPENDENT,73.6,73.6,reported
2026-07-14,Makati City,RON 91,PETRON,74.2,75.0,reported
2026-07-14,Makati City,RON 91,PHOENIX,76.7,76.7,reported
2026-07-14,Makati City,RON 91,SHELL,75.7,76.5,reported
2026-07-14,Makati City,RON 91,UNIOIL,74.5,75.0,reported
2026-07-14,Makati City,RON 95,CALTEX,76.4,88.3,reported
2026-07-14,Makati City,RON 95,INDEPENDENT,74.1,74.1,reported
2026-07-14,Makati City,RON 95,PETRON,75.2,76.0,reported
2026-07-14,Makati City,RON 95,PHOENIX,78.9,78.9,reported
2026-07-14,Makati City,RON 95,SHELL,81.7,81.9,reported
2026-07-14,Makati City,RON 95,UNIOIL,77.5,78.0,reported
2026-07-14,Makati City,RON 97,PHOENIX,89.1,89.1,reported
2026-07-14,Makati City,RON 97,SHELL,89.1,89.4,reported
2026-07-14,Manila City,DIESEL,CALTEX,77.9,78.2,reported
2026-07-14,Manila City,DIESEL,FLYING,75.3,75.8,reported
2026-07-14,Manila City,DIESEL,INDEPENDENT,73.09,76.5,reported
2026-07-14,Manila City,DIESEL,PETRON,75.6,78.1,reported
2026-07-14,Manila City,DIESEL,SEAOIL,72.86,77.9,reported
2026-07-14,Manila City,DIESEL,SHELL,73.2,79.0,reported
2026-07-14,Manila City,DIESEL,TOTAL,73.68,73.68,reported
2026-07-14,Manila City,DIESEL,UNIOIL,76.6,77.9,reported
2026-07-14,Manila City,DIESEL PLUS,PETRON,76.6,81.0,reported
2026-07-14,Manila City,DIESEL PLUS,SHELL,79.4,85.4,reported
2026-07-14,Manila City,KEROSENE,INDEPENDENT,95.0,95.0,reported
2026-07-14,Manila City,KEROSENE,PETRON,108.0,108.3,reported
2026-07-14,Manila City,RON 100,PETRON,81.5,82.0,reported
2026-07-14,Manila City,RON 91,CALTEX,72.5,75.9,reported
2026-07-14,Manila City,RON 91,FLYING,68.8,75.19,reported
2026-07-14,Manila City,RON 91,INDEPENDENT,68.6,73.99,reported
2026-07-14,Manila City,RON 91,PETRON,70.5,72.5,reported
2026-07-14,Manila City,RON 91,SEAOIL,71.05,74.39,reported
2026-07-14,Manila City,RON 91,SHELL,75.2,76.0,reported
2026-07-14,Manila City,RON 91,TOTAL,76.33,76.33,reported
2026-07-14,Manila City,RON 91,UNIOIL,73.0,76.2,reported
2026-07-14,Manila City,RON 95,CALTEX,77.5,83.5,reported
2026-07-14,Manila City,RON 95,FLYING,70.3,76.19,reported
2026-07-14,Manila City,RON 95,INDEPENDENT,71.89,74.99,reported
2026-07-14,Manila City,RON 95,PETRON,71.5,73.5,reported
2026-07-14,Manila City,RON 95,SHELL,80.2,82.9,reported
2026-07-14,Manila City,RON 95,TOTAL,76.38,76.38,reported
2026-07-14,Manila City,RON 95,UNIOIL,76.0,79.2,reported
2026-07-14,Manila City,RON 97,SEAOIL,72.05,75.39,reported
2026-07-14,Manila City,RON 97,SHELL,86.9,92.5,reported
2026-07-14,Marikina City,DIESEL,FLYING,73.24,73.24,reported
2026-07-14,Marikina City,DIESEL,INDEPENDENT,72.3,76.5,reported
2026-07-14,Marikina City,DIESEL,PETRON,72.2,72.2,reported
2026-07-14,Marikina City,DIESEL,SEAOIL,73.45,73.45,reported
2026-07-14,Marikina City,DIESEL,SHELL,77.6,77.9,reported
2026-07-14,Marikina City,DIESEL,UNIOIL,72.7,76.2,reported
2026-07-14,Marikina City,DIESEL PLUS,PETRON,75.2,75.2,reported
2026-07-14,Marikina City,DIESEL PLUS,SHELL,83.2,84.3,reported
2026-07-14,Marikina City,KEROSENE,PETRON,105.4,105.4,reported
2026-07-14,Marikina City,RON 100,PETRON,80.1,80.1,reported
2026-07-14,Marikina City,RON 91,FLYING,68.6,68.6,reported
2026-07-14,Marikina City,RON 91,INDEPENDENT,67.6,70.0,reported
2026-07-14,Marikina City,RON 91,PETRON,69.1,69.1,reported
2026-07-14,Marikina City,RON 91,SEAOIL,68.6,68.6,reported
2026-07-14,Marikina City,RON 91,SHELL,73.5,73.6,reported
2026-07-14,Marikina City,RON 91,UNIOIL,69.1,71.0,reported
2026-07-14,Marikina City,RON 95,FLYING,69.6,69.6,reported
2026-07-14,Marikina City,RON 95,INDEPENDENT,68.6,71.0,reported
2026-07-14,Marikina City,RON 95,PETRON,70.1,70.1,reported
2026-07-14,Marikina City,RON 95,SHELL,78.5,78.6,reported
2026-07-14,Marikina City,RON 95,UNIOIL,72.1,74.0,reported
2026-07-14,Marikina City,RON 97,SEAOIL,69.6,69.6,reported
2026-07-14,Marikina City,RON 97,SHELL,89.3,90.9,reported
2026-07-14,Muntinlupa City,DIESEL,CALTEX,79.41,79.5,reported
2026-07-14,Muntinlupa City,DIESEL,FLYING,75.22,75.22,reported
2026-07-14,Muntinlupa City,DIESEL,PETRON,77.9,78.8,reported
2026-07-14,Muntinlupa City,DIESEL,PHOENIX,78.4,78.6,reported
2026-07-14,Muntinlupa City,DIESEL,SEAOIL,77.89,78.1,reported
2026-07-14,Muntinlupa City,DIESEL,SHELL,77.3,80.6,reported
2026-07-14,Muntinlupa City,DIESEL,UNIOIL,78.4,78.4,reported
2026-07-14,Muntinlupa City,DIESEL PLUS,PETRON,80.9,81.8,reported
2026-07-14,Muntinlupa City,DIESEL PLUS,SHELL,82.2,88.1,reported
2026-07-14,Muntinlupa City,KEROSENE,CALTEX,103.79,103.79,reported
2026-07-14,Muntinlupa City,KEROSENE,SEAOIL,104.41,104.41,reported
2026-07-14,Muntinlupa City,RON 100,PETRON,82.8,88.2,reported
2026-07-14,Muntinlupa City,RON 91,CALTEX,74.8,76.43,reported
2026-07-14,Muntinlupa City,RON 91,FLYING,70.35,70.35,reported
2026-07-14,Muntinlupa City,RON 91,PETRON,71.8,77.2,reported
2026-07-14,Muntinlupa City,RON 91,PHOENIX,73.6,81.7,reported
2026-07-14,Muntinlupa City,RON 91,SEAOIL,71.8,75.45,reported
2026-07-14,Muntinlupa City,RON 91,SHELL,73.3,78.7,reported
2026-07-14,Muntinlupa City,RON 91,UNIOIL,72.2,72.2,reported
2026-07-14,Muntinlupa City,RON 95,CALTEX,81.16,84.45,reported
2026-07-14,Muntinlupa City,RON 95,FLYING,71.35,71.35,reported
2026-07-14,Muntinlupa City,RON 95,PETRON,72.8,78.2,reported
2026-07-14,Muntinlupa City,RON 95,PHOENIX,74.6,82.7,reported
2026-07-14,Muntinlupa City,RON 95,SHELL,78.3,86.6,reported
2026-07-14,Muntinlupa City,RON 95,UNIOIL,75.2,75.2,reported
2026-07-14,Muntinlupa City,RON 97,SEAOIL,72.8,76.37,reported
2026-07-14,Muntinlupa City,RON 97,SHELL,85.4,90.1,reported
2026-07-14,Navotas City,DIESEL,CALTEX,77.4,77.4,reported
2026-07-14,Navotas City,DIESEL,FLYING,76.6,76.6,reported
2026-07-14,Navotas City,DIESEL,UNIOIL,73.5,73.5,reported
2026-07-14,Navotas City,RON 91,CALTEX,78.3,78.3,reported
2026-07-14,Navotas City,RON 91,FLYING,74.1,74.1,reported
2026-07-14,Navotas City,RON 91,UNIOIL,74.1,74.1,reported
2026-07-14,Navotas City,RON 95,CALTEX,82.6,82.6,reported
2026-07-14,Navotas City,RON 95,FLYING,77.1,77.1,reported
2026-07-14,Navotas City,RON 95,UNIOIL,77.1,77.1,reported
2026-07-14,Parañaque City,DIESEL,CALTEX,76.1,77.47,reported
2026-07-14,Parañaque City,DIESEL,FLYING,73.9,76.4,reported
2026-07-14,Parañaque City,DIESEL,INDEPENDENT,74.8,77.8,reported
2026-07-14,Parañaque City,DIESEL,PETRON,76.0,76.9,reported
2026-07-14,Parañaque City,DIESEL,SEAOIL,73.08,77.2,reported
2026-07-14,Parañaque City,DIESEL,SHELL,77.8,79.1,reported
2026-07-14,Parañaque City,DIESEL,TOTAL,81.92,81.92,reported
2026-07-14,Parañaque City,DIESEL,UNIOIL,77.4,77.8,reported
2026-07-14,Parañaque City,DIESEL PLUS,CALTEX,80.07,81.1,reported
2026-07-14,Parañaque City,DIESEL PLUS,PETRON,79.0,79.9,reported
2026-07-14,Parañaque City,DIESEL PLUS,SHELL,73.7,85.5,reported
2026-07-14,Parañaque City,DIESEL PLUS,TOTAL,84.52,84.52,reported
2026-07-14,Parañaque City,KEROSENE,INDEPENDENT,122.3,122.3,reported
2026-07-14,Parañaque City,RON 100,PETRON,84.3,85.5,reported
2026-07-14,Parañaque City,RON 91,CALTEX,76.97,78.5,reported
2026-07-14,Parañaque City,RON 91,FLYING,71.25,72.8,reported
2026-07-14,Parañaque City,RON 91,INDEPENDENT,72.0,76.4,reported
2026-07-14,Parañaque City,RON 91,PETRON,73.3,74.5,reported
2026-07-14,Parañaque City,RON 91,SEAOIL,73.8,76.2,reported
2026-07-14,Parañaque City,RON 91,SHELL,73.8,82.2,reported
2026-07-14,Parañaque City,RON 91,TOTAL,88.09,88.09,reported
2026-07-14,Parañaque City,RON 91,UNIOIL,73.3,76.4,reported
2026-07-14,Parañaque City,RON 95,CALTEX,83.3,85.6,reported
2026-07-14,Parañaque City,RON 95,FLYING,72.35,73.8,reported
2026-07-14,Parañaque City,RON 95,INDEPENDENT,73.0,79.4,reported
2026-07-14,Parañaque City,RON 95,PETRON,74.3,75.5,reported
2026-07-14,Parañaque City,RON 95,SHELL,81.1,87.7,reported
2026-07-14,Parañaque City,RON 95,TOTAL,89.09,89.09,reported
2026-07-14,Parañaque City,RON 95,UNIOIL,76.3,80.5,reported
2026-07-14,Parañaque City,RON 97,SEAOIL,74.8,77.2,reported
2026-07-14,Parañaque City,RON 97,SHELL,87.2,92.6,reported
2026-07-14,Pasay City,DIESEL,CALTEX,78.08,78.55,reported
2026-07-14,Pasay City,DIESEL,INDEPENDENT,75.7,77.6,reported
2026-07-14,Pasay City,DIESEL,PETRON,75.7,77.1,reported
2026-07-14,Pasay City,DIESEL,PTT,77.5,77.5,reported
2026-07-14,Pasay City,DIESEL,SHELL,75.4,79.1,reported
2026-07-14,Pasay City,DIESEL,TOTAL,80.65,80.65,reported
2026-07-14,Pasay City,DIESEL,UNIOIL,76.6,77.9,reported
2026-07-14,Pasay City,DIESEL PLUS,CALTEX,81.56,81.56,reported
2026-07-14,Pasay City,DIESEL PLUS,PETRON,80.1,80.1,reported
2026-07-14,Pasay City,DIESEL PLUS,PTT,77.5,77.5,reported
2026-07-14,Pasay City,DIESEL PLUS,SHELL,82.5,85.0,reported
2026-07-14,Pasay City,DIESEL PLUS,TOTAL,83.65,83.65,reported
2026-07-14,Pasay City,KEROSENE,CALTEX,118.47,118.47,reported
2026-07-14,Pasay City,KEROSENE,PETRON,108.9,108.9,reported
2026-07-14,Pasay City,RON 100,PETRON,83.8,85.0,reported
2026-07-14,Pasay City,RON 91,CALTEX,78.5,80.71,reported
2026-07-14,Pasay City,RON 91,INDEPENDENT,72.0,80.7,reported
2026-07-14,Pasay City,RON 91,PETRON,72.8,75.0,reported
2026-07-14,Pasay City,RON 91,PTT,72.8,72.8,reported
2026-07-14,Pasay City,RON 91,SHELL,75.5,77.3,reported
2026-07-14,Pasay City,RON 91,TOTAL,83.63,83.63,reported
2026-07-14,Pasay City,RON 91,UNIOIL,74.0,77.6,reported
2026-07-14,Pasay City,RON 95,CALTEX,85.73,88.73,reported
2026-07-14,Pasay City,RON 95,INDEPENDENT,73.0,81.7,reported
2026-07-14,Pasay City,RON 95,PETRON,73.8,75.0,reported
2026-07-14,Pasay City,RON 95,PTT,72.8,72.8,reported
2026-07-14,Pasay City,RON 95,SHELL,80.9,82.4,reported
2026-07-14,Pasay City,RON 95,TOTAL,84.63,84.63,reported
2026-07-14,Pasay City,RON 95,UNIOIL,77.0,80.6,reported
2026-07-14,Pasay City,RON 97,SHELL,84.8,87.8,reported
2026-07-14,Pasig City,DIESEL,CALTEX,76.01,82.9,reported
2026-07-14,Pasig City,DIESEL,FLYING,70.2,74.4,reported
2026-07-14,Pasig City,DIESEL,INDEPENDENT,72.7,76.1,reported
2026-07-14,Pasig City,DIESEL,PETRON,75.4,76.1,reported
2026-07-14,Pasig City,DIESEL,PHOENIX,75.2,76.9,reported
2026-07-14,Pasig City,DIESEL,SEAOIL,73.3,76.4,reported
2026-07-14,Pasig City,DIESEL,SHELL,77.0,78.7,reported
2026-07-14,Pasig City,DIESEL,TOTAL,75.55,75.55,reported
2026-07-14,Pasig City,DIESEL,UNIOIL,76.0,76.4,reported
2026-07-14,Pasig City,DIESEL PLUS,PETRON,78.4,79.1,reported
2026-07-14,Pasig City,DIESEL PLUS,SHELL,81.8,83.5,reported
2026-07-14,Pasig City,KEROSENE,PETRON,102.7,102.7,reported
2026-07-14,Pasig City,RON 100,PETRON,81.9,83.0,reported
2026-07-14,Pasig City,RON 91,CALTEX,77.24,86.03,reported
2026-07-14,Pasig City,RON 91,FLYING,70.5,70.75,reported
2026-07-14,Pasig City,RON 91,INDEPENDENT,69.9,70.7,reported
2026-07-14,Pasig City,RON 91,PETRON,69.9,72.0,reported
2026-07-14,Pasig City,RON 91,PHOENIX,71.75,77.63,reported
2026-07-14,Pasig City,RON 91,SEAOIL,70.9,73.8,reported
2026-07-14,Pasig City,RON 91,SHELL,72.4,75.3,reported
2026-07-14,Pasig City,RON 91,TOTAL,77.63,77.63,reported
2026-07-14,Pasig City,RON 91,UNIOIL,70.9,72.0,reported
2026-07-14,Pasig City,RON 95,CALTEX,82.4,95.63,reported
2026-07-14,Pasig City,RON 95,FLYING,71.5,71.75,reported
2026-07-14,Pasig City,RON 95,INDEPENDENT,70.4,71.7,reported
2026-07-14,Pasig City,RON 95,PETRON,70.9,73.0,reported
2026-07-14,Pasig City,RON 95,PHOENIX,72.75,73.9,reported
2026-07-14,Pasig City,RON 95,SHELL,78.6,80.3,reported
2026-07-14,Pasig City,RON 95,UNIOIL,73.9,75.0,reported
2026-07-14,Pasig City,RON 97,SEAOIL,73.9,74.8,reported
2026-07-14,Pasig City,RON 97,SHELL,84.9,85.6,reported
2026-07-14,Quezon City,DIESEL,CALTEX,77.9,81.1,reported
2026-07-14,Quezon City,DIESEL,FLYING,71.2,76.1,reported
2026-07-14,Quezon City,DIESEL,INDEPENDENT,71.76,75.9,reported
2026-07-14,Quezon City,DIESEL,PETRON,73.6,77.1,reported
2026-07-14,Quezon City,DIESEL,PHOENIX,76.5,77.1,reported
2026-07-14,Quezon City,DIESEL,PTT,73.3,73.3,reported
2026-07-14,Quezon City,DIESEL,SEAOIL,71.1,73.09,reported
2026-07-14,Quezon City,DIESEL,SHELL,76.6,78.6,reported
2026-07-14,Quezon City,DIESEL,UNIOIL,77.6,78.0,reported
2026-07-14,Quezon City,DIESEL PLUS,PETRON,76.6,80.1,reported
2026-07-14,Quezon City,DIESEL PLUS,SHELL,82.7,84.0,reported
2026-07-14,Quezon City,KEROSENE,PETRON,108.4,109.8,reported
2026-07-14,Quezon City,RON 100,PETRON,81.2,85.7,reported
2026-07-14,Quezon City,RON 91,CALTEX,75.8,78.1,reported
2026-07-14,Quezon City,RON 91,FLYING,68.0,70.1,reported
2026-07-14,Quezon City,RON 91,INDEPENDENT,66.7,70.0,reported
2026-07-14,Quezon City,RON 91,PETRON,70.2,75.4,reported
2026-07-14,Quezon City,RON 91,PHOENIX,75.0,79.0,reported
2026-07-14,Quezon City,RON 91,PTT,73.8,73.8,reported
2026-07-14,Quezon City,RON 91,SEAOIL,68.5,73.98,reported
2026-07-14,Quezon City,RON 91,SHELL,71.7,77.8,reported
2026-07-14,Quezon City,RON 91,UNIOIL,70.2,75.4,reported
2026-07-14,Quezon City,RON 95,CALTEX,82.0,87.1,reported
2026-07-14,Quezon City,RON 95,FLYING,69.2,71.1,reported
2026-07-14,Quezon City,RON 95,INDEPENDENT,68.2,71.0,reported
2026-07-14,Quezon City,RON 95,PETRON,71.2,76.4,reported
2026-07-14,Quezon City,RON 95,PHOENIX,76.0,81.0,reported
2026-07-14,Quezon City,RON 95,PTT,74.5,74.5,reported
2026-07-14,Quezon City,RON 95,SHELL,76.7,83.2,reported
2026-07-14,Quezon City,RON 95,UNIOIL,73.2,78.4,reported
2026-07-14,Quezon City,RON 97,SEAOIL,69.5,74.99,reported
2026-07-14,Quezon City,RON 97,SHELL,83.3,96.1,reported
2026-07-14,Quezon City,RON 97,UNIOIL,78.2,83.4,reported
2026-07-14,Taguig Cty,DIESEL,CALTEX,72.95,78.99,reported
2026-07-14,Taguig Cty,DIESEL,FLYING,71.2,72.56,reported
2026-07-14,Taguig Cty,DIESEL,INDEPENDENT,72.7,83.89,reported
2026-07-14,Taguig Cty,DIESEL,PETRON,76.1,76.4,reported
2026-07-14,Taguig Cty,DIESEL,SEAOIL,71.2,71.2,reported
2026-07-14,Taguig Cty,DIESEL,SHELL,76.8,77.9,reported
2026-07-14,Taguig Cty,DIESEL PLUS,CALTEX,83.94,83.94,reported
2026-07-14,Taguig Cty,DIESEL PLUS,PETRON,79.1,79.4,reported
2026-07-14,Taguig Cty,DIESEL PLUS,SHELL,81.6,82.7,reported
2026-07-14,Taguig Cty,KEROSENE,CALTEX,120.13,125.5,reported
2026-07-14,Taguig Cty,RON 100,PETRON,84.0,84.0,reported
2026-07-14,Taguig Cty,RON 91,CALTEX,73.95,82.41,reported
2026-07-14,Taguig Cty,RON 91,FLYING,72.25,73.7,reported
2026-07-14,Taguig Cty,RON 91,INDEPENDENT,74.38,84.39,reported
2026-07-14,Taguig Cty,RON 91,PETRON,73.0,74.4,reported
2026-07-14,Taguig Cty,RON 91,SEAOIL,72.25,72.25,reported
2026-07-14,Taguig Cty,RON 91,SHELL,74.5,76.0,reported
2026-07-14,Taguig Cty,RON 95,CALTEX,74.5,90.51,reported
2026-07-14,Taguig Cty,RON 95,FLYING,72.75,74.2,reported
2026-07-14,Taguig Cty,RON 95,INDEPENDENT,75.9,84.59,reported
2026-07-14,Taguig Cty,RON 95,PETRON,74.0,75.4,reported
2026-07-14,Taguig Cty,RON 95,SEAOIL,72.75,72.75,reported
2026-07-14,Taguig Cty,RON 95,SHELL,80.2,82.1,reported
2026-07-14,Taguig Cty,RON 97,SHELL,84.1,85.9,reported
2026-07-14,Valenzuela City,DIESEL,FLYING,72.35,73.9,reported
2026-07-14,Valenzuela City,DIESEL,INDEPENDENT,75.6,75.6,reported
2026-07-14,Valenzuela City,DIESEL,SHELL,75.7,77.8,reported
2026-07-14,Valenzuela City,DIESEL,UNIOIL,75.0,77.6,reported
2026-07-14,Valenzuela City,RON 91,FLYING,70.0,71.35,reported
2026-07-14,Valenzuela City,RON 91,INDEPENDENT,71.2,71.2,reported
2026-07-14,Valenzuela City,RON 91,SHELL,75.3,75.7,reported
2026-07-14,Valenzuela City,RON 91,UNIOIL,72.9,75.4,reported
2026-07-14,Valenzuela City,RON 95,FLYING,70.44,71.75,reported
2026-07-14,Valenzuela City,RON 95,INDEPENDENT,72.2,72.2,reported
2026-07-14,Valenzuela City,RON 95,SHELL,80.3,81.7,reported
2026-07-14,Valenzuela City,RON 95,UNIOIL,75.9,78.4,reported
2026-07-14,Valenzuela City,RON 97,SHELL,88.9,91.8,reported
2026-07-21,Caloocan City,DIESEL,CALTEX,88.4,88.4,reported
2026-07-21,Caloocan City,DIESEL,FLYING,79.4,86.1,reported
2026-07-21,Caloocan City,DIESEL,INDEPENDENT,79.0,85.0,reported
2026-07-21,Caloocan City,DIESEL,PETRON,83.6,87.2,reported
2026-07-21,Caloocan City,DIESEL,SEAOIL,82.35,84.1,reported
2026-07-21,Caloocan City,DIESEL,SHELL,87.3,88.6,reported
2026-07-21,Caloocan City,DIESEL,UNIOIL,87.0,87.0,reported
2026-07-21,Caloocan City,DIESEL PLUS,PETRON,88.8,88.8,reported
2026-07-21,Caloocan City,DIESEL PLUS,SHELL,94.5,94.8,reported
2026-07-21,Caloocan City,KEROSENE,PETRON,115.3,117.0,reported
2026-07-21,Caloocan City,RON 91,CALTEX,79.1,79.1,reported
2026-07-21,Caloocan City,RON 91,FLYING,70.3,74.1,reported
2026-07-21,Caloocan City,RON 91,INDEPENDENT,70.3,76.6,reported
2026-07-21,Caloocan City,RON 91,PETRON,73.1,79.7,reported
2026-07-21,Caloocan City,RON 91,SEAOIL,70.3,79.0,reported
2026-07-21,Caloocan City,RON 91,SHELL,75.6,81.2,reported
2026-07-21,Caloocan City,RON 91,UNIOIL,77.3,77.3,reported
2026-07-21,Caloocan City,RON 95,CALTEX,89.9,89.9,reported
2026-07-21,Caloocan City,RON 95,FLYING,71.8,75.1,reported
2026-07-21,Caloocan City,RON 95,INDEPENDENT,71.8,77.1,reported
2026-07-21,Caloocan City,RON 95,PETRON,74.1,80.7,reported
2026-07-21,Caloocan City,RON 95,SHELL,80.8,86.2,reported
2026-07-21,Caloocan City,RON 95,UNIOIL,80.3,80.3,reported
2026-07-21,Caloocan City,RON 97,SEAOIL,71.8,80.0,reported
2026-07-21,Caloocan City,RON 97,SHELL,91.1,91.7,reported
2026-07-21,Makati City,DIESEL,CALTEX,82.99,88.15,reported
2026-07-21,Makati City,DIESEL,INDEPENDENT,85.9,85.9,reported
2026-07-21,Makati City,DIESEL,PETRON,84.6,85.1,reported
2026-07-21,Makati City,DIESEL,PHOENIX,87.6,87.6,reported
2026-07-21,Makati City,DIESEL,SHELL,88.4,88.5,reported
2026-07-21,Makati City,DIESEL,UNIOIL,85.5,85.6,reported
2026-07-21,Makati City,DIESEL PLUS,CALTEX,85.99,93.4,reported
2026-07-21,Makati City,DIESEL PLUS,PETRON,87.6,88.1,reported
2026-07-21,Makati City,DIESEL PLUS,SHELL,93.4,93.9,reported
2026-07-21,Makati City,RON 100,PETRON,87.5,87.6,reported
2026-07-21,Makati City,RON 91,CALTEX,77.59,84.55,reported
2026-07-21,Makati City,RON 91,INDEPENDENT,77.1,77.1,reported
2026-07-21,Makati City,RON 91,PETRON,76.5,76.6,reported
2026-07-21,Makati City,RON 91,PHOENIX,80.3,80.3,reported
2026-07-21,Makati City,RON 91,SHELL,79.3,79.6,reported
2026-07-21,Makati City,RON 91,UNIOIL,76.6,76.6,reported
2026-07-21,Makati City,RON 95,CALTEX,78.59,88.45,reported
2026-07-21,Makati City,RON 95,INDEPENDENT,77.6,77.6,reported
2026-07-21,Makati City,RON 95,PETRON,77.5,77.6,reported
2026-07-21,Makati City,RON 95,PHOENIX,92.5,92.5,reported
2026-07-21,Makati City,RON 95,SHELL,84.6,85.5,reported
2026-07-21,Makati City,RON 95,UNIOIL,79.6,79.6,reported
2026-07-21,Makati City,RON 97,PHOENIX,92.7,92.7,reported
2026-07-21,Makati City,RON 97,SHELL,88.0,89.0,reported
2026-07-21,Manila City,DIESEL,CALTEX,86.0,87.9,reported
2026-07-21,Manila City,DIESEL,FLYING,82.2,84.3,reported
2026-07-21,Manila City,DIESEL,INDEPENDENT,79.45,83.6,reported
2026-07-21,Manila City,DIESEL,PETRON,83.7,86.7,reported
2026-07-21,Manila City,DIESEL,SEAOIL,82.1,86.6,reported
2026-07-21,Manila City,DIESEL,SHELL,88.4,89.6,reported
2026-07-21,Manila City,DIESEL,TOTAL,86.36,86.36,reported
2026-07-21,Manila City,DIESEL PLUS,PETRON,86.7,98.7,reported
2026-07-21,Manila City,DIESEL PLUS,SHELL,94.5,95.5,reported
2026-07-21,Manila City,KEROSENE,INDEPENDENT,99.0,99.0,reported
2026-07-21,Manila City,KEROSENE,PETRON,111.4,116.2,reported
2026-07-21,Manila City,RON 100,PETRON,83.8,85.6,reported
2026-07-21,Manila City,RON 91,CALTEX,75.6,79.0,reported
2026-07-21,Manila City,RON 91,FLYING,71.6,76.6,reported
2026-07-21,Manila City,RON 91,INDEPENDENT,70.3,73.99,reported
2026-07-21,Manila City,RON 91,PETRON,72.8,76.1,reported
2026-07-21,Manila City,RON 91,SEAOIL,72.1,74.59,reported
2026-07-21,Manila City,RON 91,SHELL,79.1,79.8,reported
2026-07-21,Manila City,RON 91,TOTAL,83.88,83.88,reported
2026-07-21,Manila City,RON 95,CALTEX,79.99,85.3,reported
2026-07-21,Manila City,RON 95,FLYING,72.6,77.6,reported
2026-07-21,Manila City,RON 95,INDEPENDENT,71.8,74.99,reported
2026-07-21,Manila City,RON 95,PETRON,73.8,77.18,reported
2026-07-21,Manila City,RON 95,SHELL,84.8,85.5,reported
2026-07-21,Manila City,RON 95,TOTAL,79.98,79.98,reported
2026-07-21,Manila City,RON 97,SEAOIL,73.1,75.59,reported
2026-07-21,Manila City,RON 97,SHELL,87.7,92.1,reported
2026-07-21,Marikina City,DIESEL,FLYING,80.6,81.4,reported
2026-07-21,Marikina City,DIESEL,INDEPENDENT,81.2,82.7,reported
2026-07-21,Marikina City,DIESEL,PETRON,83.6,83.6,reported
2026-07-21,Marikina City,DIESEL,SEAOIL,84.05,84.05,reported
2026-07-21,Marikina City,DIESEL,SHELL,86.6,86.6,reported
2026-07-21,Marikina City,DIESEL,UNIOIL,83.3,83.3,reported
2026-07-21,Marikina City,DIESEL PLUS,PETRON,86.6,86.6,reported
2026-07-21,Marikina City,DIESEL PLUS,SHELL,93.8,94.9,reported
2026-07-21,Marikina City,KEROSENE,PETRON,113.5,113.5,reported
2026-07-21,Marikina City,RON 100,PETRON,83.7,83.7,reported
2026-07-21,Marikina City,RON 91,FLYING,71.2,71.2,reported
2026-07-21,Marikina City,RON 91,INDEPENDENT,71.2,72.6,reported
2026-07-21,Marikina City,RON 91,PETRON,72.7,72.7,reported
2026-07-21,Marikina City,RON 91,SEAOIL,72.2,72.2,reported
2026-07-21,Marikina City,RON 91,SHELL,77.1,77.2,reported
2026-07-21,Marikina City,RON 91,UNIOIL,73.2,73.2,reported
2026-07-21,Marikina City,RON 95,FLYING,72.2,72.2,reported
2026-07-21,Marikina City,RON 95,INDEPENDENT,72.2,73.6,reported
2026-07-21,Marikina City,RON 95,PETRON,73.7,73.7,reported
2026-07-21,Marikina City,RON 95,SHELL,82.1,82.2,reported
2026-07-21,Marikina City,RON 95,UNIOIL,76.2,76.2,reported
2026-07-21,Marikina City,RON 97,SEAOIL,73.2,73.2,reported
2026-07-21,Marikina City,RON 97,SHELL,85.1,85.2,reported
2026-07-21,Muntinlupa City,DIESEL,CALTEX,87.9,89.5,reported
2026-07-21,Muntinlupa City,DIESEL,FLYING,86.3,86.3,reported
2026-07-21,Muntinlupa City,DIESEL,PETRON,85.4,88.5,reported
2026-07-21,Muntinlupa City,DIESEL,PHOENIX,89.0,89.2,reported
2026-07-21,Muntinlupa City,DIESEL,SEAOIL,87.09,88.5,reported
2026-07-21,Muntinlupa City,DIESEL,SHELL,87.9,91.2,reported
2026-07-21,Muntinlupa City,DIESEL,UNIOIL,87.8,87.8,reported
2026-07-21,Muntinlupa City,DIESEL PLUS,PETRON,91.5,92.4,reported
2026-07-21,Muntinlupa City,DIESEL PLUS,SHELL,92.7,98.7,reported
2026-07-21,Muntinlupa City,KEROSENE,CALTEX,113.54,113.54,reported
2026-07-21,Muntinlupa City,KEROSENE,SEAOIL,116.01,116.01,reported
2026-07-21,Muntinlupa City,RON 100,PETRON,85.0,91.8,reported
2026-07-21,Muntinlupa City,RON 91,CALTEX,77.4,78.2,reported
2026-07-21,Muntinlupa City,RON 91,FLYING,72.95,72.95,reported
2026-07-21,Muntinlupa City,RON 91,PETRON,74.0,80.8,reported
2026-07-21,Muntinlupa City,RON 91,PHOENIX,77.2,85.3,reported
2026-07-21,Muntinlupa City,RON 91,SEAOIL,75.4,76.61,reported
2026-07-21,Muntinlupa City,RON 91,SHELL,76.9,82.3,reported
2026-07-21,Muntinlupa City,RON 91,UNIOIL,74.3,74.3,reported
2026-07-21,Muntinlupa City,RON 95,CALTEX,82.76,83.6,reported
2026-07-21,Muntinlupa City,RON 95,FLYING,73.95,73.95,reported
2026-07-21,Muntinlupa City,RON 95,PETRON,75.0,81.8,reported
2026-07-21,Muntinlupa City,RON 95,PHOENIX,78.2,86.3,reported
2026-07-21,Muntinlupa City,RON 95,SHELL,81.9,89.2,reported
2026-07-21,Muntinlupa City,RON 95,UNIOIL,77.3,77.3,reported
2026-07-21,Muntinlupa City,RON 97,SEAOIL,76.4,77.7,reported
2026-07-21,Muntinlupa City,RON 97,SHELL,84.8,91.2,reported
2026-07-21,Navotas City,DIESEL,CALTEX,82.3,82.3,reported
2026-07-21,Navotas City,DIESEL,FLYING,81.9,81.9,reported
2026-07-21,Navotas City,RON 91,CALTEX,78.2,78.2,reported
2026-07-21,Navotas City,RON 91,FLYING,76.7,76.7,reported
2026-07-21,Navotas City,RON 95,CALTEX,83.2,83.2,reported
2026-07-21,Navotas City,RON 95,FLYING,79.7,79.7,reported
2026-07-21,Parañaque City,DIESEL,CALTEX,88.0,88.07,reported
2026-07-21,Parañaque City,DIESEL,FLYING,79.4,84.4,reported
2026-07-21,Parañaque City,DIESEL,INDEPENDENT,82.6,86.0,reported
2026-07-21,Parañaque City,DIESEL,PETRON,82.7,87.5,reported
2026-07-21,Parañaque City,DIESEL,SEAOIL,83.4,88.4,reported
2026-07-21,Parañaque City,DIESEL,SHELL,88.3,89.7,reported
2026-07-21,Parañaque City,DIESEL,TOTAL,88.26,88.26,reported
2026-07-21,Parañaque City,DIESEL,UNIOIL,87.1,88.4,reported
2026-07-21,Parañaque City,DIESEL PLUS,CALTEX,90.67,91.0,reported
2026-07-21,Parañaque City,DIESEL PLUS,PETRON,85.7,90.5,reported
2026-07-21,Parañaque City,DIESEL PLUS,SHELL,94.3,94.9,reported
2026-07-21,Parañaque City,DIESEL PLUS,TOTAL,90.86,90.86,reported
2026-07-21,Parañaque City,KEROSENE,INDEPENDENT,134.1,134.1,reported
2026-07-21,Parañaque City,RON 100,PETRON,87.9,88.4,reported
2026-07-21,Parañaque City,RON 91,CALTEX,78.9,80.57,reported
2026-07-21,Parañaque City,RON 91,FLYING,73.6,75.9,reported
2026-07-21,Parañaque City,RON 91,INDEPENDENT,71.4,80.0,reported
2026-07-21,Parañaque City,RON 91,PETRON,76.9,77.4,reported
2026-07-21,Parañaque City,RON 91,SEAOIL,77.4,80.0,reported
2026-07-21,Parañaque City,RON 91,SHELL,77.4,82.7,reported
2026-07-21,Parañaque City,RON 91,TOTAL,84.08,84.08,reported
2026-07-21,Parañaque City,RON 91,UNIOIL,76.9,80.0,reported
2026-07-21,Parañaque City,RON 95,CALTEX,84.6,87.4,reported
2026-07-21,Parañaque City,RON 95,FLYING,74.6,76.4,reported
2026-07-21,Parañaque City,RON 95,INDEPENDENT,72.4,83.0,reported
2026-07-21,Parañaque City,RON 95,PETRON,77.9,78.4,reported
2026-07-21,Parañaque City,RON 95,SHELL,83.7,88.1,reported
2026-07-21,Parañaque City,RON 95,TOTAL,87.08,87.08,reported
2026-07-21,Parañaque City,RON 95,UNIOIL,79.9,83.0,reported
2026-07-21,Parañaque City,RON 97,SEAOIL,78.4,81.0,reported
2026-07-21,Parañaque City,RON 97,SHELL,87.3,91.2,reported
2026-07-21,Pasay City,DIESEL,CALTEX,88.01,89.15,reported
2026-07-21,Pasay City,DIESEL,INDEPENDENT,82.1,83.8,reported
2026-07-21,Pasay City,DIESEL,PETRON,84.5,87.7,reported
2026-07-21,Pasay City,DIESEL,PTT,88.1,88.1,reported
2026-07-21,Pasay City,DIESEL,SHELL,84.9,89.6,reported
2026-07-21,Pasay City,DIESEL,TOTAL,91.33,91.33,reported
2026-07-21,Pasay City,DIESEL PLUS,CALTEX,91.49,91.49,reported
2026-07-21,Pasay City,DIESEL PLUS,PETRON,90.7,90.7,reported
2026-07-21,Pasay City,DIESEL PLUS,PTT,88.1,88.1,reported
2026-07-21,Pasay City,DIESEL PLUS,SHELL,93.1,94.4,reported
2026-07-21,Pasay City,DIESEL PLUS,TOTAL,94.33,94.33,reported
2026-07-21,Pasay City,KEROSENE,CALTEX,130.22,130.22,reported
2026-07-21,Pasay City,KEROSENE,PETRON,117.0,117.0,reported
2026-07-21,Pasay City,RON 100,PETRON,87.4,88.6,reported
2026-07-21,Pasay City,RON 91,CALTEX,78.9,84.31,reported
2026-07-21,Pasay City,RON 91,INDEPENDENT,75.6,80.6,reported
2026-07-21,Pasay City,RON 91,PETRON,76.1,77.6,reported
2026-07-21,Pasay City,RON 91,PTT,76.4,76.4,reported
2026-07-21,Pasay City,RON 91,SHELL,78.5,80.5,reported
2026-07-21,Pasay City,RON 91,TOTAL,87.28,87.28,reported
2026-07-21,Pasay City,RON 95,CALTEX,85.1,92.33,reported
2026-07-21,Pasay City,RON 95,INDEPENDENT,76.6,81.6,reported
2026-07-21,Pasay City,RON 95,PETRON,77.1,78.6,reported
2026-07-21,Pasay City,RON 95,PTT,76.4,76.4,reported
2026-07-21,Pasay City,RON 95,SHELL,84.5,86.0,reported
2026-07-21,Pasay City,RON 95,TOTAL,88.28,88.28,reported
2026-07-21,Pasay City,RON 97,SHELL,87.4,87.6,reported
2026-07-21,Pasig City,DIESEL,CALTEX,85.55,91.5,reported
2026-07-21,Pasig City,DIESEL,FLYING,79.5,81.6,reported
2026-07-21,Pasig City,DIESEL,INDEPENDENT,83.3,84.5,reported
2026-07-21,Pasig City,DIESEL,PETRON,83.6,86.8,reported
2026-07-21,Pasig City,DIESEL,PHOENIX,86.0,86.6,reported
2026-07-21,Pasig City,DIESEL,SEAOIL,82.3,83.4,reported
2026-07-21,Pasig City,DIESEL,SHELL,85.5,88.6,reported
2026-07-21,Pasig City,DIESEL,TOTAL,86.23,86.23,reported
2026-07-21,Pasig City,DIESEL,UNIOIL,84.1,87.1,reported
2026-07-21,Pasig City,DIESEL PLUS,PETRON,86.6,89.8,reported
2026-07-21,Pasig City,DIESEL PLUS,SHELL,92.4,94.1,reported
2026-07-21,Pasig City,KEROSENE,PETRON,116.4,116.4,reported
2026-07-21,Pasig City,RON 100,PETRON,84.0,85.5,reported
2026-07-21,Pasig City,RON 91,CALTEX,76.1,78.5,reported
2026-07-21,Pasig City,RON 91,FLYING,70.4,73.3,reported
2026-07-21,Pasig City,RON 91,INDEPENDENT,73.4,74.1,reported
2026-07-21,Pasig City,RON 91,PETRON,73.0,74.5,reported
2026-07-21,Pasig City,RON 91,PHOENIX,73.4,81.28,reported
2026-07-21,Pasig City,RON 91,SEAOIL,74.5,76.4,reported
2026-07-21,Pasig City,RON 91,SHELL,75.5,77.1,reported
2026-07-21,Pasig City,RON 91,TOTAL,81.28,81.28,reported
2026-07-21,Pasig City,RON 91,UNIOIL,73.0,74.5,reported
2026-07-21,Pasig City,RON 95,CALTEX,81.78,93.1,reported
2026-07-21,Pasig City,RON 95,FLYING,71.4,73.8,reported
2026-07-21,Pasig City,RON 95,INDEPENDENT,74.49,75.1,reported
2026-07-21,Pasig City,RON 95,PETRON,74.0,75.5,reported
2026-07-21,Pasig City,RON 95,PHOENIX,74.4,76.5,reported
2026-07-21,Pasig City,RON 95,SHELL,82.2,83.98,reported
2026-07-21,Pasig City,RON 95,UNIOIL,76.0,77.5,reported
2026-07-21,Pasig City,RON 97,SEAOIL,76.0,77.4,reported
2026-07-21,Pasig City,RON 97,SHELL,88.5,89.2,reported
2026-07-21,Quezon City,DIESEL,CALTEX,86.3,87.5,reported
2026-07-21,Quezon City,DIESEL,FLYING,79.4,82.8,reported
2026-07-21,Quezon City,DIESEL,INDEPENDENT,79.45,81.8,reported
2026-07-21,Quezon City,DIESEL,PETRON,83.6,86.9,reported
2026-07-21,Quezon City,DIESEL,PHOENIX,87.1,87.7,reported
2026-07-21,Quezon City,DIESEL,PTT,81.0,81.0,reported
2026-07-21,Quezon City,DIESEL,SEAOIL,80.6,83.69,reported
2026-07-21,Quezon City,DIESEL,SHELL,86.9,88.6,reported
2026-07-21,Quezon City,DIESEL,UNIOIL,84.7,85.1,reported
2026-07-21,Quezon City,DIESEL PLUS,PETRON,86.5,99.3,reported
2026-07-21,Quezon City,DIESEL PLUS,SHELL,93.3,94.6,reported
2026-07-21,Quezon City,KEROSENE,PETRON,116.5,117.9,reported
2026-07-21,Quezon City,RON 100,PETRON,84.1,89.3,reported
2026-07-21,Quezon City,RON 91,CALTEX,79.4,79.4,reported
2026-07-21,Quezon City,RON 91,FLYING,70.3,72.8,reported
2026-07-21,Quezon City,RON 91,INDEPENDENT,70.3,72.6,reported
2026-07-21,Quezon City,RON 91,PETRON,73.1,78.3,reported
2026-07-21,Quezon City,RON 91,PHOENIX,78.6,82.6,reported
2026-07-21,Quezon City,RON 91,PTT,76.5,76.5,reported
2026-07-21,Quezon City,RON 91,SEAOIL,72.1,77.58,reported
2026-07-21,Quezon City,RON 91,SHELL,75.3,80.5,reported
2026-07-21,Quezon City,RON 91,UNIOIL,73.8,79.0,reported
2026-07-21,Quezon City,RON 95,CALTEX,87.1,89.6,reported
2026-07-21,Quezon City,RON 95,FLYING,71.8,73.8,reported
2026-07-21,Quezon City,RON 95,INDEPENDENT,71.5,73.6,reported
2026-07-21,Quezon City,RON 95,PETRON,74.1,82.9,reported
2026-07-21,Quezon City,RON 95,PHOENIX,79.6,84.6,reported
2026-07-21,Quezon City,RON 95,PTT,77.5,77.5,reported
2026-07-21,Quezon City,RON 95,SHELL,80.3,86.4,reported
2026-07-21,Quezon City,RON 95,UNIOIL,76.8,82.0,reported
2026-07-21,Quezon City,RON 97,SEAOIL,73.1,78.59,reported
2026-07-21,Quezon City,RON 97,SHELL,86.9,99.7,reported
2026-07-21,Quezon City,RON 97,UNIOIL,81.8,87.0,reported
2026-07-21,Taguig Cty,DIESEL,CALTEX,83.95,89.59,reported
2026-07-21,Taguig Cty,DIESEL,FLYING,80.0,84.8,reported
2026-07-21,Taguig Cty,DIESEL,INDEPENDENT,79.95,86.98,reported
2026-07-21,Taguig Cty,DIESEL,PETRON,84.6,87.0,reported
2026-07-21,Taguig Cty,DIESEL,SEAOIL,81.2,81.2,reported
2026-07-21,Taguig Cty,DIESEL,SHELL,87.4,88.4,reported
2026-07-21,Taguig Cty,DIESEL PLUS,CALTEX,94.54,94.54,reported
2026-07-21,Taguig Cty,DIESEL PLUS,PETRON,86.6,90.0,reported
2026-07-21,Taguig Cty,DIESEL PLUS,SHELL,92.2,93.3,reported
2026-07-21,Taguig Cty,KEROSENE,CALTEX,125.5,131.88,reported
2026-07-21,Taguig Cty,RON 100,PETRON,86.1,87.6,reported
2026-07-21,Taguig Cty,RON 91,CALTEX,77.95,81.5,reported
2026-07-21,Taguig Cty,RON 91,FLYING,73.8,77.3,reported
2026-07-21,Taguig Cty,RON 91,INDEPENDENT,76.85,84.39,reported
2026-07-21,Taguig Cty,RON 91,PETRON,75.1,78.0,reported
2026-07-21,Taguig Cty,RON 91,SEAOIL,75.1,75.1,reported
2026-07-21,Taguig Cty,RON 91,SHELL,78.1,79.6,reported
2026-07-21,Taguig Cty,RON 95,CALTEX,77.95,89.9,reported
2026-07-21,Taguig Cty,RON 95,FLYING,74.3,77.8,reported
2026-07-21,Taguig Cty,RON 95,INDEPENDENT,77.85,84.59,reported
2026-07-21,Taguig Cty,RON 95,PETRON,76.1,79.0,reported
2026-07-21,Taguig Cty,RON 95,SEAOIL,76.1,76.1,reported
2026-07-21,Taguig Cty,RON 95,SHELL,83.5,85.3,reported
2026-07-21,Taguig Cty,RON 97,SHELL,86.7,89.5,reported
2026-07-21,Valenzuela City,DIESEL,FLYING,82.2,84.3,reported
2026-07-21,Valenzuela City,DIESEL,INDEPENDENT,84.2,84.2,reported
2026-07-21,Valenzuela City,DIESEL,SHELL,86.3,88.4,reported
2026-07-21,Valenzuela City,RON 91,FLYING,69.6,74.9,reported
2026-07-21,Valenzuela City,RON 91,INDEPENDENT,74.1,74.1,reported
2026-07-21,Valenzuela City,RON 91,SHELL,78.9,79.3,reported
2026-07-21,Valenzuela City,RON 95,FLYING,70.04,75.2,reported
2026-07-21,Valenzuela City,RON 95,INDEPENDENT,75.1,75.1,reported
2026-07-21,Valenzuela City,RON 95,SHELL,83.9,85.3,reported
2026-07-21,Valenzuela City,RON 97,SHELL,95.4,97.5,reported
2026-07-28,Caloocan City,DIESEL,CALTEX,95.7,95.7,reported
2026-07-28,Caloocan City,DIESEL,FLYING,88.3,90.9,reported
2026-07-28,Caloocan City,DIESEL,INDEPENDENT,81.85,90.9,reported
2026-07-28,Caloocan City,DIESEL,PETRON,90.4,95.5,reported
2026-07-28,Caloocan City,DIESEL,SEAOIL,89.66,92.2,reported
2026-07-28,Caloocan City,DIESEL,SHELL,92.8,95.7,reported
2026-07-28,Caloocan City,DIESEL,UNIOIL,94.3,94.3,reported
2026-07-28,Caloocan City,DIESEL PLUS,PETRON,98.5,98.5,reported
2026-07-28,Caloocan City,DIESEL PLUS,SHELL,101.8,102.1,reported
2026-07-28,Caloocan City,KEROSENE,PETRON,117.4,119.1,reported
2026-07-28,Caloocan City,RON 91,CALTEX,85.6,85.6,reported
2026-07-28,Caloocan City,RON 91,FLYING,76.8,80.9,reported
2026-07-28,Caloocan City,RON 91,INDEPENDENT,70.3,82.4,reported
2026-07-28,Caloocan City,RON 91,PETRON,78.5,86.5,reported
2026-07-28,Caloocan City,RON 91,SEAOIL,77.1,85.8,reported
2026-07-28,Caloocan City,RON 91,SHELL,81.4,85.6,reported
2026-07-28,Caloocan City,RON 91,UNIOIL,84.1,84.1,reported
2026-07-28,Caloocan City,RON 95,CALTEX,93.9,93.9,reported
2026-07-28,Caloocan City,RON 95,FLYING,78.3,81.9,reported
2026-07-28,Caloocan City,RON 95,INDEPENDENT,71.8,82.9,reported
2026-07-28,Caloocan City,RON 95,PETRON,79.5,87.5,reported
2026-07-28,Caloocan City,RON 95,SHELL,87.6,93.0,reported
2026-07-28,Caloocan City,RON 95,UNIOIL,87.1,87.1,reported
2026-07-28,Caloocan City,RON 97,SEAOIL,78.6,86.8,reported
2026-07-28,Caloocan City,RON 97,SHELL,97.9,98.5,reported
2026-07-28,Makati City,DIESEL,CALTEX,90.5,93.75,reported
2026-07-28,Makati City,DIESEL,INDEPENDENT,90.7,90.7,reported
2026-07-28,Makati City,DIESEL,PETRON,90.8,94.3,reported
2026-07-28,Makati City,DIESEL,PHOENIX,94.9,94.9,reported
2026-07-28,Makati City,DIESEL,SHELL,93.2,94.3,reported
2026-07-28,Makati City,DIESEL,UNIOIL,91.5,91.8,reported
2026-07-28,Makati City,DIESEL PLUS,CALTEX,91.3,99.55,reported
2026-07-28,Makati City,DIESEL PLUS,PETRON,91.3,94.0,reported
2026-07-28,Makati City,DIESEL PLUS,SHELL,99.7,100.2,reported
2026-07-28,Makati City,RON 100,PETRON,91.8,92.4,reported
2026-07-28,Makati City,RON 91,CALTEX,80.9,89.4,reported
2026-07-28,Makati City,RON 91,INDEPENDENT,80.7,80.7,reported
2026-07-28,Makati City,RON 91,PETRON,80.8,81.4,reported
2026-07-28,Makati City,RON 91,PHOENIX,87.1,87.1,reported
2026-07-28,Makati City,RON 91,SHELL,83.8,84.9,reported
2026-07-28,Makati City,RON 91,UNIOIL,80.8,81.4,reported
2026-07-28,Makati City,RON 95,CALTEX,81.9,94.8,reported
2026-07-28,Makati City,RON 95,INDEPENDENT,81.2,81.2,reported
2026-07-28,Makati City,RON 95,PETRON,81.8,82.4,reported
2026-07-28,Makati City,RON 95,PHOENIX,89.3,89.3,reported
2026-07-28,Makati City,RON 95,SHELL,90.5,90.6,reported
2026-07-28,Makati City,RON 95,UNIOIL,83.8,84.4,reported
2026-07-28,Makati City,RON 97,PHOENIX,99.5,99.5,reported
2026-07-28,Makati City,RON 97,SHELL,94.8,95.8,reported
2026-07-28,Manila City,DIESEL,CALTEX,93.4,95.4,reported
2026-07-28,Manila City,DIESEL,FLYING,88.3,92.8,reported
2026-07-28,Manila City,DIESEL,INDEPENDENT,79.89,90.5,reported
2026-07-28,Manila City,DIESEL,PETRON,89.8,93.5,reported
2026-07-28,Manila City,DIESEL,SEAOIL,89.4,93.9,reported
2026-07-28,Manila City,DIESEL,SHELL,93.0,95.8,reported
2026-07-28,Manila City,DIESEL,TOTAL,93.68,93.68,reported
2026-07-28,Manila City,DIESEL PLUS,PETRON,92.8,96.5,reported
2026-07-28,Manila City,DIESEL PLUS,SHELL,101.6,102.8,reported
2026-07-28,Manila City,DIESEL PLUS,TOTAL,96.38,96.38,reported
2026-07-28,Manila City,KEROSENE,INDEPENDENT,105.0,105.0,reported
2026-07-28,Manila City,KEROSENE,PETRON,118.2,118.5,reported
2026-07-28,Manila City,RON 100,PETRON,90.2,92.4,reported
2026-07-28,Manila City,RON 91,CALTEX,82.4,85.9,reported
2026-07-28,Manila City,RON 91,FLYING,78.4,83.4,reported
2026-07-28,Manila City,RON 91,INDEPENDENT,72.5,79.0,reported
2026-07-28,Manila City,RON 91,PETRON,79.2,81.4,reported
2026-07-28,Manila City,RON 91,SEAOIL,78.9,81.39,reported
2026-07-28,Manila City,RON 91,SHELL,83.0,86.6,reported
2026-07-28,Manila City,RON 91,TOTAL,86.78,86.78,reported
2026-07-28,Manila City,RON 95,CALTEX,87.9,91.6,reported
2026-07-28,Manila City,RON 95,FLYING,79.4,84.4,reported
2026-07-28,Manila City,RON 95,INDEPENDENT,75.5,80.0,reported
2026-07-28,Manila City,RON 95,PETRON,80.2,82.4,reported
2026-07-28,Manila City,RON 95,SHELL,91.6,92.0,reported
2026-07-28,Manila City,RON 95,TOTAL,87.78,87.78,reported
2026-07-28,Manila City,RON 97,SEAOIL,79.9,82.39,reported
2026-07-28,Manila City,RON 97,SHELL,94.5,98.9,reported
2026-07-28,Marikina City,DIESEL,FLYING,88.5,88.5,reported
2026-07-28,Marikina City,DIESEL,INDEPENDENT,83.0,90.0,reported
2026-07-28,Marikina City,DIESEL,PETRON,90.0,90.0,reported
2026-07-28,Marikina City,DIESEL,SEAOIL,87.8,87.8,reported
2026-07-28,Marikina City,DIESEL,SHELL,93.3,93.4,reported
2026-07-28,Marikina City,DIESEL,UNIOIL,90.6,90.6,reported
2026-07-28,Marikina City,DIESEL PLUS,PETRON,93.0,93.0,reported
2026-07-28,Marikina City,DIESEL PLUS,SHELL,99.3,99.3,reported
2026-07-28,Marikina City,KEROSENE,PETRON,113.5,113.5,reported
2026-07-28,Marikina City,RON 100,PETRON,90.5,90.5,reported
2026-07-28,Marikina City,RON 91,FLYING,78.0,78.0,reported
2026-07-28,Marikina City,RON 91,INDEPENDENT,71.1,78.0,reported
2026-07-28,Marikina City,RON 91,PETRON,79.5,79.5,reported
2026-07-28,Marikina City,RON 91,SEAOIL,71.1,71.1,reported
2026-07-28,Marikina City,RON 91,SHELL,81.0,81.0,reported
2026-07-28,Marikina City,RON 91,UNIOIL,80.0,80.0,reported
2026-07-28,Marikina City,RON 95,FLYING,79.0,79.0,reported
2026-07-28,Marikina City,RON 95,INDEPENDENT,72.2,79.0,reported
2026-07-28,Marikina City,RON 95,PETRON,80.5,80.5,reported
2026-07-28,Marikina City,RON 95,SHELL,87.1,87.1,reported
2026-07-28,Marikina City,RON 95,UNIOIL,83.0,83.0,reported
2026-07-28,Marikina City,RON 97,SEAOIL,72.2,72.2,reported
2026-07-28,Marikina City,RON 97,SHELL,89.7,89.7,reported
2026-07-28,Muntinlupa City,DIESEL,CALTEX,96.8,97.2,reported
2026-07-28,Muntinlupa City,DIESEL,FLYING,93.39,93.39,reported
2026-07-28,Muntinlupa City,DIESEL,PETRON,95.8,96.7,reported
2026-07-28,Muntinlupa City,DIESEL,PHOENIX,96.3,96.5,reported
2026-07-28,Muntinlupa City,DIESEL,SEAOIL,95.79,95.8,reported
2026-07-28,Muntinlupa City,DIESEL,SHELL,95.2,98.5,reported
2026-07-28,Muntinlupa City,DIESEL,UNIOIL,95.1,95.1,reported
2026-07-28,Muntinlupa City,DIESEL PLUS,PETRON,98.8,99.7,reported
2026-07-28,Muntinlupa City,DIESEL PLUS,SHELL,100.0,104.5,reported
2026-07-28,Muntinlupa City,KEROSENE,CALTEX,119.76,119.76,reported
2026-07-28,Muntinlupa City,KEROSENE,SEAOIL,120.21,120.21,reported
2026-07-28,Muntinlupa City,RON 100,PETRON,91.8,98.6,reported
2026-07-28,Muntinlupa City,RON 91,CALTEX,84.5,85.0,reported
2026-07-28,Muntinlupa City,RON 91,FLYING,77.2,77.2,reported
2026-07-28,Muntinlupa City,RON 91,PETRON,80.8,81.6,reported
2026-07-28,Muntinlupa City,RON 91,PHOENIX,84.0,92.1,reported
2026-07-28,Muntinlupa City,RON 91,SEAOIL,82.2,83.4,reported
2026-07-28,Muntinlupa City,RON 91,SHELL,83.7,89.1,reported
2026-07-28,Muntinlupa City,RON 91,UNIOIL,81.1,81.1,reported
2026-07-28,Muntinlupa City,RON 95,CALTEX,89.56,90.4,reported
2026-07-28,Muntinlupa City,RON 95,FLYING,78.2,78.2,reported
2026-07-28,Muntinlupa City,RON 95,PETRON,81.8,88.6,reported
2026-07-28,Muntinlupa City,RON 95,PHOENIX,85.0,93.1,reported
2026-07-28,Muntinlupa City,RON 95,SHELL,88.0,95.2,reported
2026-07-28,Muntinlupa City,RON 95,UNIOIL,84.1,84.1,reported
2026-07-28,Muntinlupa City,RON 97,SEAOIL,83.2,84.32,reported
2026-07-28,Muntinlupa City,RON 97,SHELL,91.6,96.9,reported
2026-07-28,Navotas City,DIESEL,CALTEX,91.9,91.9,reported
2026-07-28,Navotas City,DIESEL,FLYING,90.4,90.4,reported
2026-07-28,Navotas City,RON 91,CALTEX,85.0,85.0,reported
2026-07-28,Navotas City,RON 91,FLYING,80.5,80.5,reported
2026-07-28,Navotas City,RON 95,CALTEX,91.0,91.0,reported
2026-07-28,Navotas City,RON 95,FLYING,83.5,83.5,reported
2026-07-28,Parañaque City,DIESEL,CALTEX,95.1,95.37,reported
2026-07-28,Parañaque City,DIESEL,FLYING,89.9,90.5,reported
2026-07-28,Parañaque City,DIESEL,INDEPENDENT,89.9,95.7,reported
2026-07-28,Parañaque City,DIESEL,PETRON,90.6,93.9,reported
2026-07-28,Parañaque City,DIESEL,SEAOIL,89.2,95.5,reported
2026-07-28,Parañaque City,DIESEL,SHELL,94.2,97.0,reported
2026-07-28,Parañaque City,DIESEL,TOTAL,95.58,95.58,reported
2026-07-28,Parañaque City,DIESEL,UNIOIL,94.4,95.7,reported
2026-07-28,Parañaque City,DIESEL PLUS,CALTEX,98.17,98.3,reported
2026-07-28,Parañaque City,DIESEL PLUS,PETRON,93.6,96.9,reported
2026-07-28,Parañaque City,DIESEL PLUS,SHELL,101.4,102.0,reported
2026-07-28,Parañaque City,DIESEL PLUS,TOTAL,98.18,98.18,reported
2026-07-28,Parañaque City,KEROSENE,INDEPENDENT,138.1,138.1,reported
2026-07-28,Parañaque City,RON 100,PETRON,90.4,91.8,reported
2026-07-28,Parañaque City,RON 91,CALTEX,85.7,87.37,reported
2026-07-28,Parañaque City,RON 91,FLYING,78.8,83.6,reported
2026-07-28,Parañaque City,RON 91,INDEPENDENT,78.2,86.8,reported
2026-07-28,Parañaque City,RON 91,PETRON,78.9,82.4,reported
2026-07-28,Parañaque City,RON 91,SEAOIL,79.8,86.5,reported
2026-07-28,Parañaque City,RON 91,SHELL,84.2,89.5,reported
2026-07-28,Parañaque City,RON 91,TOTAL,90.88,90.88,reported
2026-07-28,Parañaque City,RON 91,UNIOIL,77.8,86.8,reported
2026-07-28,Parañaque City,RON 95,CALTEX,91.4,93.2,reported
2026-07-28,Parañaque City,RON 95,FLYING,80.8,84.1,reported
2026-07-28,Parañaque City,RON 95,INDEPENDENT,79.2,89.8,reported
2026-07-28,Parañaque City,RON 95,PETRON,79.9,83.4,reported
2026-07-28,Parañaque City,RON 95,SHELL,89.9,94.9,reported
2026-07-28,Parañaque City,RON 95,TOTAL,93.88,93.88,reported
2026-07-28,Parañaque City,RON 95,UNIOIL,82.8,89.8,reported
2026-07-28,Parañaque City,RON 97,SEAOIL,80.8,87.5,reported
2026-07-28,Parañaque City,RON 97,SHELL,93.6,98.0,reported
2026-07-28,Pasay City,DIESEL,CALTEX,95.11,96.45,reported
2026-07-28,Pasay City,DIESEL,INDEPENDENT,84.99,94.7,reported
2026-07-28,Pasay City,DIESEL,PETRON,90.8,92.9,reported
2026-07-28,Pasay City,DIESEL,PTT,91.4,92.9,reported
2026-07-28,Pasay City,DIESEL,SHELL,92.2,96.9,reported
2026-07-28,Pasay City,DIESEL,TOTAL,98.65,98.65,reported
2026-07-28,Pasay City,DIESEL PLUS,CALTEX,98.59,98.59,reported
2026-07-28,Pasay City,DIESEL PLUS,PETRON,95.9,95.9,reported
2026-07-28,Pasay City,DIESEL PLUS,PTT,92.9,92.9,reported
2026-07-28,Pasay City,DIESEL PLUS,SHELL,98.1,101.7,reported
2026-07-28,Pasay City,DIESEL PLUS,TOTAL,101.65,101.65,reported
2026-07-28,Pasay City,KEROSENE,CALTEX,134.44,134.44,reported
2026-07-28,Pasay City,KEROSENE,PETRON,119.1,119.1,reported
2026-07-28,Pasay City,RON 100,PETRON,93.2,94.4,reported
2026-07-28,Pasay City,RON 91,CALTEX,85.7,91.11,reported
2026-07-28,Pasay City,RON 91,INDEPENDENT,76.99,87.4,reported
2026-07-28,Pasay City,RON 91,PETRON,80.9,83.4,reported
2026-07-28,Pasay City,RON 91,PTT,81.4,82.2,reported
2026-07-28,Pasay City,RON 91,SHELL,84.4,86.5,reported
2026-07-28,Pasay City,RON 91,TOTAL,94.08,94.08,reported
2026-07-28,Pasay City,RON 95,CALTEX,90.7,99.13,reported
2026-07-28,Pasay City,RON 95,INDEPENDENT,77.6,88.4,reported
2026-07-28,Pasay City,RON 95,PETRON,81.9,84.4,reported
2026-07-28,Pasay City,RON 95,PTT,82.2,82.4,reported
2026-07-28,Pasay City,RON 95,SHELL,90.1,91.6,reported
2026-07-28,Pasay City,RON 95,TOTAL,95.08,95.08,reported
2026-07-28,Pasay City,RON 97,SHELL,94.2,94.4,reported
2026-07-28,Pasig City,DIESEL,CALTEX,92.85,98.8,reported
2026-07-28,Pasig City,DIESEL,FLYING,88.3,89.9,reported
2026-07-28,Pasig City,DIESEL,INDEPENDENT,83.3,91.8,reported
2026-07-28,Pasig City,DIESEL,PETRON,89.0,92.5,reported
2026-07-28,Pasig City,DIESEL,PHOENIX,88.12,91.3,reported
2026-07-28,Pasig City,DIESEL,SEAOIL,89.6,90.4,reported
2026-07-28,Pasig City,DIESEL,SHELL,92.8,95.9,reported
2026-07-28,Pasig City,DIESEL,TOTAL,88.12,88.12,reported
2026-07-28,Pasig City,DIESEL,UNIOIL,91.4,94.4,reported
2026-07-28,Pasig City,DIESEL PLUS,PETRON,92.0,95.5,reported
2026-07-28,Pasig City,DIESEL PLUS,SHELL,95.5,101.2,reported
2026-07-28,Pasig City,KEROSENE,PETRON,118.5,118.5,reported
2026-07-28,Pasig City,RON 100,PETRON,89.5,91.9,reported
2026-07-28,Pasig City,RON 91,CALTEX,82.9,85.3,reported
2026-07-28,Pasig City,RON 91,FLYING,79.2,80.0,reported
2026-07-28,Pasig City,RON 91,INDEPENDENT,73.8,80.9,reported
2026-07-28,Pasig City,RON 91,PETRON,78.5,80.9,reported
2026-07-28,Pasig City,RON 91,PHOENIX,79.2,84.43,reported
2026-07-28,Pasig City,RON 91,SEAOIL,79.5,83.2,reported
2026-07-28,Pasig City,RON 91,SHELL,81.0,82.8,reported
2026-07-28,Pasig City,RON 91,TOTAL,84.43,84.43,reported
2026-07-28,Pasig City,RON 91,UNIOIL,79.8,81.3,reported
2026-07-28,Pasig City,RON 95,CALTEX,88.49,99.9,reported
2026-07-28,Pasig City,RON 95,FLYING,80.2,80.6,reported
2026-07-28,Pasig City,RON 95,INDEPENDENT,74.8,81.9,reported
2026-07-28,Pasig City,RON 95,PETRON,79.5,81.9,reported
2026-07-28,Pasig City,RON 95,PHOENIX,80.6,81.2,reported
2026-07-28,Pasig City,RON 95,SHELL,86.7,88.5,reported
2026-07-28,Pasig City,RON 95,UNIOIL,82.8,84.3,reported
2026-07-28,Pasig City,RON 97,SEAOIL,78.59,84.2,reported
2026-07-28,Pasig City,RON 97,SHELL,90.2,90.6,reported
2026-07-28,Quezon City,DIESEL,CALTEX,93.3,95.1,reported
2026-07-28,Quezon City,DIESEL,FLYING,88.3,90.0,reported
2026-07-28,Quezon City,DIESEL,INDEPENDENT,81.2,90.39,reported
2026-07-28,Quezon City,DIESEL,PETRON,86.5,95.0,reported
2026-07-28,Quezon City,DIESEL,PHOENIX,94.4,95.0,reported
2026-07-28,Quezon City,DIESEL,PTT,89.6,89.6,reported
2026-07-28,Quezon City,DIESEL,SEAOIL,87.9,90.99,reported
2026-07-28,Quezon City,DIESEL,SHELL,93.9,95.9,reported
2026-07-28,Quezon City,DIESEL,UNIOIL,92.0,92.4,reported
2026-07-28,Quezon City,DIESEL PLUS,PETRON,93.9,98.0,reported
2026-07-28,Quezon City,DIESEL PLUS,SHELL,101.5,101.9,reported
2026-07-28,Quezon City,KEROSENE,PETRON,116.5,120.0,reported
2026-07-28,Quezon City,RON 100,PETRON,89.3,91.6,reported
2026-07-28,Quezon City,RON 91,CALTEX,83.9,86.0,reported
2026-07-28,Quezon City,RON 91,FLYING,76.8,79.6,reported
2026-07-28,Quezon City,RON 91,INDEPENDENT,69.7,76.3,reported
2026-07-28,Quezon City,RON 91,PETRON,78.3,85.8,reported
2026-07-28,Quezon City,RON 91,PHOENIX,85.4,89.4,reported
2026-07-28,Quezon City,RON 91,PTT,83.2,83.2,reported
2026-07-28,Quezon City,RON 91,SEAOIL,72.5,80.79,reported
2026-07-28,Quezon City,RON 91,SHELL,82.1,87.3,reported
2026-07-28,Quezon City,RON 91,UNIOIL,80.6,85.8,reported
2026-07-28,Quezon City,RON 95,CALTEX,92.4,95.3,reported
2026-07-28,Quezon City,RON 95,FLYING,78.3,80.6,reported
2026-07-28,Quezon City,RON 95,INDEPENDENT,71.2,77.8,reported
2026-07-28,Quezon City,RON 95,PETRON,79.3,86.8,reported
2026-07-28,Quezon City,RON 95,PHOENIX,86.4,91.4,reported
2026-07-28,Quezon City,RON 95,PTT,84.2,84.2,reported
2026-07-28,Quezon City,RON 95,SHELL,87.1,93.2,reported
2026-07-28,Quezon City,RON 95,UNIOIL,83.6,88.8,reported
2026-07-28,Quezon City,RON 97,SEAOIL,73.59,81.79,reported
2026-07-28,Quezon City,RON 97,SHELL,90.1,96.0,reported
2026-07-28,Quezon City,RON 97,UNIOIL,86.6,93.8,reported
2026-07-28,Taguig Cty,DIESEL,CALTEX,93.9,96.89,reported
2026-07-28,Taguig Cty,DIESEL,FLYING,88.5,93.3,reported
2026-07-28,Taguig Cty,DIESEL,INDEPENDENT,88.5,93.89,reported
2026-07-28,Taguig Cty,DIESEL,PETRON,90.6,92.1,reported
2026-07-28,Taguig Cty,DIESEL,SEAOIL,88.5,88.5,reported
2026-07-28,Taguig Cty,DIESEL,SHELL,94.1,95.4,reported
2026-07-28,Taguig Cty,DIESEL PLUS,CALTEX,101.84,101.84,reported
2026-07-28,Taguig Cty,DIESEL PLUS,PETRON,93.6,95.1,reported
2026-07-28,Taguig Cty,DIESEL PLUS,SHELL,98.9,100.6,reported
2026-07-28,Taguig Cty,KEROSENE,CALTEX,125.5,136.1,reported
2026-07-28,Taguig Cty,RON 100,PETRON,92.1,92.2,reported
2026-07-28,Taguig Cty,RON 91,CALTEX,84.1,88.3,reported
2026-07-28,Taguig Cty,RON 91,FLYING,79.2,84.1,reported
2026-07-28,Taguig Cty,RON 91,INDEPENDENT,79.2,89.59,reported
2026-07-28,Taguig Cty,RON 91,PETRON,81.1,82.8,reported
2026-07-28,Taguig Cty,RON 91,SEAOIL,81.9,81.9,reported
2026-07-28,Taguig Cty,RON 91,SHELL,84.9,85.6,reported
2026-07-28,Taguig Cty,RON 95,CALTEX,84.6,96.7,reported
2026-07-28,Taguig Cty,RON 95,FLYING,80.2,84.6,reported
2026-07-28,Taguig Cty,RON 95,INDEPENDENT,80.2,89.99,reported
2026-07-28,Taguig Cty,RON 95,PETRON,82.1,83.8,reported
2026-07-28,Taguig Cty,RON 95,SEAOIL,82.9,82.9,reported
2026-07-28,Taguig Cty,RON 95,SHELL,90.3,90.8,reported
2026-07-28,Taguig Cty,RON 97,SHELL,92.7,93.5,reported
2026-07-28,Valenzuela City,DIESEL,FLYING,90.7,93.2,reported
2026-07-28,Valenzuela City,DIESEL,INDEPENDENT,91.5,91.5,reported
2026-07-28,Valenzuela City,DIESEL,SHELL,93.6,93.8,reported
2026-07-28,Valenzuela City,RON 91,FLYING,74.9,80.8,reported
2026-07-28,Valenzuela City,RON 91,INDEPENDENT,80.9,80.9,reported
2026-07-28,Valenzuela City,RON 91,SHELL,85.7,86.1,reported
2026-07-28,Valenzuela City,RON 95,FLYING,75.34,81.3,reported
2026-07-28,Valenzuela City,RON 95,INDEPENDENT,81.9,81.9,reported
2026-07-28,Valenzuela City,RON 95,SHELL,90.7,92.1,reported
2026-07-28,Valenzuela City,RON 97,SHELL,98.6,99.0,reported
2026-08-04,Caloocan City,DIESEL,FLYING,85.3,90.3,reported
2026-08-04,Caloocan City,DIESEL,INDEPENDENT,80.0,89.8,reported
2026-08-04,Caloocan City,DIESEL,PETRON,88.4,93.9,reported
2026-08-04,Caloocan City,DIESEL,SEAOIL,87.85,91.6,reported
2026-08-04,Caloocan City,DIESEL,SHELL,90.3,93.4,reported
2026-08-04,Caloocan City,DIESEL,UNIOIL,92.1,92.1,reported
2026-08-04,Caloocan City,DIESEL PLUS,PETRON,95.3,95.3,reported
2026-08-04,Caloocan City,DIESEL PLUS,SHELL,98.2,101.2,reported
2026-08-04,Caloocan City,KEROSENE,PETRON,115.3,117.0,reported
2026-08-04,Caloocan City,RON 91,FLYING,73.25,76.27,reported
2026-08-04,Caloocan City,RON 91,INDEPENDENT,70.0,78.2,reported
2026-08-04,Caloocan City,RON 91,PETRON,77.8,82.8,reported
2026-08-04,Caloocan City,RON 91,SEAOIL,77.37,85.07,reported
2026-08-04,Caloocan City,RON 91,SHELL,80.7,83.3,reported
2026-08-04,Caloocan City,RON 91,UNIOIL,81.2,81.2,reported
2026-08-04,Caloocan City,RON 95,FLYING,73.95,77.27,reported
2026-08-04,Caloocan City,RON 95,INDEPENDENT,71.5,78.7,reported
2026-08-04,Caloocan City,RON 95,PETRON,78.8,83.8,reported
2026-08-04,Caloocan City,RON 95,SHELL,86.9,89.9,reported
2026-08-04,Caloocan City,RON 95,UNIOIL,84.2,84.2,reported
2026-08-04,Caloocan City,RON 97,SEAOIL,78.37,86.07,reported
2026-08-04,Caloocan City,RON 97,SHELL,97.2,97.8,reported
2026-08-04,Makati City,DIESEL,CALTEX,90.5,92.1,reported
2026-08-04,Makati City,DIESEL,INDEPENDENT,88.6,88.6,reported
2026-08-04,Makati City,DIESEL,PETRON,88.0,89.4,reported
2026-08-04,Makati City,DIESEL,PHOENIX,94.3,94.3,reported
2026-08-04,Makati City,DIESEL,SHELL,91.2,92.2,reported
2026-08-04,Makati City,DIESEL,UNIOIL,89.9,89.9,reported
2026-08-04,Makati City,DIESEL PLUS,CALTEX,91.3,99.05,reported
2026-08-04,Makati City,DIESEL PLUS,PETRON,91.0,92.4,reported
2026-08-04,Makati City,DIESEL PLUS,SHELL,99.1,99.3,reported
2026-08-04,Makati City,RON 100,PETRON,88.6,89.1,reported
2026-08-04,Makati City,RON 91,CALTEX,80.9,87.24,reported
2026-08-04,Makati City,RON 91,INDEPENDENT,76.9,76.9,reported
2026-08-04,Makati City,RON 91,PETRON,77.5,78.1,reported
2026-08-04,Makati City,RON 91,PHOENIX,86.37,86.37,reported
2026-08-04,Makati City,RON 91,SHELL,80.7,82.5,reported
2026-08-04,Makati City,RON 91,UNIOIL,78.6,79.2,reported
2026-08-04,Makati City,RON 95,CALTEX,81.9,89.75,reported
2026-08-04,Makati City,RON 95,INDEPENDENT,77.4,77.4,reported
2026-08-04,Makati City,RON 95,PETRON,78.5,79.1,reported
2026-08-04,Makati City,RON 95,PHOENIX,88.57,88.57,reported
2026-08-04,Makati City,RON 95,SHELL,87.3,88.2,reported
2026-08-04,Makati City,RON 95,UNIOIL,81.6,82.2,reported
2026-08-04,Makati City,RON 97,PHOENIX,98.77,98.77,reported
2026-08-04,Makati City,RON 97,SHELL,89.4,90.3,reported
2026-08-04,Manila City,DIESEL,CALTEX,90.99,92.8,reported
2026-08-04,Manila City,DIESEL,FLYING,87.7,88.8,reported
2026-08-04,Manila City,DIESEL,INDEPENDENT,83.8,88.8,reported
2026-08-04,Manila City,DIESEL,PETRON,89.0,90.0,reported
2026-08-04,Manila City,DIESEL,SEAOIL,87.7,90.2,reported
2026-08-04,Manila City,DIESEL,SHELL,90.7,95.0,reported
2026-08-04,Manila City,DIESEL,TOTAL,91.08,91.08,reported
2026-08-04,Manila City,DIESEL PLUS,PETRON,92.0,93.0,reported
2026-08-04,Manila City,DIESEL PLUS,SHELL,97.9,99.3,reported
2026-08-04,Manila City,DIESEL PLUS,TOTAL,93.78,93.78,reported
2026-08-04,Manila City,KEROSENE,INDEPENDENT,99.0,99.0,reported
2026-08-04,Manila City,KEROSENE,PETRON,116.1,116.4,reported
2026-08-04,Manila City,RON 100,PETRON,89.5,91.0,reported
2026-08-04,Manila City,RON 91,CALTEX,79.97,83.0,reported
2026-08-04,Manila City,RON 91,FLYING,77.67,80.07,reported
2026-08-04,Manila City,RON 91,INDEPENDENT,76.65,77.37,reported
2026-08-04,Manila City,RON 91,PETRON,77.8,80.0,reported
2026-08-04,Manila City,RON 91,SEAOIL,77.57,80.17,reported
2026-08-04,Manila City,RON 91,SHELL,79.8,85.9,reported
2026-08-04,Manila City,RON 91,TOTAL,81.0,81.0,reported
2026-08-04,Manila City,RON 95,CALTEX,85.67,89.0,reported
2026-08-04,Manila City,RON 95,FLYING,78.67,81.07,reported
2026-08-04,Manila City,RON 95,INDEPENDENT,77.65,78.37,reported
2026-08-04,Manila City,RON 95,PETRON,78.8,81.0,reported
2026-08-04,Manila City,RON 95,SHELL,88.0,90.9,reported
2026-08-04,Manila City,RON 95,TOTAL,87.05,87.05,reported
2026-08-04,Manila City,RON 97,SEAOIL,78.67,81.7,reported
2026-08-04,Manila City,RON 97,SHELL,90.5,98.2,reported
2026-08-04,Marikina City,DIESEL,FLYING,87.4,87.4,reported
2026-08-04,Marikina City,DIESEL,INDEPENDENT,82.5,89.4,reported
2026-08-04,Marikina City,DIESEL,PETRON,88.8,88.8,reported
2026-08-04,Marikina City,DIESEL,SEAOIL,87.2,87.2,reported
2026-08-04,Marikina City,DIESEL,SHELL,91.2,92.8,reported
2026-08-04,Marikina City,DIESEL,UNIOIL,90.0,90.0,reported
2026-08-04,Marikina City,DIESEL PLUS,PETRON,91.8,91.8,reported
2026-08-04,Marikina City,DIESEL PLUS,SHELL,96.7,98.7,reported
2026-08-04,Marikina City,KEROSENE,PETRON,113.5,113.5,reported
2026-08-04,Marikina City,RON 100,PETRON,88.9,88.9,reported
2026-08-04,Marikina City,RON 91,FLYING,73.27,73.27,reported
2026-08-04,Marikina City,RON 91,INDEPENDENT,70.0,78.7,reported
2026-08-04,Marikina City,RON 91,PETRON,77.9,77.9,reported
2026-08-04,Marikina City,RON 91,SEAOIL,70.37,70.37,reported
2026-08-04,Marikina City,RON 91,SHELL,80.3,80.3,reported
2026-08-04,Marikina City,RON 91,UNIOIL,78.6,78.6,reported
2026-08-04,Marikina City,RON 95,FLYING,73.97,73.97,reported
2026-08-04,Marikina City,RON 95,INDEPENDENT,71.0,79.7,reported
2026-08-04,Marikina City,RON 95,PETRON,78.9,78.9,reported
2026-08-04,Marikina City,RON 95,SHELL,86.0,86.4,reported
2026-08-04,Marikina City,RON 95,UNIOIL,81.6,81.6,reported
2026-08-04,Marikina City,RON 97,SEAOIL,71.47,71.47,reported
2026-08-04,Marikina City,RON 97,SHELL,88.1,88.1,reported
2026-08-04,Muntinlupa City,DIESEL,CALTEX,96.2,96.8,reported
2026-08-04,Muntinlupa City,DIESEL,FLYING,91.1,91.1,reported
2026-08-04,Muntinlupa City,DIESEL,PETRON,91.3,96.1,reported
2026-08-04,Muntinlupa City,DIESEL,PHOENIX,93.0,95.9,reported
2026-08-04,Muntinlupa City,DIESEL,SEAOIL,92.1,95.79,reported
2026-08-04,Muntinlupa City,DIESEL,SHELL,94.6,97.9,reported
2026-08-04,Muntinlupa City,DIESEL,UNIOIL,94.3,94.3,reported
2026-08-04,Muntinlupa City,DIESEL PLUS,PETRON,94.3,99.1,reported
2026-08-04,Muntinlupa City,DIESEL PLUS,SHELL,98.4,99.3,reported
2026-08-04,Muntinlupa City,KEROSENE,CALTEX,116.86,116.86,reported
2026-08-04,Muntinlupa City,KEROSENE,SEAOIL,118.12,118.12,reported
2026-08-04,Muntinlupa City,RON 100,PETRON,88.0,97.9,reported
2026-08-04,Muntinlupa City,RON 91,CALTEX,82.87,83.77,reported
2026-08-04,Muntinlupa City,RON 91,FLYING,75.97,75.97,reported
2026-08-04,Muntinlupa City,RON 91,PETRON,77.0,86.9,reported
2026-08-04,Muntinlupa City,RON 91,PHOENIX,79.4,91.37,reported
2026-08-04,Muntinlupa City,RON 91,SEAOIL,80.07,82.2,reported
2026-08-04,Muntinlupa City,RON 91,SHELL,82.0,88.4,reported
2026-08-04,Muntinlupa City,RON 91,UNIOIL,79.4,79.4,reported
2026-08-04,Muntinlupa City,RON 95,CALTEX,88.83,88.97,reported
2026-08-04,Muntinlupa City,RON 95,FLYING,76.97,76.97,reported
2026-08-04,Muntinlupa City,RON 95,PETRON,78.0,87.9,reported
2026-08-04,Muntinlupa City,RON 95,PHOENIX,80.4,92.37,reported
2026-08-04,Muntinlupa City,RON 95,SHELL,87.3,94.5,reported
2026-08-04,Muntinlupa City,RON 95,UNIOIL,82.4,82.4,reported
2026-08-04,Muntinlupa City,RON 97,SEAOIL,81.07,83.7,reported
2026-08-04,Muntinlupa City,RON 97,SHELL,90.9,96.2,reported
2026-08-04,Navotas City,DIESEL,CALTEX,91.3,91.3,reported
2026-08-04,Navotas City,DIESEL,FLYING,89.8,89.8,reported
2026-08-04,Navotas City,RON 91,CALTEX,84.3,84.3,reported
2026-08-04,Navotas City,RON 91,FLYING,79.77,79.77,reported
2026-08-04,Navotas City,RON 95,CALTEX,89.3,89.3,reported
2026-08-04,Navotas City,RON 95,FLYING,82.77,82.77,reported
2026-08-04,Parañaque City,DIESEL,CALTEX,94.7,94.97,reported
2026-08-04,Parañaque City,DIESEL,FLYING,87.4,89.0,reported
2026-08-04,Parañaque City,DIESEL,INDEPENDENT,89.3,95.1,reported
2026-08-04,Parañaque City,DIESEL,PETRON,89.4,90.0,reported
2026-08-04,Parañaque City,DIESEL,SEAOIL,88.6,94.0,reported
2026-08-04,Parañaque City,DIESEL,SHELL,92.5,94.7,reported
2026-08-04,Parañaque City,DIESEL,TOTAL,94.98,94.98,reported
2026-08-04,Parañaque City,DIESEL,UNIOIL,87.4,95.1,reported
2026-08-04,Parañaque City,DIESEL PLUS,CALTEX,97.57,97.7,reported
2026-08-04,Parañaque City,DIESEL PLUS,PETRON,92.4,94.0,reported
2026-08-04,Parañaque City,DIESEL PLUS,SHELL,98.4,99.3,reported
2026-08-04,Parañaque City,DIESEL PLUS,TOTAL,97.58,97.58,reported
2026-08-04,Parañaque City,KEROSENE,INDEPENDENT,136.1,136.1,reported
2026-08-04,Parañaque City,RON 100,PETRON,85.3,91.8,reported
2026-08-04,Parañaque City,RON 91,CALTEX,84.97,86.64,reported
2026-08-04,Parañaque City,RON 91,FLYING,74.27,77.17,reported
2026-08-04,Parañaque City,RON 91,INDEPENDENT,76.0,86.1,reported
2026-08-04,Parañaque City,RON 91,PETRON,77.3,78.2,reported
2026-08-04,Parañaque City,RON 91,SEAOIL,78.2,86.0,reported
2026-08-04,Parañaque City,RON 91,SHELL,82.6,86.4,reported
2026-08-04,Parañaque City,RON 91,TOTAL,90.15,90.15,reported
2026-08-04,Parañaque City,RON 91,UNIOIL,78.2,86.1,reported
2026-08-04,Parañaque City,RON 95,CALTEX,89.07,92.47,reported
2026-08-04,Parañaque City,RON 95,FLYING,75.27,78.17,reported
2026-08-04,Parañaque City,RON 95,INDEPENDENT,77.6,89.1,reported
2026-08-04,Parañaque City,RON 95,PETRON,78.3,79.2,reported
2026-08-04,Parañaque City,RON 95,SHELL,88.7,92.1,reported
2026-08-04,Parañaque City,RON 95,TOTAL,93.15,93.15,reported
2026-08-04,Parañaque City,RON 95,UNIOIL,81.2,89.1,reported
2026-08-04,Parañaque City,RON 97,SEAOIL,79.2,87.0,reported
2026-08-04,Parañaque City,RON 97,SHELL,92.9,94.2,reported
2026-08-04,Pasay City,DIESEL,CALTEX,94.71,95.85,reported
2026-08-04,Pasay City,DIESEL,INDEPENDENT,84.39,93.7,reported
2026-08-04,Pasay City,DIESEL,PETRON,87.9,89.5,reported
2026-08-04,Pasay City,DIESEL,PTT,89.4,92.3,reported
2026-08-04,Pasay City,DIESEL,SHELL,91.6,94.1,reported
2026-08-04,Pasay City,DIESEL,TOTAL,98.05,98.05,reported
2026-08-04,Pasay City,DIESEL PLUS,CALTEX,93.3,93.3,reported
2026-08-04,Pasay City,DIESEL PLUS,PETRON,92.5,92.5,reported
2026-08-04,Pasay City,DIESEL PLUS,PTT,92.3,92.3,reported
2026-08-04,Pasay City,DIESEL PLUS,SHELL,97.5,99.3,reported
2026-08-04,Pasay City,DIESEL PLUS,TOTAL,101.05,101.05,reported
2026-08-04,Pasay City,KEROSENE,CALTEX,131.54,131.54,reported
2026-08-04,Pasay City,KEROSENE,PETRON,117.0,117.0,reported
2026-08-04,Pasay City,RON 100,PETRON,87.6,88.4,reported
2026-08-04,Pasay City,RON 91,CALTEX,84.97,90.38,reported
2026-08-04,Pasay City,RON 91,INDEPENDENT,74.4,81.5,reported
2026-08-04,Pasay City,RON 91,PETRON,76.6,77.5,reported
2026-08-04,Pasay City,RON 91,PTT,78.3,81.5,reported
2026-08-04,Pasay City,RON 91,SHELL,81.7,84.2,reported
2026-08-04,Pasay City,RON 91,TOTAL,93.35,93.35,reported
2026-08-04,Pasay City,RON 95,CALTEX,89.94,98.4,reported
2026-08-04,Pasay City,RON 95,INDEPENDENT,76.3,82.5,reported
2026-08-04,Pasay City,RON 95,PETRON,77.6,78.5,reported
2026-08-04,Pasay City,RON 95,PTT,79.3,81.5,reported
2026-08-04,Pasay City,RON 95,SHELL,87.4,90.8,reported
2026-08-04,Pasay City,RON 95,TOTAL,94.35,94.35,reported
2026-08-04,Pasay City,RON 97,SHELL,89.5,93.7,reported
2026-08-04,Pasig City,DIESEL,CALTEX,91.5,98.2,reported
2026-08-04,Pasig City,DIESEL,FLYING,86.7,88.5,reported
2026-08-04,Pasig City,DIESEL,INDEPENDENT,82.7,88.8,reported
2026-08-04,Pasig City,DIESEL,PETRON,88.6,89.2,reported
2026-08-04,Pasig City,DIESEL,PHOENIX,88.5,90.0,reported
2026-08-04,Pasig City,DIESEL,SEAOIL,86.2,88.8,reported
2026-08-04,Pasig City,DIESEL,SHELL,90.6,91.6,reported
2026-08-04,Pasig City,DIESEL,TOTAL,90.0,90.0,reported
2026-08-04,Pasig City,DIESEL,UNIOIL,89.3,90.6,reported
2026-08-04,Pasig City,DIESEL PLUS,PETRON,91.7,92.2,reported
2026-08-04,Pasig City,DIESEL PLUS,SHELL,96.8,97.4,reported
2026-08-04,Pasig City,KEROSENE,PETRON,116.4,116.4,reported
2026-08-04,Pasig City,RON 100,PETRON,89.0,90.4,reported
2026-08-04,Pasig City,RON 91,CALTEX,81.2,84.57,reported
2026-08-04,Pasig City,RON 91,FLYING,73.07,78.07,reported
2026-08-04,Pasig City,RON 91,INDEPENDENT,73.07,79.39,reported
2026-08-04,Pasig City,RON 91,PETRON,76.6,79.4,reported
2026-08-04,Pasig City,RON 91,PHOENIX,77.9,79.17,reported
2026-08-04,Pasig City,RON 91,SEAOIL,77.0,78.07,reported
2026-08-04,Pasig City,RON 91,SHELL,79.6,81.7,reported
2026-08-04,Pasig City,RON 91,TOTAL,79.17,79.17,reported
2026-08-04,Pasig City,RON 91,UNIOIL,78.1,80.9,reported
2026-08-04,Pasig City,RON 95,CALTEX,86.2,99.17,reported
2026-08-04,Pasig City,RON 95,FLYING,74.07,78.77,reported
2026-08-04,Pasig City,RON 95,INDEPENDENT,74.07,79.89,reported
2026-08-04,Pasig City,RON 95,PETRON,77.6,80.4,reported
2026-08-04,Pasig City,RON 95,PHOENIX,78.9,79.9,reported
2026-08-04,Pasig City,RON 95,SHELL,86.0,87.4,reported
2026-08-04,Pasig City,RON 95,UNIOIL,81.1,84.9,reported
2026-08-04,Pasig City,RON 97,SEAOIL,78.0,81.77,reported
2026-08-04,Pasig City,RON 97,SHELL,89.5,89.9,reported
2026-08-04,Quezon City,DIESEL,CALTEX,92.7,95.1,reported
2026-08-04,Quezon City,DIESEL,FLYING,81.5,87.9,reported
2026-08-04,Quezon City,DIESEL,INDEPENDENT,81.25,85.3,reported
2026-08-04,Quezon City,DIESEL,PETRON,88.4,89.1,reported
2026-08-04,Quezon City,DIESEL,PHOENIX,91.4,94.4,reported
2026-08-04,Quezon City,DIESEL,PTT,88.0,88.0,reported
2026-08-04,Quezon City,DIESEL,SEAOIL,84.0,88.6,reported
2026-08-04,Quezon City,DIESEL,SHELL,90.3,95.3,reported
2026-08-04,Quezon City,DIESEL,UNIOIL,90.8,91.4,reported
2026-08-04,Quezon City,DIESEL PLUS,PETRON,91.4,92.1,reported
2026-08-04,Quezon City,DIESEL PLUS,SHELL,100.9,101.3,reported
2026-08-04,Quezon City,KEROSENE,PETRON,116.5,117.9,reported
2026-08-04,Quezon City,RON 100,PETRON,88.8,92.2,reported
2026-08-04,Quezon City,RON 91,CALTEX,83.2,85.3,reported
2026-08-04,Quezon City,RON 91,FLYING,73.27,77.37,reported
2026-08-04,Quezon City,RON 91,INDEPENDENT,68.9,73.42,reported
2026-08-04,Quezon City,RON 91,PETRON,77.8,81.2,reported
2026-08-04,Quezon City,RON 91,PHOENIX,78.3,88.7,reported
2026-08-04,Quezon City,RON 91,PTT,82.0,82.0,reported
2026-08-04,Quezon City,RON 91,SEAOIL,71.77,76.66,reported
2026-08-04,Quezon City,RON 91,SHELL,79.3,86.6,reported
2026-08-04,Quezon City,RON 91,UNIOIL,79.9,82.1,reported
2026-08-04,Quezon City,RON 95,CALTEX,91.7,94.6,reported
2026-08-04,Quezon City,RON 95,FLYING,73.97,78.37,reported
2026-08-04,Quezon City,RON 95,INDEPENDENT,69.9,74.42,reported
2026-08-04,Quezon City,RON 95,PETRON,78.8,82.2,reported
2026-08-04,Quezon City,RON 95,PHOENIX,79.3,90.7,reported
2026-08-04,Quezon City,RON 95,PTT,83.0,83.0,reported
2026-08-04,Quezon City,RON 95,SHELL,86.4,92.5,reported
2026-08-04,Quezon City,RON 95,UNIOIL,82.9,85.1,reported
2026-08-04,Quezon City,RON 97,SEAOIL,72.77,77.66,reported
2026-08-04,Quezon City,RON 97,SHELL,89.4,95.3,reported
2026-08-04,Quezon City,RON 97,UNIOIL,88.6,93.8,reported
2026-08-04,Taguig Cty,DIESEL,CALTEX,90.9,96.29,reported
2026-08-04,Taguig Cty,DIESEL,FLYING,87.9,90.5,reported
2026-08-04,Taguig Cty,DIESEL,INDEPENDENT,87.9,92.89,reported
2026-08-04,Taguig Cty,DIESEL,PETRON,88.4,89.2,reported
2026-08-04,Taguig Cty,DIESEL,SEAOIL,87.4,87.4,reported
2026-08-04,Taguig Cty,DIESEL,SHELL,91.0,92.2,reported
2026-08-04,Taguig Cty,DIESEL PLUS,CALTEX,101.24,101.24,reported
2026-08-04,Taguig Cty,DIESEL PLUS,PETRON,91.4,92.2,reported
2026-08-04,Taguig Cty,DIESEL PLUS,SHELL,96.8,98.9,reported
2026-08-04,Taguig Cty,KEROSENE,CALTEX,125.5,133.2,reported
2026-08-04,Taguig Cty,RON 100,PETRON,89.8,90.4,reported
2026-08-04,Taguig Cty,RON 91,CALTEX,79.5,87.57,reported
2026-08-04,Taguig Cty,RON 91,FLYING,78.07,78.27,reported
2026-08-04,Taguig Cty,RON 91,INDEPENDENT,78.07,86.49,reported
2026-08-04,Taguig Cty,RON 91,PETRON,78.8,79.4,reported
2026-08-04,Taguig Cty,RON 91,SEAOIL,78.3,78.3,reported
2026-08-04,Taguig Cty,RON 91,SHELL,80.8,82.4,reported
2026-08-04,Taguig Cty,RON 95,CALTEX,80.5,95.97,reported
2026-08-04,Taguig Cty,RON 95,FLYING,78.77,79.27,reported
2026-08-04,Taguig Cty,RON 95,INDEPENDENT,78.75,86.89,reported
2026-08-04,Taguig Cty,RON 95,PETRON,79.8,80.4,reported
2026-08-04,Taguig Cty,RON 95,SEAOIL,79.3,79.3,reported
2026-08-04,Taguig Cty,RON 95,SHELL,87.3,89.6,reported
2026-08-04,Taguig Cty,RON 97,SHELL,90.4,92.0,reported
2026-08-04,Valenzuela City,DIESEL,FLYING,86.4,92.2,reported
2026-08-04,Valenzuela City,DIESEL,INDEPENDENT,89.9,89.9,reported
2026-08-04,Valenzuela City,DIESEL,SHELL,93.0,93.2,reported
2026-08-04,Valenzuela City,DIESEL PLUS,SHELL,98.8,101.6,reported
2026-08-04,Valenzuela City,RON 91,FLYING,73.17,79.27,reported
2026-08-04,Valenzuela City,RON 91,INDEPENDENT,77.2,77.2,reported
2026-08-04,Valenzuela City,RON 91,SHELL,85.0,85.4,reported
2026-08-04,Valenzuela City,RON 95,FLYING,73.61,79.77,reported
2026-08-04,Valenzuela City,RON 95,INDEPENDENT,78.2,78.2,reported
2026-08-04,Valenzuela City,RON 95,SHELL,90.0,91.4,reported
2026-08-04,Valenzuela City,RON 97,SHELL,98.0,98.2,reported
